1630597330.954834 -5.034410 0.359958 0.019046 0.014737 -0.009092 -0.275669 0.961097
1630597331.058472 -5.034405 0.359962 0.019044 0.014711 -0.009076 -0.275665 0.961098
1630597331.162232 -5.034407 0.359958 0.019043 0.014726 -0.009074 -0.275658 0.961100
1630597331.265869 -5.034416 0.359960 0.019045 0.014731 -0.009112 -0.275648 0.961103
1630597331.369629 -5.034401 0.359959 0.019047 0.014721 -0.009052 -0.275653 0.961102
1630597331.473389 -5.034412 0.359961 0.019044 0.014724 -0.009100 -0.275647 0.961103
1630597331.577026 -5.034408 0.359964 0.019042 0.014708 -0.009091 -0.275653 0.961102
1630597331.680908 -5.034406 0.359962 0.019045 0.014717 -0.009079 -0.275645 0.961104
1630597331.784424 -5.034412 0.359958 0.019045 0.014737 -0.009101 -0.275649 0.961102
1630597331.888184 -5.034399 0.359954 0.019044 0.014733 -0.009042 -0.275646 0.961104
1630597331.991943 -5.034414 0.359954 0.019042 0.014752 -0.009094 -0.275650 0.961102
1630597332.095581 -5.034404 0.359956 0.019046 0.014734 -0.009065 -0.275649 0.961103
1630597332.199463 -5.034407 0.359956 0.019046 0.014738 -0.009074 -0.275667 0.961097
1630597332.303101 -5.034410 0.359951 0.019043 0.014757 -0.009086 -0.275669 0.961096
1630597332.406738 -5.034394 0.359944 0.019043 0.014766 -0.009017 -0.275664 0.961098
1630597332.510498 -5.034406 0.359951 0.019045 0.014755 -0.009073 -0.275659 0.961100
1630597332.614258 -5.034396 0.359953 0.019046 0.014735 -0.009033 -0.275657 0.961101
1630597332.717896 -5.034406 0.359949 0.019043 0.014761 -0.009064 -0.275667 0.961097
1630597332.821533 -5.034400 0.359945 0.019044 0.014770 -0.009040 -0.275675 0.961095
1630597332.925293 -5.034400 0.359941 0.019045 0.014788 -0.009033 -0.275664 0.961098
1630597333.028931 -5.034410 0.359948 0.019044 0.014770 -0.009079 -0.275669 0.961096
1630597333.132568 -5.034399 0.359949 0.019043 0.014751 -0.009043 -0.275662 0.961099
1630597333.236328 -5.034403 0.359951 0.019044 0.014750 -0.009056 -0.275654 0.961101
1630597333.339966 -5.034405 0.359943 0.019044 0.014780 -0.009055 -0.275660 0.961099
1630597333.443604 -5.034401 0.359954 0.019044 0.014737 -0.009048 -0.275656 0.961101
1630597333.547363 -5.034409 0.359957 0.019043 0.014735 -0.009085 -0.275671 0.961096
1630597333.651123 -5.034398 0.359954 0.019045 0.014736 -0.009040 -0.275671 0.961097
1630597333.754761 -5.034403 0.359954 0.019045 0.014741 -0.009063 -0.275661 0.961099
1630597333.858399 -5.034410 0.359962 0.019044 0.014720 -0.009093 -0.275663 0.961099
1630597333.962158 -5.034390 0.359964 0.019045 0.014683 -0.009017 -0.275656 0.961102
1630597334.065918 -5.034397 0.359963 0.019044 0.014703 -0.009051 -0.275651 0.961103
1630597334.169678 -5.034380 0.359948 0.019044 0.014731 -0.008960 -0.275662 0.961100
1630597334.273438 -5.034373 0.359974 0.019045 0.014637 -0.008967 -0.275649 0.961105
1630597334.376953 -5.034396 0.359958 0.019045 0.014719 -0.009029 -0.275673 0.961096
1630597334.480713 -5.034379 0.359963 0.019046 0.014677 -0.008976 -0.275672 0.961098
1630597334.584473 -5.034380 0.359961 0.019046 0.014689 -0.008987 -0.275681 0.961095
1630597334.688110 -5.034402 0.359962 0.019039 0.014720 -0.009041 -0.275641 0.961105
1630597334.791870 -5.034568 0.360113 0.018966 0.014678 -0.009119 -0.275544 0.961133
1630597334.895508 -5.034718 0.360388 0.018850 0.014641 -0.009192 -0.275563 0.961128
1630597334.999268 -5.034726 0.360807 0.018728 0.014532 -0.009250 -0.275692 0.961092
1630597335.103027 -5.034199 0.361327 0.018546 0.014569 -0.009418 -0.275871 0.961038
1630597335.206543 -5.031829 0.362115 0.018125 0.014647 -0.009593 -0.276062 0.960980
1630597335.310303 -5.026376 0.363667 0.017661 0.014816 -0.009899 -0.276257 0.960919
1630597335.414063 -5.017403 0.366198 0.017807 0.014792 -0.009906 -0.276558 0.960832
1630597335.517700 -5.007131 0.369488 0.019083 0.014406 -0.009557 -0.276862 0.960754
1630597335.621460 -4.996915 0.372685 0.019929 0.014046 -0.009441 -0.277229 0.960655
1630597335.725098 -4.985665 0.374944 0.020079 0.014224 -0.009488 -0.277700 0.960516
1630597335.828858 -4.972907 0.377215 0.020560 0.014264 -0.009375 -0.278263 0.960353
1630597335.932617 -4.958586 0.379955 0.021059 0.014314 -0.009300 -0.278966 0.960149
1630597336.036133 -4.941893 0.383490 0.021419 0.014289 -0.009383 -0.279847 0.959892
1630597336.139893 -4.921334 0.387560 0.021739 0.014270 -0.009544 -0.280917 0.959579
1630597336.243652 -4.894763 0.392206 0.021887 0.014336 -0.009860 -0.282381 0.959145
1630597336.347290 -4.859891 0.397580 0.022278 0.014573 -0.010024 -0.284202 0.958601
1630597336.450928 -4.815648 0.405241 0.023400 0.014320 -0.010036 -0.286438 0.957939
1630597336.554810 -4.761489 0.415193 0.025188 0.013843 -0.010015 -0.289392 0.957058
1630597336.658569 -4.698155 0.424372 0.027740 0.013822 -0.009788 -0.292697 0.956055
1630597336.762207 -4.627221 0.431257 0.030555 0.014396 -0.009433 -0.296539 0.954865
1630597336.865967 -4.549038 0.437090 0.032803 0.015552 -0.009308 -0.301294 0.953359
1630597336.969849 -4.462347 0.443680 0.034746 0.016617 -0.009355 -0.306374 0.951720
1630597337.073486 -4.366211 0.453308 0.036631 0.016866 -0.009522 -0.311775 0.949959
1630597337.177246 -4.259430 0.466821 0.038291 0.016033 -0.009924 -0.317894 0.947939
1630597337.281006 -4.142557 0.481206 0.039573 0.014861 -0.010481 -0.324524 0.945703
1630597337.384644 -4.015969 0.492909 0.040624 0.014221 -0.010951 -0.331312 0.943351
1630597337.488281 -3.879183 0.500536 0.042040 0.014202 -0.011023 -0.338189 0.940907
1630597337.592041 -3.732611 0.504782 0.044373 0.014759 -0.010661 -0.345216 0.938347
1630597337.695557 -3.577463 0.505886 0.047561 0.015633 -0.009964 -0.352069 0.935791
1630597337.799317 -3.412928 0.506680 0.050740 0.016205 -0.009249 -0.358742 0.933250
1630597337.902832 -3.240175 0.510068 0.053302 0.016033 -0.008869 -0.365342 0.930693
1630597338.006592 -3.058627 0.515339 0.055339 0.014917 -0.008967 -0.371646 0.928211
1630597338.110108 -2.868753 0.517879 0.057843 0.014061 -0.008673 -0.377356 0.925921
1630597338.213745 -2.669914 0.514077 0.061747 0.013989 -0.007744 -0.382144 0.923964
1630597338.317383 -2.462891 0.505403 0.067027 0.014749 -0.005992 -0.386151 0.922298
1630597338.420899 -2.249737 0.497747 0.071847 0.015235 -0.004654 -0.389511 0.920884
1630597338.524536 -2.031158 0.493942 0.075160 0.015141 -0.004362 -0.392118 0.919780
1630597338.627930 -1.806705 0.492892 0.077549 0.014362 -0.004430 -0.393820 0.919065
1630597338.731690 -1.574476 0.492464 0.078941 0.013469 -0.004774 -0.394869 0.918626
1630597338.835327 -1.334255 0.490265 0.080611 0.013104 -0.004793 -0.395534 0.918345
1630597338.938965 -1.085109 0.485147 0.083115 0.013112 -0.004161 -0.395812 0.918229
1630597339.042725 -0.827762 0.478875 0.085625 0.013487 -0.003599 -0.395875 0.918198
1630597339.146607 -0.562834 0.475188 0.088190 0.013397 -0.003374 -0.395944 0.918171
1630597339.250366 -0.290893 0.473789 0.090600 0.012661 -0.003527 -0.395788 0.918248
1630597339.354248 -0.011343 0.471775 0.092481 0.012371 -0.003482 -0.395488 0.918381
1630597339.458130 0.275863 0.469978 0.093656 0.011843 -0.003465 -0.395076 0.918566
1630597339.562012 0.570273 0.468034 0.095768 0.011553 -0.003186 -0.394458 0.918836
1630597339.665772 0.871118 0.467874 0.098300 0.010731 -0.003009 -0.393677 0.919181
1630597339.769653 1.177770 0.467744 0.100482 0.010469 -0.003154 -0.392907 0.919513
1630597339.873413 1.489524 0.466771 0.101930 0.010736 -0.003537 -0.391873 0.919950
1630597339.977173 1.808728 0.464889 0.103159 0.011051 -0.003483 -0.390442 0.920554
1630597340.080811 2.134750 0.466280 0.104972 0.011090 -0.003084 -0.388807 0.921248
1630597340.184570 2.466258 0.474882 0.107803 0.009979 -0.003628 -0.386663 0.922160
1630597340.288086 2.802855 0.489300 0.110048 0.007750 -0.004771 -0.384280 0.923172
1630597340.391846 3.146110 0.505043 0.111709 0.005633 -0.005591 -0.381980 0.924137
1630597340.495484 3.494467 0.518903 0.112820 0.004451 -0.006329 -0.379981 0.924962
1630597340.598999 3.848788 0.530946 0.115529 0.003743 -0.006246 -0.377999 0.925777
1630597340.702637 4.207828 0.542632 0.119405 0.003718 -0.006076 -0.376166 0.926525
1630597340.806152 4.567912 0.556717 0.123034 0.003668 -0.007131 -0.374534 0.927179
1630597340.909912 4.930637 0.574184 0.127576 0.003080 -0.008753 -0.373288 0.927669
1630597341.013428 5.294870 0.595449 0.132127 0.002009 -0.010790 -0.372375 0.928017
1630597341.117188 5.662994 0.616123 0.135581 0.001450 -0.012745 -0.371778 0.928233
1630597341.220947 6.035982 0.632086 0.138602 0.001993 -0.013668 -0.371152 0.928469
1630597341.324585 6.413260 0.646420 0.141298 0.002838 -0.014505 -0.370691 0.928639
1630597341.428467 6.796978 0.661172 0.145870 0.003724 -0.014444 -0.370223 0.928823
1630597341.532227 7.184659 0.680466 0.153972 0.002951 -0.014609 -0.369768 0.929005
1630597341.636109 7.575679 0.703105 0.164729 0.001735 -0.014835 -0.369287 0.929195
1630597341.739868 7.968960 0.724323 0.175417 0.001344 -0.015061 -0.368685 0.929431
1630597341.843628 8.364314 0.741676 0.184794 0.001845 -0.015211 -0.367946 0.929721
1630597341.947510 8.761982 0.757922 0.192652 0.003253 -0.015584 -0.367205 0.930004
1630597342.051148 9.160942 0.776790 0.200088 0.004065 -0.016494 -0.366154 0.930399
1630597342.154785 9.561953 0.798329 0.208619 0.004953 -0.017809 -0.364453 0.931038
1630597342.258545 9.966851 0.824650 0.219375 0.005046 -0.018891 -0.362537 0.931764
1630597342.362061 10.374407 0.853664 0.231356 0.005039 -0.019576 -0.360467 0.932553
1630597342.465820 10.786916 0.881671 0.242915 0.005519 -0.019596 -0.358158 0.933439
1630597342.569458 11.202956 0.910274 0.253860 0.006119 -0.019145 -0.356178 0.934202
1630597342.673096 11.622268 0.943160 0.264976 0.006118 -0.018678 -0.354460 0.934865
1630597342.776489 12.047692 0.979459 0.277096 0.004866 -0.016801 -0.352756 0.935552
1630597342.880127 12.480323 1.020613 0.288998 0.001863 -0.013418 -0.350971 0.936288
1630597342.983765 12.904038 1.064502 0.303842 -0.000244 -0.012462 -0.349141 0.936987
1630597343.087525 13.313399 1.104687 0.320854 0.000900 -0.015453 -0.347474 0.937562
1630597343.191162 13.718809 1.141326 0.336007 0.002930 -0.018732 -0.345617 0.938184
1630597343.294922 14.127704 1.179213 0.347404 0.004253 -0.019965 -0.343772 0.938831
1630597343.398682 14.535226 1.220958 0.353208 0.005100 -0.020956 -0.342014 0.939447
1630597343.502319 14.936201 1.268219 0.352910 0.005288 -0.024044 -0.340381 0.939965
1630597343.606079 15.338429 1.321241 0.361751 0.003831 -0.025117 -0.339132 0.940396
1630597343.709961 15.746117 1.374166 0.388103 0.000408 -0.022322 -0.337217 0.941162
1630597343.813721 16.150133 1.421711 0.417322 -0.001224 -0.018370 -0.335437 0.941883
1630597343.917603 16.543510 1.466919 0.435529 -0.000694 -0.016983 -0.333936 0.942442
1630597344.021362 16.926366 1.513005 0.442491 0.000656 -0.017993 -0.331991 0.943111
1630597344.125000 17.304327 1.562890 0.446848 0.001332 -0.019741 -0.329878 0.943816
1630597344.228760 17.682102 1.617336 0.455006 0.001013 -0.020989 -0.328117 0.944403
1630597344.332520 18.061862 1.673279 0.467611 0.000379 -0.021159 -0.326490 0.944964
1630597344.436157 18.444129 1.728098 0.481403 0.000103 -0.020565 -0.324863 0.945537
1630597344.539795 18.828627 1.781573 0.493566 0.000602 -0.019920 -0.323243 0.946106
1630597344.643555 19.215865 1.836754 0.504323 0.001264 -0.019624 -0.321760 0.946617
1630597344.747315 19.606379 1.895739 0.514732 0.001285 -0.019804 -0.320485 0.947046
1630597344.850830 20.000925 1.957169 0.525976 0.001087 -0.019665 -0.319427 0.947406
1630597344.954590 20.401980 2.019420 0.537961 0.000819 -0.019071 -0.318517 0.947725
1630597345.058106 20.806555 2.080638 0.549409 0.001164 -0.018360 -0.317651 0.948029
1630597345.161865 21.217206 2.142426 0.559691 0.001568 -0.017484 -0.316791 0.948333
1630597345.265503 21.632265 2.205521 0.569450 0.001884 -0.015913 -0.316159 0.948571
1630597345.369141 22.047756 2.272725 0.580108 0.001245 -0.015464 -0.315683 0.948738
1630597345.472901 22.462391 2.342596 0.591873 0.000341 -0.015584 -0.315266 0.948875
1630597345.576660 22.875340 2.412895 0.603557 -0.000474 -0.016289 -0.315037 0.948940
1630597345.680298 23.288381 2.479155 0.614252 -0.000394 -0.016225 -0.315000 0.948953
1630597345.784180 23.702701 2.541425 0.622429 0.000473 -0.015678 -0.315038 0.948949
1630597345.887818 24.113588 2.601893 0.628718 0.001818 -0.015693 -0.314975 0.948968
1630597345.991577 24.523977 2.663598 0.637145 0.003064 -0.015313 -0.315055 0.948945
1630597346.095215 24.932758 2.730197 0.648616 0.002538 -0.015105 -0.315251 0.948885
1630597346.199097 25.339067 2.801110 0.661676 0.000828 -0.015266 -0.315317 0.948863
1630597346.302857 25.741375 2.870043 0.673017 -0.000118 -0.015414 -0.315221 0.948893
1630597346.406616 26.141056 2.933046 0.680739 0.000126 -0.015181 -0.315074 0.948946
1630597346.510254 26.539279 2.991807 0.687568 0.001173 -0.014351 -0.315158 0.948930
1630597346.614014 26.939074 3.048721 0.694447 0.001898 -0.012001 -0.315159 0.948961
1630597346.717774 27.328532 3.102726 0.704313 0.004010 -0.010260 -0.315283 0.948934
1630597346.821289 27.707164 3.161836 0.716728 0.004749 -0.012416 -0.315676 0.948774
1630597346.925049 28.082437 3.221408 0.729408 0.006335 -0.013035 -0.315658 0.948763
1630597347.028565 28.454513 3.283577 0.738965 0.005678 -0.015281 -0.315071 0.948928
1630597347.132324 28.831291 3.338897 0.743914 0.007317 -0.013317 -0.315037 0.948958
1630597347.235962 29.205684 3.395643 0.744953 0.007443 -0.012450 -0.314934 0.949003
1630597347.339600 29.576826 3.451994 0.746593 0.008309 -0.011297 -0.314552 0.949137
1630597347.443360 29.950966 3.512236 0.759895 0.006207 -0.008614 -0.313855 0.949411
1630597347.546997 30.323262 3.575695 0.776335 0.004058 -0.005155 -0.313828 0.949457
1630597347.650757 30.690047 3.643514 0.789566 0.000393 -0.003333 -0.313951 0.949433
1630597347.754517 31.045539 3.706576 0.797631 -0.000921 -0.004071 -0.314128 0.949371
1630597347.858276 31.391247 3.758872 0.799549 0.001480 -0.006374 -0.313989 0.949404
1630597347.962036 31.734165 3.808617 0.800335 0.004115 -0.009226 -0.314085 0.949341
1630597348.065796 32.082348 3.860914 0.801266 0.005277 -0.009503 -0.314613 0.949158
1630597348.169556 32.432342 3.915246 0.803240 0.005724 -0.009323 -0.315106 0.948993
1630597348.273316 32.781774 3.971503 0.804640 0.005604 -0.009325 -0.315600 0.948830
1630597348.377197 33.129535 4.032978 0.804955 0.004217 -0.010969 -0.316092 0.948656
1630597348.480957 33.480237 4.094376 0.810348 0.002584 -0.011102 -0.316358 0.948571
1630597348.584595 33.836355 4.150415 0.821028 0.001621 -0.008943 -0.316384 0.948588
1630597348.688355 34.194905 4.205163 0.833794 0.000461 -0.006204 -0.316894 0.948440
1630597348.791992 34.548503 4.257817 0.840255 0.000696 -0.005601 -0.317313 0.948304
1630597348.895752 34.901264 4.307079 0.840798 0.002236 -0.005919 -0.317336 0.948292
1630597348.999268 35.257617 4.354407 0.839140 0.004043 -0.005231 -0.317595 0.948203
1630597349.103027 35.622619 4.403342 0.837531 0.005157 -0.002742 -0.318571 0.947881
1630597349.206665 35.991323 4.455204 0.838244 0.004508 -0.000270 -0.319191 0.947680
1630597349.310303 36.359994 4.503801 0.840031 0.006468 0.002140 -0.319168 0.947674
1630597349.413941 36.725592 4.561610 0.842763 0.005099 0.001235 -0.319476 0.947580
1630597349.517578 37.089360 4.625882 0.848331 0.003322 -0.000322 -0.320595 0.947211
1630597349.621216 37.454055 4.688781 0.853294 0.001554 -0.002404 -0.320675 0.947185
1630597349.724854 37.820003 4.743313 0.854452 0.002125 -0.004040 -0.320307 0.947303
1630597349.828613 38.187555 4.789537 0.849196 0.005011 -0.005650 -0.320182 0.947326
1630597349.932373 38.559744 4.832078 0.843220 0.009151 -0.006114 -0.320307 0.947250
1630597350.036011 38.937390 4.879454 0.841485 0.011132 -0.005453 -0.320541 0.947154
1630597350.139771 39.319282 4.936575 0.845488 0.010485 -0.004928 -0.321082 0.946980
1630597350.243530 39.702364 5.003442 0.853836 0.006543 -0.005183 -0.321415 0.946901
1630597350.347290 40.085902 5.071385 0.861779 0.003737 -0.005243 -0.321660 0.946833
1630597350.451050 40.471035 5.136137 0.867125 0.000965 -0.005233 -0.321755 0.946808
1630597350.554688 40.856901 5.190800 0.869227 0.001299 -0.004463 -0.322037 0.946716
1630597350.658569 41.244791 5.239187 0.869383 0.002809 -0.003562 -0.322325 0.946618
1630597350.762329 41.633611 5.287628 0.869211 0.004210 -0.002834 -0.322549 0.946539
1630597350.865967 42.022838 5.341191 0.871149 0.004563 -0.002325 -0.322792 0.946456
1630597350.969727 42.413259 5.401285 0.874938 0.003345 -0.002426 -0.323252 0.946304
1630597351.073364 42.803804 5.464520 0.877289 0.000940 -0.003065 -0.323725 0.946146
1630597351.177002 43.195280 5.524487 0.876917 -0.000355 -0.003463 -0.324285 0.945953
1630597351.280762 43.588431 5.576085 0.876282 -0.000118 -0.002914 -0.325039 0.945696
1630597351.384277 43.980649 5.621333 0.875957 0.001548 -0.001963 -0.326397 0.945229
1630597351.488037 44.373405 5.668132 0.876270 0.002386 -0.001177 -0.327729 0.944768
1630597351.591675 44.763754 5.719686 0.878181 0.001682 -0.001095 -0.328838 0.944384
1630597351.695313 45.151825 5.772649 0.879907 0.000864 -0.001444 -0.330008 0.943977
1630597351.798828 45.538057 5.824687 0.879251 -0.000355 -0.001863 -0.331191 0.943562
1630597351.902588 45.922779 5.871054 0.877434 -0.000023 -0.002037 -0.332294 0.943174
1630597352.006348 46.305413 5.911700 0.877447 0.000969 -0.001473 -0.333136 0.942877
1630597352.110108 46.684951 5.951083 0.876931 0.002115 -0.000817 -0.333964 0.942583
1630597352.213867 47.059205 5.993142 0.876869 0.002625 -0.000505 -0.334806 0.942283
1630597352.317505 47.426724 6.037332 0.878258 0.002058 -0.000772 -0.335384 0.942079
1630597352.421265 47.787923 6.077742 0.879272 0.002364 -0.000187 -0.335865 0.941907
1630597352.525025 48.140764 6.112474 0.877511 0.003526 0.000944 -0.336342 0.941733
1630597352.628662 48.483018 6.144012 0.876169 0.005297 0.002518 -0.336014 0.941839
1630597352.732422 48.812768 6.183203 0.877405 0.004984 0.002433 -0.334949 0.942220
1630597352.836182 49.130480 6.230413 0.878126 0.003656 0.000915 -0.334047 0.942549
1630597352.939697 49.443422 6.284861 0.877271 -0.000285 -0.001479 -0.333063 0.942903
1630597353.043457 49.758212 6.335149 0.876109 -0.002888 -0.001800 -0.331547 0.943432
1630597353.147217 50.072979 6.373318 0.876092 -0.002703 -0.000481 -0.330505 0.943800
1630597353.250977 50.386425 6.398821 0.874963 0.000851 0.001712 -0.329836 0.944036
1630597353.354614 50.696609 6.423218 0.872641 0.004493 0.003153 -0.328801 0.944383
1630597353.458252 51.004535 6.456301 0.870931 0.006638 0.003950 -0.327899 0.944681
1630597353.562012 51.310316 6.503410 0.872162 0.005309 0.003636 -0.327745 0.944744
1630597353.665650 51.614416 6.554465 0.874064 0.003069 0.003137 -0.327199 0.944945
1630597353.769409 51.918351 6.601915 0.873402 0.002035 0.003279 -0.325923 0.945388
1630597353.873169 52.217838 6.648754 0.868033 0.001922 0.002215 -0.324876 0.945752
1630597353.976807 52.515418 6.693255 0.863343 0.002473 0.001155 -0.322746 0.946482
1630597354.080567 52.814986 6.734028 0.860762 0.003990 0.001301 -0.319728 0.947500
1630597354.184204 53.115873 6.774765 0.859436 0.006059 0.002363 -0.317654 0.948184
1630597354.287964 53.418170 6.819569 0.857224 0.007310 0.002608 -0.316068 0.948705
1630597354.391602 53.722610 6.867152 0.855560 0.008419 0.003086 -0.313515 0.949541
1630597354.495239 54.029797 6.920256 0.855205 0.008455 0.003239 -0.310396 0.950564
1630597354.599121 54.340670 6.978578 0.853341 0.008444 0.002906 -0.307610 0.951471
1630597354.702637 54.656461 7.040408 0.850022 0.008352 0.002289 -0.304904 0.952344
1630597354.806397 54.983294 7.104429 0.847455 0.008255 0.002415 -0.302127 0.953229
1630597354.910156 55.321860 7.167260 0.844652 0.009418 0.003724 -0.299461 0.954055
1630597355.013794 55.671181 7.230929 0.841255 0.010948 0.005064 -0.296822 0.954857
1630597355.117676 56.032068 7.298549 0.837859 0.012612 0.006695 -0.294093 0.955670
1630597355.221436 56.401965 7.377544 0.835681 0.012711 0.007414 -0.291381 0.956494
1630597355.325073 56.778501 7.472626 0.834714 0.010132 0.006456 -0.288751 0.957329
1630597355.428955 57.167321 7.571340 0.831595 0.007801 0.005708 -0.285970 0.958190
1630597355.532715 57.567052 7.661175 0.826179 0.008378 0.005802 -0.283364 0.958958
1630597355.636231 57.977438 7.744356 0.819446 0.011794 0.006646 -0.281253 0.959538
1630597355.739990 58.401003 7.831280 0.812398 0.015598 0.008647 -0.279223 0.960061
1630597355.843750 58.833908 7.933300 0.806386 0.015806 0.009179 -0.277412 0.960577
1630597355.947266 59.274454 8.050483 0.803319 0.013266 0.010138 -0.276768 0.960792
1630597356.051026 59.713860 8.180456 0.802268 0.008654 0.006812 -0.275706 0.961179
1630597356.154785 60.157434 8.306994 0.802003 0.005954 0.003517 -0.273091 0.961963
1630597356.258301 60.609865 8.424459 0.799003 0.005936 0.002632 -0.270685 0.962646
1630597356.362061 61.071724 8.535827 0.792028 0.008752 0.003854 -0.268706 0.963175
1630597356.465576 61.534427 8.650108 0.782604 0.010951 0.004030 -0.265874 0.963937
1630597356.569336 62.000851 8.775495 0.778702 0.011703 0.004456 -0.262678 0.964802
1630597356.672974 62.467546 8.922565 0.783412 0.007490 0.004195 -0.260209 0.965514
1630597356.776734 62.932895 9.079968 0.787633 0.002106 0.002867 -0.257488 0.966275
1630597356.880371 63.398917 9.227304 0.784495 0.000516 0.001706 -0.253982 0.967207
1630597356.984009 63.869631 9.361614 0.776695 0.002951 0.002744 -0.250931 0.967997
1630597357.087647 64.343071 9.494693 0.770087 0.005842 0.004523 -0.248451 0.968616
1630597357.191406 64.816820 9.637352 0.766681 0.006802 0.005711 -0.245868 0.969263
1630597357.295288 65.289090 9.793419 0.765855 0.005450 0.005886 -0.243919 0.969762
1630597357.399048 65.758243 9.954624 0.764726 0.003460 0.004937 -0.242393 0.970159
1630597357.502686 66.226805 10.110771 0.760532 0.003337 0.003698 -0.240303 0.970685
1630597357.606445 66.697826 10.263577 0.755033 0.004448 0.003018 -0.237969 0.971258
1630597357.710327 67.170019 10.420411 0.750709 0.005589 0.002193 -0.236083 0.971714
1630597357.814209 67.644707 10.582982 0.747134 0.005909 0.001609 -0.234126 0.972187
1630597357.917969 68.122625 10.751115 0.744864 0.004952 0.001040 -0.232295 0.972632
1630597358.021729 68.605139 10.924364 0.742554 0.003413 0.000729 -0.231069 0.972931
1630597358.125366 69.092255 11.101412 0.739575 0.001556 0.000903 -0.230505 0.973070
1630597358.229126 69.584907 11.280676 0.737705 -0.000380 0.001024 -0.230353 0.973106
1630597358.332764 70.082098 11.459281 0.734790 -0.002099 0.000829 -0.230347 0.973106
1630597358.436524 70.587189 11.635346 0.729955 -0.002841 0.001284 -0.230688 0.973023
1630597358.540283 71.098937 11.809058 0.723021 -0.002491 0.002507 -0.231570 0.972812
1630597358.643799 71.615083 11.983879 0.714312 -0.002384 0.003194 -0.232695 0.972542
1630597358.747559 72.137728 12.165560 0.706743 -0.004172 0.003480 -0.234062 0.972206
1630597358.851074 72.663753 12.350315 0.698712 -0.006799 0.002875 -0.236048 0.971713
1630597358.954956 73.199994 12.529005 0.689081 -0.007767 0.003322 -0.238929 0.971000
1630597359.058594 73.745120 12.696206 0.677385 -0.006566 0.005824 -0.242506 0.970110
1630597359.162354 74.291808 12.866275 0.664876 -0.007695 0.004743 -0.246882 0.969003
1630597359.265869 74.840098 13.040081 0.653252 -0.010342 0.002431 -0.252409 0.967562
1630597359.369629 75.400548 13.208667 0.640769 -0.013980 0.000906 -0.257751 0.966110
1630597359.473389 75.971463 13.349896 0.627277 -0.009464 0.002262 -0.262764 0.964811
1630597359.577026 76.546774 13.481857 0.614843 -0.004927 0.002357 -0.268630 0.963228
1630597359.680786 77.131100 13.624738 0.604598 -0.004151 0.001701 -0.275220 0.961371
1630597359.784424 77.722692 13.777649 0.592140 -0.008079 -0.000578 -0.281362 0.959568
1630597359.888184 78.326980 13.915942 0.581743 -0.009734 -0.000564 -0.286659 0.957983
1630597359.991821 78.942779 14.032466 0.576399 -0.008167 0.001917 -0.291752 0.956457
1630597360.095459 79.564413 14.141562 0.568397 -0.005465 0.003857 -0.297789 0.954608
1630597360.199219 80.189959 14.256049 0.554909 -0.005371 0.003127 -0.304237 0.952576
1630597360.302857 80.822304 14.370714 0.540400 -0.007708 0.001619 -0.310216 0.950633
1630597360.406494 81.464772 14.479042 0.529664 -0.009917 0.001242 -0.315871 0.948750
1630597360.510254 82.114322 14.578210 0.520483 -0.013709 0.000322 -0.322031 0.946630
1630597360.613770 82.764016 14.655978 0.510617 -0.010629 0.000659 -0.329022 0.944262
1630597360.717529 83.418373 14.727131 0.499149 -0.009852 -0.001537 -0.336097 0.941775
1630597360.821289 84.082532 14.792217 0.486173 -0.009284 -0.000803 -0.343755 0.939013
1630597360.925049 84.751552 14.851697 0.475944 -0.011200 -0.001845 -0.351306 0.936192
1630597361.028931 85.428824 14.894203 0.472946 -0.011562 -0.000346 -0.358613 0.933415
1630597361.132568 86.111086 14.925461 0.467510 -0.012146 0.001192 -0.367047 0.930122
1630597361.236328 86.797598 14.945457 0.452888 -0.013275 0.002175 -0.376053 0.926501
1630597361.340210 87.489813 14.951033 0.437549 -0.014503 0.003529 -0.385225 0.922702
1630597361.443848 88.184482 14.941064 0.425319 -0.015457 0.005579 -0.394394 0.918794
1630597361.547608 88.878508 14.919020 0.410837 -0.016347 0.006197 -0.403906 0.914633
1630597361.651367 89.569064 14.884459 0.392793 -0.017256 0.004875 -0.413887 0.910152
1630597361.755127 90.255977 14.831774 0.375672 -0.016705 0.003062 -0.423881 0.905559
1630597361.858887 90.939227 14.760815 0.361316 -0.015031 0.000450 -0.433792 0.900887
1630597361.962647 91.623845 14.675129 0.347909 -0.014213 -0.001397 -0.443857 0.895984
1630597362.066162 92.310898 14.576731 0.336225 -0.014825 -0.001459 -0.453850 0.890953
1630597362.169922 93.001397 14.464892 0.329343 -0.016913 -0.000175 -0.463450 0.885961
1630597362.273438 93.685755 14.337844 0.325660 -0.018332 0.001236 -0.472933 0.880907
1630597362.377197 94.360527 14.194579 0.319198 -0.018112 0.000548 -0.482435 0.875744
1630597362.480591 95.021887 14.036373 0.309366 -0.016959 -0.000754 -0.491929 0.870470
1630597362.584229 95.682319 13.863471 0.297144 -0.016303 -0.001517 -0.501525 0.864988
1630597362.687866 96.345180 13.677295 0.287349 -0.016963 0.000102 -0.510851 0.859502
1630597362.791504 97.004370 13.477626 0.283310 -0.018109 0.002279 -0.519870 0.854050
1630597362.895142 97.653564 13.264072 0.280157 -0.018461 0.003067 -0.528885 0.848487
1630597362.998901 98.296117 13.042248 0.269613 -0.020062 0.001934 -0.538313 0.842504
1630597363.102539 98.934699 12.809212 0.253368 -0.022548 0.000788 -0.548360 0.835938
1630597363.206299 99.573889 12.552137 0.239194 -0.023910 0.003711 -0.558565 0.829108
1630597363.310181 100.208321 12.273467 0.229647 -0.025469 0.006722 -0.568715 0.822113
1630597363.413941 100.835426 11.977050 0.216824 -0.025788 0.010627 -0.580052 0.814102
1630597363.517700 101.450378 11.671142 0.199974 -0.027900 0.010051 -0.591743 0.805581
1630597363.621704 102.051681 11.346050 0.179101 -0.027627 0.006654 -0.603726 0.796685
1630597363.725464 102.645480 10.997901 0.160054 -0.027622 0.003295 -0.615564 0.787596
1630597363.829346 103.232709 10.623164 0.140511 -0.025398 0.000498 -0.627588 0.778131
1630597363.933228 103.818939 10.226697 0.129543 -0.025348 -0.000785 -0.639414 0.768444
1630597364.036865 104.398607 9.807917 0.124588 -0.024095 -0.000602 -0.651282 0.758453
1630597364.140625 104.970717 9.369461 0.119816 -0.023520 -0.001068 -0.662974 0.748273
1630597364.244385 105.534590 8.914681 0.114147 -0.024295 -0.002773 -0.674194 0.738149
1630597364.347901 106.094369 8.443213 0.110029 -0.026964 -0.003264 -0.684713 0.728306
1630597364.451416 106.640428 7.952326 0.109519 -0.027883 -0.005008 -0.694418 0.719014
1630597364.555054 107.171681 7.439920 0.112986 -0.026551 -0.007508 -0.703831 0.709832
1630597364.658569 107.693667 6.910755 0.115983 -0.025327 -0.010048 -0.712964 0.700671
1630597364.761963 108.208249 6.362925 0.120867 -0.023686 -0.011345 -0.721632 0.691779
1630597364.865601 108.719191 5.789921 0.131792 -0.021441 -0.009310 -0.728944 0.684174
1630597364.968994 109.225172 5.203116 0.142863 -0.020331 -0.006473 -0.735134 0.677586
1630597365.072510 109.725697 4.605889 0.151956 -0.018946 -0.004794 -0.740738 0.671509
1630597365.176026 110.218606 4.000303 0.157390 -0.018069 -0.005218 -0.745654 0.666068
1630597365.279785 110.706358 3.382129 0.158738 -0.016985 -0.006409 -0.750530 0.660588
1630597365.383301 111.192035 2.753779 0.160782 -0.016983 -0.006717 -0.755486 0.654911
1630597365.487061 111.678585 2.112487 0.166993 -0.018152 -0.006174 -0.760278 0.649315
1630597365.590820 112.160263 1.460006 0.174435 -0.019279 -0.005939 -0.764574 0.644221
1630597365.694702 112.636317 0.795967 0.180056 -0.020161 -0.006941 -0.768246 0.639800
1630597365.798706 113.110312 0.119544 0.185145 -0.020751 -0.007581 -0.771406 0.635959
1630597365.902588 113.586912 -0.564503 0.192129 -0.022699 -0.007516 -0.773986 0.632751
1630597366.006470 114.069330 -1.254725 0.200603 -0.026686 -0.006630 -0.776165 0.629930
1630597366.110474 114.550454 -1.955655 0.208485 -0.029338 -0.004636 -0.778108 0.627428
1630597366.214356 115.024684 -2.663946 0.215720 -0.030548 -0.002630 -0.779806 0.625271
1630597366.318115 115.494512 -3.374855 0.221483 -0.031459 -0.001167 -0.781296 0.623366
1630597366.421997 115.961503 -4.089698 0.223983 -0.031791 -0.000101 -0.782360 0.622014
1630597366.525757 116.424487 -4.806351 0.225345 -0.032038 0.000823 -0.782786 0.621465
1630597366.629395 116.883349 -5.524476 0.226581 -0.030551 0.001082 -0.782751 0.621584
1630597366.733032 117.343992 -6.240787 0.225633 -0.029512 0.001237 -0.782185 0.622346
1630597366.836670 117.808690 -6.955254 0.223727 -0.029126 0.001212 -0.781088 0.623740
1630597366.940064 118.275566 -7.668324 0.222106 -0.028057 0.002109 -0.779561 0.625694
1630597367.043579 118.746976 -8.378880 0.219663 -0.026860 0.002991 -0.777762 0.627977
1630597367.147217 119.223478 -9.083573 0.216650 -0.026568 0.002712 -0.775586 0.630677
1630597367.250610 119.702178 -9.782118 0.212202 -0.025883 0.001897 -0.773096 0.633758
1630597367.354248 120.188248 -10.480067 0.206538 -0.024802 0.001642 -0.770329 0.637162
1630597367.457886 120.686227 -11.174735 0.202202 -0.024450 0.003325 -0.767516 0.640554
1630597367.561401 121.194829 -11.861595 0.197850 -0.026299 0.005470 -0.764532 0.644026
1630597367.665161 121.705767 -12.543944 0.190623 -0.026976 0.006474 -0.761465 0.647612
1630597367.768921 122.213827 -13.218284 0.181449 -0.025972 0.004372 -0.758466 0.651180
1630597367.872681 122.725103 -13.884491 0.172270 -0.024716 0.001004 -0.755705 0.654444
1630597367.976563 123.246649 -14.547049 0.165131 -0.024926 -0.000249 -0.752864 0.657704
1630597368.080444 123.774990 -15.208039 0.164442 -0.024706 -0.000104 -0.749986 0.660992
1630597368.184448 124.308123 -15.867752 0.166273 -0.023701 0.001751 -0.747011 0.664387
1630597368.288208 124.840784 -16.518218 0.164854 -0.021266 0.001745 -0.744258 0.667551
1630597368.392212 125.381921 -17.157682 0.161462 -0.022129 0.001275 -0.741359 0.670743
1630597368.495972 125.924123 -17.785308 0.157381 -0.022767 -0.000804 -0.738459 0.673914
1630597368.599854 126.464842 -18.408342 0.156709 -0.021479 -0.003930 -0.735419 0.677261
1630597368.703613 127.007824 -19.024561 0.159450 -0.020544 -0.006791 -0.732550 0.680369
1630597368.807373 127.559383 -19.634347 0.165654 -0.020055 -0.008406 -0.729821 0.683293
1630597368.911133 128.123421 -20.239852 0.174787 -0.021378 -0.006476 -0.726822 0.686462
1630597369.014771 128.687786 -20.845231 0.184297 -0.021112 -0.003191 -0.723737 0.689746
1630597369.118286 129.251174 -21.443117 0.191339 -0.019612 -0.000396 -0.720751 0.692917
1630597369.221802 129.816928 -22.022463 0.193875 -0.019753 -0.001836 -0.717735 0.696034
1630597369.325318 130.382137 -22.589383 0.193195 -0.020677 -0.004973 -0.714602 0.699208
1630597369.428711 130.948688 -23.153696 0.194468 -0.020729 -0.007536 -0.710869 0.702978
1630597369.532349 131.524908 -23.715718 0.200319 -0.019830 -0.007264 -0.707845 0.706052
1630597369.635864 132.108601 -24.273895 0.209429 -0.019519 -0.004980 -0.704767 0.709152
1630597369.739502 132.695112 -24.828988 0.215762 -0.018707 -0.002226 -0.701609 0.712313
1630597369.843018 133.279283 -25.378953 0.217927 -0.015880 0.000011 -0.698595 0.715341
1630597369.946777 133.863202 -25.914323 0.219010 -0.014308 -0.001503 -0.695538 0.718345
1630597370.050415 134.449879 -26.431429 0.218951 -0.016261 -0.005522 -0.692252 0.721452
1630597370.154175 135.041154 -26.946481 0.216923 -0.016619 -0.008378 -0.688767 0.724744
1630597370.258057 135.642123 -27.465436 0.219929 -0.016242 -0.007132 -0.685128 0.728207
1630597370.361817 136.254716 -27.984654 0.230109 -0.015192 -0.000824 -0.682126 0.731076
1630597370.465576 136.869715 -28.492824 0.237228 -0.015745 0.003951 -0.679182 0.733790
1630597370.569458 137.477488 -28.990283 0.235008 -0.014419 0.004050 -0.676073 0.736683
1630597370.673340 138.081044 -29.477850 0.223268 -0.013040 0.001145 -0.672643 0.739851
1630597370.777222 138.688553 -29.959372 0.210457 -0.011955 -0.001594 -0.669322 0.742874
1630597370.881104 139.306320 -30.437382 0.205391 -0.011830 -0.001585 -0.665857 0.745984
1630597370.984863 139.932293 -30.908418 0.205505 -0.012665 0.000216 -0.662559 0.748902
1630597371.088623 140.559488 -31.372575 0.204392 -0.012945 0.001408 -0.659578 0.751523
1630597371.192139 141.183183 -31.828256 0.200192 -0.013101 0.000905 -0.656512 0.754201
1630597371.295899 141.807565 -32.277217 0.193971 -0.012630 -0.000748 -0.653609 0.756727
1630597371.399658 142.432187 -32.721450 0.188936 -0.011472 -0.002088 -0.650594 0.759336
1630597371.503296 143.058065 -33.159008 0.186803 -0.010848 -0.003181 -0.647468 0.762009
1630597371.606812 143.688011 -33.585578 0.187519 -0.011676 -0.003483 -0.644469 0.764533
1630597371.710449 144.320795 -34.003427 0.188962 -0.013362 -0.003746 -0.641257 0.767201
1630597371.813965 144.951387 -34.417442 0.189680 -0.013572 -0.002792 -0.638078 0.769847
1630597371.917603 145.581313 -34.822208 0.190225 -0.014550 -0.001970 -0.634826 0.772516
1630597372.021240 146.209583 -35.212202 0.190904 -0.016253 -0.001645 -0.631351 0.775325
1630597372.124756 146.830484 -35.589489 0.190168 -0.017382 -0.002172 -0.627432 0.778474
1630597372.228394 147.442347 -35.959422 0.188992 -0.016966 -0.003418 -0.623025 0.782010
1630597372.332031 148.049251 -36.319031 0.188824 -0.016019 -0.004235 -0.618891 0.785302
1630597372.435547 148.654122 -36.662072 0.189706 -0.017195 -0.004941 -0.615024 0.788305
1630597372.539429 149.257152 -36.995581 0.191884 -0.018326 -0.004594 -0.611097 0.791331
1630597372.643067 149.850307 -37.323277 0.194402 -0.017516 -0.003430 -0.606901 0.794577
1630597372.746826 150.432757 -37.641590 0.196766 -0.015249 -0.003163 -0.602249 0.798156
1630597372.850586 151.006812 -37.941251 0.199202 -0.013345 -0.003746 -0.596392 0.802574
1630597372.954468 151.575271 -38.217494 0.201300 -0.013505 -0.005983 -0.588714 0.808206
1630597373.058228 152.137404 -38.475243 0.202081 -0.012910 -0.007669 -0.579657 0.814722
1630597373.161987 152.696367 -38.715236 0.204726 -0.012628 -0.007627 -0.569493 0.821864
1630597373.265625 153.249843 -38.935163 0.209998 -0.012031 -0.006409 -0.558178 0.829609
1630597373.369385 153.796327 -39.130862 0.217758 -0.011673 -0.005443 -0.545751 0.837848
1630597373.472901 154.330257 -39.301171 0.224035 -0.011164 -0.005330 -0.531831 0.846760
1630597373.576538 154.852717 -39.447342 0.226729 -0.010160 -0.005370 -0.515974 0.856527
1630597373.680176 155.363712 -39.566504 0.226988 -0.009324 -0.005767 -0.498786 0.866656
1630597373.783936 155.865804 -39.657383 0.228290 -0.009470 -0.005187 -0.481165 0.876564
1630597373.887451 156.354939 -39.721937 0.230791 -0.010318 -0.003924 -0.463022 0.886278
1630597373.991089 156.827897 -39.762286 0.234247 -0.011476 -0.002925 -0.444035 0.895931
1630597374.094727 157.280698 -39.782608 0.236264 -0.010813 -0.002888 -0.424069 0.905561
1630597374.198486 157.716157 -39.782900 0.235951 -0.009474 -0.003186 -0.403159 0.915075
1630597374.302246 158.135191 -39.758597 0.233830 -0.008962 -0.003548 -0.381535 0.924304
1630597374.406006 158.539324 -39.708003 0.230930 -0.010921 -0.003771 -0.359109 0.933224
1630597374.509766 158.925792 -39.640138 0.229359 -0.011542 -0.004142 -0.336231 0.941700
1630597374.613648 159.296770 -39.559510 0.228961 -0.010856 -0.003763 -0.312326 0.949905
1630597374.717651 159.652743 -39.466791 0.228179 -0.009212 -0.002693 -0.287511 0.957729
1630597374.821411 159.989865 -39.359132 0.227064 -0.006933 -0.001472 -0.262070 0.965023
1630597374.925171 160.308228 -39.231594 0.225113 -0.005407 -0.000953 -0.235440 0.971873
1630597375.029053 160.608277 -39.082339 0.220561 -0.005151 -0.001559 -0.207670 0.978184
1630597375.132813 160.891155 -38.913943 0.216529 -0.006178 -0.003334 -0.178696 0.983879
1630597375.236450 161.161660 -38.734048 0.213369 -0.005848 -0.003792 -0.148896 0.988828
1630597375.340088 161.420998 -38.541236 0.211242 -0.005355 -0.003352 -0.118256 0.992963
1630597375.443848 161.666051 -38.334037 0.208999 -0.004684 -0.002179 -0.087078 0.996188
1630597375.547241 161.892548 -38.113278 0.206315 -0.004179 -0.000978 -0.055025 0.998476
1630597375.650879 162.099756 -37.877850 0.203389 -0.004687 -0.000689 -0.021814 0.999751
1630597375.754639 162.286974 -37.629208 0.200362 -0.005302 -0.000596 0.011261 0.999922
1630597375.858154 162.454922 -37.370148 0.196561 -0.005954 -0.000389 0.043936 0.999017
1630597375.961914 162.603105 -37.101237 0.192130 -0.007214 -0.000981 0.076985 0.997006
1630597376.065430 162.733158 -36.827234 0.187068 -0.007773 -0.000798 0.110067 0.993894
1630597376.169068 162.847678 -36.548728 0.181232 -0.007359 0.000488 0.143271 0.989656
1630597376.272827 162.942487 -36.265014 0.175492 -0.007116 0.001020 0.176137 0.984339
1630597376.376587 163.017814 -35.976120 0.170653 -0.007003 0.002383 0.208680 0.977956
1630597376.480469 163.072571 -35.682054 0.166010 -0.008038 0.003744 0.241574 0.970342
1630597376.584229 163.106552 -35.386699 0.159911 -0.008898 0.005078 0.274166 0.961628
1630597376.687988 163.119108 -35.091634 0.152445 -0.009344 0.005916 0.306214 0.951898
1630597376.791870 163.111154 -34.796736 0.144652 -0.009669 0.006590 0.338073 0.941047
1630597376.895630 163.083773 -34.503672 0.136616 -0.009908 0.007405 0.369796 0.929031
1630597376.999390 163.034906 -34.213490 0.128829 -0.009958 0.007540 0.401212 0.915900
1630597377.103272 162.964698 -33.925247 0.121552 -0.009811 0.007380 0.432451 0.901574
1630597377.207031 162.876757 -33.639331 0.113899 -0.009251 0.008022 0.463598 0.885961
1630597377.310791 162.771669 -33.355296 0.105569 -0.008317 0.009662 0.494787 0.868921
1630597377.414551 162.645601 -33.073843 0.097337 -0.007334 0.011273 0.525884 0.850450
1630597377.518067 162.496980 -32.795422 0.088936 -0.006275 0.013497 0.556558 0.830676
1630597377.621704 162.322251 -32.520548 0.080207 -0.005438 0.015172 0.586951 0.809462
1630597377.725220 162.120912 -32.252602 0.071886 -0.004331 0.016214 0.616601 0.787097
1630597377.828735 161.891559 -31.993508 0.064926 -0.003277 0.016400 0.645436 0.763631
1630597377.932373 161.633947 -31.744619 0.059436 -0.002205 0.015362 0.673367 0.739146
1630597378.035889 161.351398 -31.505091 0.053668 -0.001245 0.014772 0.699712 0.714272
1630597378.139649 161.044088 -31.273489 0.046799 -0.000270 0.014389 0.724091 0.689554
1630597378.243286 160.715191 -31.050801 0.039889 0.000921 0.014531 0.746404 0.665334
1630597378.347168 160.363266 -30.835692 0.034434 0.001413 0.016077 0.766706 0.641796
1630597378.450928 159.986604 -30.633588 0.032399 0.001005 0.016432 0.785115 0.619131
1630597378.554810 159.585755 -30.444764 0.032896 -0.000543 0.016820 0.801730 0.597449
1630597378.658814 159.164984 -30.269691 0.031941 -0.001900 0.017068 0.817057 0.576301
1630597378.762818 158.727404 -30.109638 0.029132 -0.002519 0.017485 0.831114 0.555821
1630597378.866821 158.273537 -29.967621 0.026041 -0.002324 0.018156 0.843724 0.536465
1630597378.970703 157.804587 -29.848341 0.024896 -0.000852 0.016404 0.854918 0.518504
1630597379.074585 157.322295 -29.747549 0.025596 0.001529 0.013593 0.864578 0.502312
1630597379.178467 156.828465 -29.654484 0.025166 0.003396 0.012065 0.872756 0.487995
1630597379.282105 156.325296 -29.565039 0.023316 0.004815 0.012097 0.879521 0.475682
1630597379.385742 155.808487 -29.478620 0.022146 0.004212 0.013732 0.885006 0.465358
1630597379.489380 155.276165 -29.404590 0.024904 0.002499 0.012838 0.889403 0.456937
1630597379.593018 154.733609 -29.346310 0.031019 0.001607 0.009461 0.892943 0.450068
1630597379.696655 154.186112 -29.293688 0.036462 0.001974 0.006704 0.895715 0.444574
1630597379.800171 153.635771 -29.236104 0.039694 0.002600 0.006808 0.897695 0.440558
1630597379.903687 153.083210 -29.170629 0.039161 0.003919 0.010142 0.899203 0.437397
1630597380.007202 152.524016 -29.105793 0.038902 0.005275 0.013692 0.900345 0.434930
1630597380.110596 151.953328 -29.051288 0.041605 0.006406 0.014129 0.900955 0.433636
1630597380.213989 151.370888 -29.005595 0.047532 0.007437 0.010954 0.900938 0.433747
1630597380.317505 150.777394 -28.954461 0.054567 0.006874 0.008055 0.900085 0.435586
1630597380.421143 150.176095 -28.888836 0.062514 0.004739 0.006859 0.898479 0.438936
1630597380.524658 149.573477 -28.808585 0.068297 0.002944 0.008348 0.896261 0.443438
1630597380.628418 148.963862 -28.725058 0.071350 0.002546 0.008109 0.893753 0.448479
1630597380.731934 148.348916 -28.640581 0.072255 0.002608 0.006472 0.891152 0.453651
1630597380.835693 147.730082 -28.549478 0.074214 0.004241 0.005220 0.888437 0.458949
1630597380.939575 147.107535 -28.445305 0.078553 0.006146 0.004733 0.885326 0.464906
1630597381.043335 146.481835 -28.327772 0.081446 0.008679 0.005604 0.881499 0.472074
1630597381.147217 145.847272 -28.199053 0.082391 0.010848 0.005672 0.877081 0.480186
1630597381.251099 145.199723 -28.055648 0.087653 0.010075 0.004366 0.872462 0.488558
1630597381.354859 144.545070 -27.893405 0.097058 0.007471 0.003419 0.867658 0.497093
1630597381.458740 143.889582 -27.712798 0.107683 0.005314 0.003777 0.862734 0.505616
1630597381.562500 143.238106 -27.519933 0.115197 0.004924 0.004580 0.857486 0.514464
1630597381.666260 142.589923 -27.315892 0.118029 0.005959 0.004970 0.852038 0.523422
1630597381.770020 141.944286 -27.096756 0.120284 0.006985 0.005471 0.846644 0.532085
1630597381.873535 141.301348 -26.861427 0.125715 0.006604 0.006560 0.841199 0.540645
1630597381.977173 140.659032 -26.612576 0.132439 0.006027 0.006869 0.835576 0.549299
1630597382.080811 140.020298 -26.349608 0.138327 0.005438 0.007601 0.829876 0.557870
1630597382.184448 139.385167 -26.072084 0.143614 0.005360 0.008371 0.824072 0.566398
1630597382.287842 138.753821 -25.780694 0.147883 0.005070 0.009055 0.818034 0.575076
1630597382.391358 138.124069 -25.474805 0.150780 0.004341 0.009485 0.811829 0.583802
1630597382.495117 137.495019 -25.154083 0.154007 0.003454 0.009529 0.805605 0.592367
1630597382.598511 136.870913 -24.819499 0.157304 0.002053 0.009047 0.799310 0.600848
1630597382.702271 136.251484 -24.466658 0.158679 0.001268 0.009835 0.792926 0.609237
1630597382.805908 135.638737 -24.100634 0.158033 0.001286 0.010424 0.786368 0.617669
1630597382.909668 135.029092 -23.722009 0.156719 0.001702 0.010515 0.779515 0.626293
1630597383.013428 134.424009 -23.330128 0.155871 0.001982 0.009980 0.772742 0.634639
1630597383.117188 133.825514 -22.924021 0.155700 0.002368 0.009224 0.766022 0.642744
1630597383.221069 133.232882 -22.501907 0.154537 0.002174 0.008893 0.759043 0.650976
1630597383.324951 132.647063 -22.062405 0.152249 0.000585 0.009210 0.751988 0.659112
1630597383.428711 132.073484 -21.606918 0.151099 -0.000782 0.011858 0.744830 0.667148
1630597383.532471 131.506291 -21.142483 0.149936 -0.002356 0.011091 0.737883 0.674834
1630597383.636353 130.955577 -20.665835 0.145871 -0.001045 0.013855 0.730929 0.682312
1630597383.740112 130.415431 -20.178654 0.141301 -0.000229 0.015509 0.724395 0.689211
1630597383.843872 129.879761 -19.682514 0.135557 -0.000002 0.016190 0.717575 0.696294
1630597383.947510 129.349028 -19.176959 0.131436 -0.001404 0.015883 0.710775 0.703239
1630597384.051148 128.827571 -18.662025 0.129098 -0.002797 0.014811 0.704447 0.709596
1630597384.155029 128.319403 -18.140402 0.125867 -0.002118 0.014654 0.697790 0.716149
1630597384.258545 127.827601 -17.616592 0.120606 0.001130 0.014430 0.690939 0.722768
1630597384.362305 127.343319 -17.085620 0.114655 0.004400 0.013040 0.684052 0.729304
1630597384.465698 126.866443 -16.549226 0.114237 0.006238 0.010779 0.677262 0.735636
1630597384.569336 126.394662 -16.005358 0.121205 0.007045 0.007158 0.670965 0.741421
1630597384.673096 125.936476 -15.447776 0.128623 0.006380 0.006001 0.665163 0.746647
1630597384.776611 125.495501 -14.880794 0.132312 0.005485 0.008044 0.659848 0.751336
1630597384.880249 125.058196 -14.311847 0.136319 0.003772 0.007971 0.655199 0.755405
1630597384.983765 124.622308 -13.744821 0.141399 0.001509 0.006131 0.650529 0.759455
1630597385.087525 124.198700 -13.177057 0.144857 0.001257 0.005094 0.646305 0.763061
1630597385.191162 123.793565 -12.608136 0.146732 0.003371 0.005589 0.642297 0.766428
1630597385.294922 123.402553 -12.033897 0.145823 0.006402 0.008654 0.638204 0.769792
1630597385.398560 123.017653 -11.455071 0.145094 0.008005 0.011430 0.634831 0.772525
1630597385.502442 122.629565 -10.871959 0.149905 0.006816 0.013103 0.631762 0.775022
1630597385.606323 122.239171 -10.289244 0.158437 0.003955 0.012466 0.628995 0.777299
1630597385.710083 121.856678 -9.707645 0.164283 0.001908 0.012718 0.626426 0.779375
1630597385.814087 121.484853 -9.127039 0.164987 0.002030 0.013873 0.624072 0.781241
1630597385.917847 121.121616 -8.550005 0.163272 0.003703 0.015569 0.622199 0.782695
1630597386.021485 120.758984 -7.975907 0.161762 0.004908 0.016143 0.621052 0.783588
1630597386.125366 120.393726 -7.401988 0.162097 0.005380 0.015913 0.620454 0.784063
1630597386.229004 120.028905 -6.829445 0.164482 0.004761 0.015622 0.619932 0.784486
1630597386.332764 119.664048 -6.257039 0.167549 0.003610 0.015075 0.619579 0.784781
1630597386.436524 119.302348 -5.686796 0.169201 0.003199 0.015139 0.619583 0.784779
1630597386.540039 118.944674 -5.118933 0.169172 0.003166 0.015897 0.619924 0.784494
1630597386.643799 118.586299 -4.550882 0.168384 0.003074 0.016824 0.620481 0.784035
1630597386.747315 118.224091 -3.988570 0.167542 0.002563 0.015942 0.621008 0.783638
1630597386.851074 117.859772 -3.427773 0.167564 0.002281 0.015263 0.621539 0.783231
1630597386.954590 117.498814 -2.867638 0.166709 0.001837 0.015369 0.622295 0.782629
1630597387.058350 117.140099 -2.305648 0.164321 0.002243 0.016595 0.622989 0.782051
1630597387.162110 116.779740 -1.745341 0.161260 0.001962 0.017265 0.623544 0.781595
1630597387.265869 116.415307 -1.187143 0.159616 0.001615 0.017167 0.624213 0.781064
1630597387.369507 116.049574 -0.631782 0.157900 0.001059 0.017061 0.625274 0.780218
1630597387.473145 115.684729 -0.077501 0.155486 0.000882 0.017206 0.626624 0.779131
1630597387.577026 115.319499 0.477778 0.151312 0.000922 0.018109 0.628004 0.777999
1630597387.680786 114.952214 1.031527 0.146626 0.000515 0.019539 0.629420 0.776819
1630597387.784424 114.581383 1.580769 0.143091 0.000168 0.020131 0.631190 0.775367
1630597387.888306 114.206152 2.126470 0.140579 0.000295 0.019814 0.633498 0.773491
1630597387.991943 113.828763 2.668155 0.136772 0.000457 0.019984 0.636212 0.771255
1630597388.095703 113.447635 3.208938 0.130539 0.000423 0.020832 0.639295 0.768680
1630597388.199463 113.062008 3.747760 0.125298 -0.000274 0.021850 0.642822 0.765704
1630597388.303101 112.670065 4.281006 0.122746 -0.001311 0.022553 0.646873 0.762263
1630597388.406860 112.270865 4.806309 0.119961 -0.001593 0.022576 0.651454 0.758350
1630597388.510498 111.865837 5.323620 0.114012 -0.001160 0.022403 0.656434 0.754050
1630597388.614258 111.452078 5.838128 0.105939 -0.001783 0.022575 0.661627 0.749491
1630597388.717774 111.031006 6.349046 0.098214 -0.003809 0.023329 0.666936 0.744740
1630597388.821411 110.602622 6.854773 0.092177 -0.006157 0.024592 0.672643 0.739533
1630597388.925049 110.165789 7.347090 0.086545 -0.007193 0.024438 0.679106 0.733598
1630597389.028687 109.723165 7.822314 0.079228 -0.005633 0.023360 0.686136 0.727077
1630597389.132324 109.280627 8.285553 0.070824 -0.001531 0.024122 0.693422 0.720126
1630597389.235962 108.830545 8.739941 0.064034 0.002457 0.025210 0.701144 0.712569
1630597389.339722 108.364438 9.183233 0.060320 0.004331 0.025654 0.709104 0.704624
1630597389.443360 107.881929 9.612294 0.061556 0.004170 0.024068 0.717519 0.696110
1630597389.547119 107.389913 10.033909 0.068721 0.002314 0.023708 0.726555 0.686695
1630597389.650879 106.892676 10.441574 0.077041 0.001128 0.024053 0.735714 0.676864
1630597389.754639 106.390220 10.830231 0.082518 0.001812 0.024817 0.744914 0.666696
1630597389.858399 105.881828 11.201973 0.084377 0.003243 0.026009 0.754393 0.655900
1630597389.962158 105.365776 11.556753 0.087003 0.004851 0.027537 0.763940 0.644681
1630597390.065918 104.837750 11.885918 0.095788 0.006690 0.025737 0.773412 0.633345
1630597390.169800 104.299630 12.193673 0.109057 0.008773 0.022550 0.782743 0.621875
1630597390.273560 103.763615 12.494878 0.121269 0.011049 0.024491 0.791862 0.610108
1630597390.377319 103.220132 12.783052 0.132256 0.011725 0.025376 0.800941 0.598090
1630597390.480957 102.665867 13.047855 0.148371 0.012250 0.025238 0.809081 0.587027
1630597390.584839 102.101189 13.290498 0.167761 0.011834 0.022632 0.816730 0.576455
1630597390.688599 101.535201 13.524688 0.187243 0.011146 0.021708 0.824470 0.565379
1630597390.792236 100.968750 13.748408 0.203976 0.010243 0.022249 0.831931 0.554338
1630597390.895996 100.393228 13.952447 0.217524 0.009727 0.021286 0.838380 0.544583
1630597390.999878 99.808498 14.143097 0.230951 0.007264 0.018914 0.844550 0.535093
1630597391.103516 99.224882 14.326938 0.243783 0.005487 0.018873 0.850302 0.525927
1630597391.207276 98.640683 14.503654 0.257552 0.003834 0.020704 0.855690 0.517060
1630597391.310913 98.053748 14.663688 0.268165 0.003444 0.021574 0.860974 0.508180
1630597391.414673 97.460394 14.801671 0.274064 0.004106 0.019553 0.866345 0.499047
1630597391.518311 96.862893 14.921715 0.280035 0.005104 0.016018 0.871721 0.489714
1630597391.621948 96.262288 15.037562 0.289857 0.004667 0.015030 0.877030 0.480178
1630597391.725464 95.661495 15.150769 0.299823 0.003684 0.016348 0.882173 0.470626
1630597391.829102 95.059325 15.252877 0.307201 0.003365 0.018608 0.886940 0.461497
1630597391.932617 94.455136 15.332856 0.314489 0.004110 0.018452 0.891453 0.452718
1630597392.036377 93.846068 15.393761 0.323331 0.005202 0.016749 0.896139 0.443428
1630597392.139771 93.236078 15.439943 0.332879 0.006302 0.013741 0.900918 0.433725
1630597392.243530 92.622066 15.481491 0.342493 0.006142 0.012880 0.905453 0.424207
1630597392.347168 92.010309 15.516147 0.354676 0.005906 0.013814 0.909625 0.415159
1630597392.450928 91.401648 15.537218 0.367963 0.007219 0.015241 0.913638 0.406178
1630597392.554688 90.793928 15.540207 0.379708 0.009794 0.015063 0.917594 0.397112
1630597392.658447 90.184780 15.528419 0.388559 0.012160 0.014271 0.921528 0.387859
1630597392.762207 89.572673 15.505240 0.401523 0.013134 0.012898 0.925472 0.378367
1630597392.865845 88.958798 15.473051 0.421790 0.012077 0.012362 0.929186 0.369207
1630597392.969727 88.342666 15.430394 0.441842 0.010613 0.011405 0.932838 0.359960
1630597393.073486 87.726992 15.378236 0.455421 0.008466 0.011052 0.936446 0.350536
1630597393.177246 87.113422 15.311677 0.465711 0.006549 0.010246 0.939792 0.341529
1630597393.280884 86.506419 15.231070 0.479498 0.005657 0.009269 0.942908 0.332877
1630597393.384766 85.903041 15.139100 0.494002 0.005850 0.008792 0.946043 0.323868
1630597393.488526 85.300380 15.038714 0.500950 0.005361 0.007102 0.949160 0.314667
1630597393.592163 84.703324 14.934923 0.503337 0.004118 0.009844 0.951913 0.306181
1630597393.695801 84.112795 14.808837 0.511433 0.005688 0.007590 0.954417 0.298326
1630597393.799561 83.524884 14.671154 0.527213 0.005467 0.005663 0.956726 0.290885
1630597393.903198 82.947351 14.525204 0.537948 0.008535 0.002939 0.958625 0.284528
1630597394.006958 82.375049 14.384362 0.542659 0.010794 0.003482 0.960202 0.279076
1630597394.110718 81.802899 14.242989 0.548641 0.011311 0.004543 0.961437 0.274756
1630597394.214356 81.231562 14.095669 0.557568 0.010073 0.004972 0.962456 0.271206
1630597394.318115 80.663643 13.939676 0.569871 0.009852 0.003270 0.963529 0.267401
1630597394.421875 80.100626 13.775288 0.581499 0.009763 0.000672 0.964427 0.264170
1630597394.525635 79.543696 13.604877 0.591531 0.011225 -0.003578 0.965122 0.261534
1630597394.629395 78.990897 13.442721 0.598673 0.012011 -0.004103 0.965634 0.259596
1630597394.732910 78.438167 13.287898 0.604161 0.013331 -0.002521 0.965926 0.258462
1630597394.836670 77.872763 13.146131 0.607905 0.011178 0.004755 0.966085 0.257938
1630597394.940430 77.305799 12.993113 0.615255 0.013702 0.007066 0.966118 0.257641
1630597395.044068 76.735276 12.818777 0.628750 0.015516 0.005756 0.966138 0.257494
1630597395.147705 76.159023 12.630106 0.644431 0.017233 -0.000567 0.966351 0.256647
1630597395.251343 75.578524 12.457301 0.654901 0.016884 -0.001314 0.966710 0.255315
1630597395.354981 74.992634 12.303383 0.668861 0.013674 0.002483 0.967306 0.253229
1630597395.458618 74.409271 12.141963 0.685026 0.011345 0.004365 0.967465 0.252714
1630597395.562256 73.833043 11.962180 0.696934 0.011938 0.002382 0.967248 0.253543
1630597395.666016 73.263068 11.777666 0.705643 0.013291 -0.001542 0.967269 0.253399
1630597395.769531 72.701533 11.601903 0.716112 0.013628 -0.004083 0.967242 0.253456
1630597395.873169 72.148274 11.437311 0.727803 0.011421 -0.005841 0.966972 0.254560
1630597395.976807 71.609538 11.283392 0.735979 0.010106 -0.006066 0.966791 0.255296
1630597396.080567 71.087190 11.134807 0.740195 0.008834 -0.005715 0.966667 0.255820
1630597396.184204 70.582967 10.986179 0.745367 0.008229 -0.007217 0.966354 0.256984
1630597396.287842 70.095418 10.845268 0.751183 0.007527 -0.008057 0.966015 0.258249
1630597396.391724 69.623422 10.711983 0.755607 0.007110 -0.008151 0.965761 0.259209
1630597396.495484 69.170842 10.583939 0.759162 0.007605 -0.008644 0.965509 0.260115
1630597396.599365 68.735660 10.461385 0.761200 0.008397 -0.008015 0.965236 0.261120
1630597396.703003 68.315857 10.343501 0.762228 0.009277 -0.007793 0.964918 0.262271
1630597396.806763 67.903076 10.231694 0.764500 0.010295 -0.007185 0.964699 0.263055
1630597396.910523 67.496312 10.125617 0.767867 0.009857 -0.005987 0.964517 0.263770
1630597397.014282 67.097999 10.022097 0.771254 0.009798 -0.004546 0.964258 0.264744
1630597397.117920 66.708835 9.919700 0.775772 0.009223 -0.004122 0.964005 0.265693
1630597397.221680 66.327887 9.818341 0.780360 0.008856 -0.004094 0.963805 0.266429
1630597397.325440 65.955311 9.718253 0.783658 0.008743 -0.004412 0.963610 0.267133
1630597397.428955 65.590655 9.618362 0.785323 0.009322 -0.005445 0.963440 0.267706
1630597397.532715 65.230367 9.518358 0.786666 0.009748 -0.007040 0.963333 0.268038
1630597397.636231 64.876237 9.424966 0.790010 0.009114 -0.007054 0.963204 0.268526
1630597397.739990 64.526239 9.338031 0.794741 0.008067 -0.006335 0.963092 0.268977
1630597397.843506 64.182229 9.253505 0.799100 0.007290 -0.005544 0.962965 0.269473
1630597397.947266 63.842816 9.167592 0.801751 0.007526 -0.004858 0.962849 0.269892
1630597398.050781 63.508420 9.077797 0.802825 0.008633 -0.005124 0.962711 0.270345
1630597398.154541 63.174565 8.979675 0.802805 0.010111 -0.008017 0.962619 0.270552
1630597398.258301 62.842026 8.870732 0.800761 0.012099 -0.014022 0.962459 0.270794
1630597398.362061 62.508859 8.763737 0.799897 0.012919 -0.020134 0.962365 0.270704
1630597398.465820 62.179158 8.679025 0.803060 0.012520 -0.020414 0.962225 0.271201
1630597398.569458 61.855396 8.615326 0.808307 0.012002 -0.015236 0.961902 0.272705
1630597398.673218 61.533472 8.555582 0.812712 0.011343 -0.010050 0.961560 0.274176
1630597398.777100 61.213812 8.487719 0.816658 0.010885 -0.007222 0.961300 0.275194
1630597398.880860 60.898947 8.404780 0.818451 0.012045 -0.008443 0.960876 0.276588
1630597398.984497 60.588136 8.314511 0.817020 0.014057 -0.011489 0.960277 0.278456
1630597399.088379 60.281743 8.226660 0.811285 0.016899 -0.013098 0.959590 0.280590
1630597399.192139 59.978321 8.142776 0.807483 0.020746 -0.015494 0.959023 0.282141
1630597399.295899 59.667001 8.073917 0.813157 0.019658 -0.015404 0.958950 0.282473
1630597399.399658 59.352130 8.015288 0.825083 0.015861 -0.013635 0.958904 0.282958
1630597399.503174 59.042703 7.957300 0.833769 0.013390 -0.011204 0.958655 0.284034
1630597399.606934 58.738726 7.894076 0.837674 0.013103 -0.009686 0.958485 0.284676
1630597399.710449 58.438862 7.827189 0.838341 0.013904 -0.008752 0.958364 0.285078
1630597399.814209 58.138313 7.758869 0.837968 0.015171 -0.008814 0.958112 0.285856
1630597399.917725 57.835089 7.696138 0.839643 0.014581 -0.007199 0.957933 0.286532
1630597400.021485 57.528770 7.628674 0.844022 0.014142 -0.008048 0.957571 0.287737
1630597400.125000 57.222174 7.556907 0.846443 0.014461 -0.009023 0.957040 0.289455
1630597400.228760 56.911184 7.484736 0.847550 0.015223 -0.010728 0.956542 0.291001
1630597400.332398 56.592132 7.421205 0.849084 0.014940 -0.010047 0.956078 0.292558
1630597400.436157 56.262248 7.364424 0.851761 0.013861 -0.007829 0.955442 0.294750
1630597400.539917 55.921138 7.308250 0.855695 0.012408 -0.005434 0.954641 0.297450
1630597400.643677 55.568832 7.245264 0.859154 0.011819 -0.005207 0.953751 0.300321
1630597400.747437 55.205734 7.176147 0.861756 0.011599 -0.006391 0.952763 0.303425
1630597400.851318 54.831940 7.107169 0.863191 0.011974 -0.007461 0.951608 0.306992
1630597400.955078 54.445620 7.044660 0.863336 0.011744 -0.007339 0.950328 0.310941
1630597401.058960 54.046436 6.991851 0.864155 0.010656 -0.004961 0.949074 0.314835
1630597401.162720 53.635893 6.945785 0.866628 0.009224 -0.001265 0.947869 0.318524
1630597401.266358 53.213756 6.897990 0.869138 0.008286 0.001365 0.946658 0.322131
1630597401.370239 52.782397 6.838353 0.870944 0.009342 0.001901 0.945658 0.325024
1630597401.473877 52.340985 6.767327 0.873160 0.011684 -0.001102 0.945049 0.326717
1630597401.577515 51.883980 6.697828 0.873422 0.013281 -0.003528 0.944542 0.328103
1630597401.681030 51.409809 6.643048 0.875036 0.011221 -0.001775 0.944170 0.329262
1630597401.784668 50.919668 6.597994 0.878073 0.008048 0.001618 0.944151 0.329412
1630597401.888306 50.416977 6.548415 0.880448 0.004952 0.004897 0.944420 0.328668
1630597401.991699 49.905556 6.474206 0.886529 0.003546 0.002373 0.944502 0.328478
1630597402.095215 49.388549 6.384940 0.890670 0.004408 -0.002797 0.944632 0.328089
1630597402.198853 48.864215 6.302029 0.889720 0.005523 -0.005510 0.945037 0.326871
1630597402.302490 48.331977 6.232405 0.886653 0.005689 -0.004706 0.945597 0.325257
1630597402.406128 47.792016 6.168056 0.882308 0.004978 -0.000836 0.945962 0.324238
1630597402.509888 47.243966 6.093453 0.879914 0.005402 0.000309 0.946242 0.323415
1630597402.613526 46.687246 6.010292 0.880337 0.005451 -0.000035 0.946568 0.322458
1630597402.717407 46.121642 5.921868 0.881094 0.005834 -0.001187 0.947003 0.321170
1630597402.821289 45.548208 5.832259 0.881829 0.005563 -0.001364 0.947392 0.320024
1630597402.925049 44.967899 5.741151 0.880692 0.005578 -0.001900 0.947846 0.318676
1630597403.028931 44.379990 5.649684 0.880089 0.004939 -0.001985 0.948356 0.317164
1630597403.132813 43.786714 5.558641 0.879625 0.004071 -0.001066 0.948890 0.315578
1630597403.236694 43.188877 5.459118 0.880148 0.004366 -0.002203 0.949304 0.314320
1630597403.340454 42.585998 5.351838 0.878585 0.005036 -0.004308 0.949634 0.313291
1630597403.444214 41.975890 5.246138 0.875434 0.004411 -0.004934 0.949924 0.312411
1630597403.548096 41.357143 5.143927 0.872486 0.003443 -0.004701 0.950144 0.311757
1630597403.651856 40.730545 5.038543 0.869090 0.001642 -0.005533 0.950141 0.311766
1630597403.755371 40.102377 4.921941 0.863763 0.002003 -0.009030 0.949925 0.312340
1630597403.859131 39.469805 4.806670 0.858250 0.003233 -0.011453 0.949643 0.313106
1630597403.962647 38.835755 4.704261 0.853854 0.004556 -0.010836 0.949250 0.314304
1630597404.066406 38.200123 4.610915 0.848374 0.006518 -0.007363 0.948765 0.315831
1630597404.169922 37.559460 4.516253 0.841225 0.007524 -0.004871 0.948052 0.317990
1630597404.273682 36.908775 4.417192 0.836786 0.007160 -0.005237 0.947283 0.320274
1630597404.377197 36.252660 4.321687 0.838191 0.005036 -0.006446 0.946709 0.321985
1630597404.480713 35.590971 4.232940 0.843433 0.001397 -0.006392 0.946076 0.323878
1630597404.584473 34.928015 4.151589 0.841843 -0.001426 -0.004466 0.945474 0.325665
1630597404.687988 34.263078 4.068071 0.831565 -0.003010 -0.003938 0.944878 0.327384
1630597404.791748 33.592586 3.978194 0.819170 -0.003978 -0.005716 0.944382 0.328776
1630597404.895264 32.925712 3.884760 0.810879 -0.002515 -0.007711 0.944039 0.329734
1630597404.999024 32.256569 3.796503 0.805384 -0.000850 -0.007866 0.943784 0.330469
1630597405.102661 31.586625 3.718071 0.793375 0.000553 -0.004583 0.943477 0.331406
1630597405.206421 30.904603 3.640284 0.777350 -0.000789 -0.002482 0.943200 0.332214
1630597405.310181 30.206060 3.554481 0.765716 -0.005539 -0.006541 0.942810 0.333219
1630597405.414063 29.501917 3.471716 0.758193 -0.012910 -0.008707 0.942417 0.334077
1630597405.517822 28.809200 3.391972 0.751022 -0.014053 -0.008119 0.942433 0.334002
1630597405.621582 28.126530 3.314379 0.733361 -0.012071 -0.005564 0.942391 0.334248
1630597405.725342 27.445999 3.239452 0.702898 -0.007280 -0.001399 0.942447 0.334273
1630597405.829224 26.753287 3.165054 0.678098 -0.006890 0.001601 0.942764 0.333386
1630597405.932861 26.049175 3.082603 0.667360 -0.009116 0.001916 0.943122 0.332315
1630597406.036743 25.338823 2.988474 0.660015 -0.011658 -0.000965 0.943607 0.330862
1630597406.140381 24.633556 2.891083 0.646552 -0.012312 -0.002760 0.944205 0.329116
1630597406.244141 23.932669 2.796865 0.627527 -0.011355 -0.002266 0.944753 0.327578
1630597406.347901 23.231093 2.704273 0.606440 -0.010253 -0.000784 0.945241 0.326211
1630597406.451416 22.527578 2.608513 0.585352 -0.009986 0.000416 0.945647 0.325043
1630597406.555176 21.817396 2.507361 0.567951 -0.010406 -0.000088 0.945954 0.324133
1630597406.658814 21.103465 2.404317 0.553722 -0.011954 -0.001185 0.946102 0.323644
1630597406.762451 20.388847 2.301716 0.536786 -0.013272 -0.001868 0.946192 0.323330
1630597406.866089 19.674848 2.200628 0.516251 -0.013900 -0.001747 0.946200 0.323279
1630597406.969849 18.959297 2.100944 0.494136 -0.014410 -0.001052 0.946203 0.323250
1630597407.073486 18.243776 2.000427 0.472298 -0.015190 -0.001053 0.946277 0.323000
1630597407.177124 17.529120 1.898089 0.449922 -0.015196 -0.000922 0.946265 0.323033
1630597407.280884 16.812689 1.793649 0.427342 -0.015157 -0.001284 0.946263 0.323039
1630597407.384522 16.091077 1.690166 0.401569 -0.017282 -0.001984 0.946295 0.322835
1630597407.488281 15.368254 1.581570 0.375146 -0.020125 -0.005584 0.946281 0.322670
1630597407.592041 14.664880 1.473790 0.354988 -0.018314 -0.006898 0.946329 0.322612
1630597407.695679 13.979431 1.374535 0.335143 -0.015079 -0.004777 0.946392 0.322632
1630597407.799317 13.306710 1.281312 0.304465 -0.010648 -0.001113 0.946415 0.322776
1630597407.903076 12.632412 1.183442 0.278864 -0.009815 -0.000749 0.946218 0.323379
1630597408.006958 11.954661 1.081249 0.270284 -0.013481 -0.004374 0.946177 0.323339
1630597408.110596 11.292270 0.981370 0.265180 -0.016513 -0.007694 0.946199 0.323072
1630597408.214356 10.650730 0.887201 0.250951 -0.016045 -0.008016 0.946224 0.323015
1630597408.318115 10.026011 0.796921 0.226020 -0.011847 -0.006306 0.946322 0.322947
1630597408.421631 9.408126 0.708826 0.200474 -0.007971 -0.003683 0.946329 0.323085
1630597408.525391 8.784242 0.616410 0.182312 -0.006099 -0.003870 0.946234 0.323401
1630597408.629151 8.155997 0.520674 0.171365 -0.006483 -0.006026 0.946215 0.323418
1630597408.732788 7.530524 0.422069 0.162142 -0.006754 -0.009081 0.946228 0.323303
1630597408.836426 6.912770 0.328007 0.152930 -0.006818 -0.010387 0.946236 0.323238
1630597408.940064 6.305874 0.241328 0.141642 -0.004612 -0.009119 0.946302 0.323123
1630597409.043701 5.705599 0.155649 0.129006 -0.001918 -0.007641 0.946366 0.323000
1630597409.147217 5.108832 0.066044 0.116009 0.000800 -0.007299 0.946281 0.323262
1630597409.251099 4.507518 -0.024595 0.106418 0.001191 -0.007367 0.946159 0.323617
1630597409.354736 3.905254 -0.116997 0.102616 0.000627 -0.010721 0.946287 0.323151
1630597409.458496 3.305218 -0.207814 0.100531 -0.001185 -0.012595 0.946263 0.323150
1630597409.562256 2.713197 -0.297104 0.095914 -0.001459 -0.013839 0.946203 0.323275
1630597409.665894 2.128931 -0.383441 0.087687 -0.000712 -0.013979 0.946313 0.322949
1630597409.769653 1.549998 -0.473330 0.076932 0.001299 -0.014896 0.946433 0.322554
1630597409.873413 0.973521 -0.564683 0.066817 0.002881 -0.015869 0.946386 0.322636
1630597409.977051 0.398708 -0.652663 0.059861 0.003764 -0.017062 0.946454 0.322366
1630597410.080811 -0.175865 -0.736212 0.053618 0.003397 -0.016798 0.946574 0.322032
1630597410.184570 -0.749418 -0.822163 0.046904 0.002581 -0.017803 0.946535 0.322098
1630597410.288330 -1.320575 -0.909791 0.038101 0.001857 -0.018972 0.946458 0.322264
1630597410.392090 -1.890877 -0.996134 0.029492 0.000555 -0.020330 0.946539 0.321949
1630597410.495728 -2.458489 -1.080764 0.020661 -0.001004 -0.021397 0.946658 0.321528
1630597410.599487 -3.021998 -1.165747 0.010240 -0.001640 -0.022119 0.946741 0.321231
1630597410.703125 -3.580267 -1.250535 -0.002554 -0.001297 -0.022407 0.946788 0.321076
1630597410.806885 -4.137481 -1.333879 -0.016891 -0.001058 -0.022347 0.946884 0.320795
1630597410.910645 -4.693895 -1.415799 -0.032042 -0.000716 -0.021542 0.947039 0.320394
1630597411.014282 -5.249830 -1.497852 -0.046188 -0.000467 -0.020650 0.947133 0.320176
1630597411.118042 -5.808702 -1.581967 -0.059480 -0.000387 -0.020101 0.947205 0.319996
1630597411.221680 -6.372912 -1.670217 -0.074374 -0.000206 -0.021926 0.947369 0.319393
1630597411.325440 -6.942732 -1.754026 -0.089833 -0.000860 -0.020682 0.947597 0.318796
1630597411.429077 -7.515692 -1.835626 -0.102943 -0.001094 -0.017831 0.947820 0.318306
1630597411.532715 -8.096866 -1.924041 -0.115375 -0.001194 -0.017058 0.948043 0.317683
1630597411.636475 -8.690628 -2.020129 -0.133767 -0.002337 -0.017821 0.948220 0.317104
1630597411.740112 -9.297036 -2.123124 -0.158179 -0.004762 -0.020521 0.948461 0.316193
1630597411.843994 -9.913972 -2.233444 -0.177641 -0.006781 -0.026063 0.948837 0.314616
1630597411.947510 -10.531334 -2.339627 -0.191231 -0.007737 -0.027425 0.949098 0.313689
1630597412.051270 -11.150104 -2.446185 -0.209189 -0.005653 -0.028325 0.949374 0.312817
1630597412.155029 -11.765777 -2.547366 -0.237856 -0.001426 -0.024525 0.949815 0.311847
1630597412.258789 -12.384003 -2.662092 -0.268297 0.006064 -0.023947 0.949949 0.311426
1630597412.362549 -13.023487 -2.783481 -0.289610 0.008459 -0.026083 0.950167 0.310534
1630597412.466187 -13.679869 -2.900709 -0.303654 0.006679 -0.028054 0.950402 0.309684
1630597412.569824 -14.347005 -3.011043 -0.312921 0.002345 -0.028243 0.950540 0.309307
1630597412.673584 -15.017546 -3.122380 -0.322388 -0.001351 -0.028115 0.950577 0.309212
1630597412.777344 -15.681623 -3.237680 -0.339649 -0.000799 -0.027735 0.950507 0.309463
1630597412.880982 -16.342945 -3.352451 -0.362433 0.002069 -0.026461 0.950464 0.309698
1630597412.984741 -17.012008 -3.464262 -0.386368 0.004301 -0.024034 0.950402 0.310063
1630597413.088501 -17.692154 -3.576928 -0.405575 0.004933 -0.022837 0.950394 0.310171
1630597413.192139 -18.381066 -3.691686 -0.418308 0.004358 -0.022073 0.950377 0.310286
1630597413.295899 -19.078037 -3.806814 -0.429209 0.002887 -0.021219 0.950403 0.310284
1630597413.399536 -19.780102 -3.924622 -0.443815 0.001841 -0.021012 0.950552 0.309848
1630597413.503296 -20.488178 -4.046065 -0.461530 0.001187 -0.021006 0.950639 0.309584
1630597413.606934 -21.201256 -4.166844 -0.477437 -0.000016 -0.020207 0.950784 0.309193
1630597413.710449 -21.918677 -4.285644 -0.493508 -0.000778 -0.018200 0.951026 0.308573
1630597413.814209 -22.643816 -4.406966 -0.513005 -0.001531 -0.016495 0.951138 0.308323
1630597413.917725 -23.374741 -4.529497 -0.532928 -0.002788 -0.014173 0.951356 0.307754
1630597414.021485 -24.114692 -4.655837 -0.550271 -0.004148 -0.013249 0.951758 0.306534
1630597414.125244 -24.857708 -4.784725 -0.567576 -0.004676 -0.011659 0.952162 0.305337
1630597414.229004 -25.602127 -4.914780 -0.586335 -0.003838 -0.008655 0.952605 0.304063
1630597414.332520 -26.350520 -5.049772 -0.604682 -0.002980 -0.006619 0.953055 0.302710
1630597414.436279 -27.108113 -5.194003 -0.621972 -0.002401 -0.005766 0.953413 0.301604
1630597414.540039 -27.874604 -5.345631 -0.635334 -0.002404 -0.007777 0.953855 0.300157
1630597414.643677 -28.646627 -5.496660 -0.647644 -0.003550 -0.007972 0.954293 0.298746
1630597414.747559 -29.421079 -5.655840 -0.661320 -0.002804 -0.009287 0.954709 0.297383
1630597414.851196 -30.192795 -5.823708 -0.676158 0.000404 -0.011054 0.955081 0.296137
1630597414.954956 -30.968261 -5.992486 -0.689537 0.002932 -0.012490 0.955473 0.294799
1630597415.058716 -31.747887 -6.159743 -0.701066 0.005398 -0.012765 0.955847 0.293537
1630597415.162476 -32.533671 -6.330444 -0.710109 0.005933 -0.014040 0.956158 0.292454
1630597415.266235 -33.323876 -6.506927 -0.717186 0.006078 -0.016303 0.956398 0.291547
1630597415.369995 -34.117343 -6.684796 -0.723946 0.004998 -0.018717 0.956687 0.290473
1630597415.473633 -34.909731 -6.864231 -0.734003 0.004631 -0.021737 0.956862 0.289690
1630597415.577515 -35.700174 -7.041046 -0.746059 0.005073 -0.022569 0.956884 0.289549
1630597415.681152 -36.482621 -7.214128 -0.756845 0.007604 -0.021780 0.956866 0.289614
1630597415.784912 -37.263240 -7.385137 -0.768086 0.011320 -0.020306 0.956790 0.289849
1630597415.888550 -38.048354 -7.555595 -0.777319 0.012457 -0.018896 0.956783 0.289921
1630597415.992432 -38.841306 -7.733289 -0.779668 0.012427 -0.021595 0.956885 0.289396
1630597416.095947 -39.637432 -7.908905 -0.779758 0.008929 -0.023804 0.956911 0.289267
1630597416.199707 -40.434578 -8.082823 -0.785534 0.005743 -0.025150 0.956977 0.289013
1630597416.303223 -41.222260 -8.259036 -0.796044 0.004782 -0.026932 0.956923 0.289050
1630597416.406983 -42.002981 -8.431943 -0.809495 0.005942 -0.026330 0.956940 0.289030
1630597416.510498 -42.775524 -8.595782 -0.824608 0.008583 -0.023229 0.957310 0.288002
1630597416.614136 -43.550102 -8.755358 -0.837510 0.008840 -0.018594 0.957697 0.287042
1630597416.717774 -44.329196 -8.921520 -0.845147 0.007929 -0.016878 0.958058 0.285966
1630597416.821411 -45.107811 -9.098115 -0.847206 0.005821 -0.018118 0.958397 0.284802
1630597416.925049 -45.881680 -9.276353 -0.849556 0.004580 -0.018039 0.958763 0.283595
1630597417.028809 -46.646146 -9.452234 -0.856781 0.005140 -0.016885 0.959180 0.282246
1630597417.132446 -47.399164 -9.629273 -0.864900 0.008556 -0.014676 0.959585 0.280905
1630597417.236206 -48.150664 -9.807137 -0.870610 0.010846 -0.012579 0.959918 0.279787
1630597417.339966 -48.901223 -9.985589 -0.871558 0.012460 -0.011654 0.960383 0.278162
1630597417.443726 -49.652502 -10.165832 -0.865917 0.011005 -0.010992 0.960692 0.277179
1630597417.547608 -50.400438 -10.346238 -0.859391 0.008809 -0.010612 0.960955 0.276362
1630597417.651367 -51.139321 -10.526915 -0.855499 0.007569 -0.010600 0.961281 0.275263
1630597417.755005 -51.866589 -10.709720 -0.854445 0.007495 -0.010812 0.961483 0.274550
1630597417.858765 -52.588287 -10.888459 -0.855118 0.006953 -0.010232 0.961614 0.274127
1630597417.962647 -53.304546 -11.059287 -0.856516 0.005022 -0.008495 0.961704 0.273911
1630597418.066284 -54.005411 -11.231840 -0.855459 0.004812 -0.008014 0.961607 0.274272
1630597418.170044 -54.692567 -11.409627 -0.853319 0.006445 -0.009263 0.961351 0.275094
1630597418.273682 -55.367037 -11.584125 -0.854177 0.008419 -0.011118 0.961089 0.275886
1630597418.377442 -56.032538 -11.749048 -0.855014 0.009125 -0.011657 0.960672 0.277292
1630597418.481201 -56.689954 -11.905777 -0.851608 0.008504 -0.011823 0.960068 0.279389
1630597418.584717 -57.333748 -12.054141 -0.847328 0.007356 -0.011840 0.959370 0.281807
1630597418.688477 -57.961870 -12.197714 -0.845737 0.008377 -0.012229 0.958357 0.285189
1630597418.792236 -58.576377 -12.334509 -0.844183 0.009533 -0.012640 0.957057 0.289467
1630597418.895996 -59.179345 -12.461368 -0.842368 0.010491 -0.013027 0.955592 0.294217
1630597418.999512 -59.768686 -12.574814 -0.839877 0.010573 -0.013305 0.953897 0.299653
1630597419.103272 -60.346764 -12.674697 -0.835693 0.010049 -0.012933 0.951855 0.306110
1630597419.207031 -60.910109 -12.763381 -0.830444 0.009484 -0.012928 0.949585 0.313099
1630597419.310547 -61.456881 -12.842685 -0.826036 0.009250 -0.013273 0.947087 0.320568
1630597419.414307 -61.990282 -12.913005 -0.823510 0.009132 -0.014967 0.944216 0.328859
1630597419.518067 -62.510431 -12.964499 -0.820585 0.008125 -0.014342 0.940998 0.338012
1630597419.621704 -63.017809 -12.997460 -0.817554 0.006570 -0.013006 0.937522 0.347620
1630597419.725464 -63.514346 -13.021301 -0.814506 0.005720 -0.012160 0.933600 0.358064
1630597419.829102 -63.999159 -13.044282 -0.813177 0.006457 -0.014191 0.929167 0.369332
1630597419.932861 -64.476220 -13.062513 -0.813229 0.008359 -0.018269 0.924423 0.380840
1630597420.036621 -64.948736 -13.061551 -0.812433 0.008779 -0.021157 0.919452 0.392535
1630597420.140137 -65.413546 -13.035373 -0.810837 0.008215 -0.020849 0.914158 0.404739
1630597420.243897 -65.871939 -12.990967 -0.809881 0.007653 -0.018808 0.908334 0.417753
1630597420.347656 -66.326709 -12.941291 -0.811542 0.008184 -0.019352 0.901886 0.431462
1630597420.451416 -66.781429 -12.888758 -0.814053 0.008520 -0.023030 0.894709 0.445974
1630597420.555176 -67.234857 -12.825106 -0.816629 0.008272 -0.028764 0.886555 0.461655
1630597420.658692 -67.681097 -12.734376 -0.817035 0.006077 -0.032209 0.877304 0.478815
1630597420.762573 -68.115202 -12.610932 -0.814793 0.003040 -0.031495 0.867101 0.497127
1630597420.866333 -68.538187 -12.470130 -0.814873 0.000933 -0.031882 0.855632 0.516601
1630597420.970093 -68.953240 -12.317528 -0.818323 -0.000207 -0.033884 0.843210 0.536515
1630597421.073853 -69.358071 -12.152249 -0.823343 -0.000270 -0.037569 0.830308 0.556037
1630597421.177612 -69.750159 -11.966875 -0.829257 0.000017 -0.040228 0.816793 0.575527
1630597421.281250 -70.126875 -11.754615 -0.834071 -0.001132 -0.040112 0.802712 0.595015
1630597421.385010 -70.488531 -11.517678 -0.837227 -0.003122 -0.038309 0.787913 0.614586
1630597421.488526 -70.837057 -11.268669 -0.843311 -0.004122 -0.038069 0.772141 0.634297
1630597421.592285 -71.175173 -11.008970 -0.851911 -0.003969 -0.039139 0.755689 0.653748
1630597421.695923 -71.501185 -10.733635 -0.858494 -0.004174 -0.040819 0.739070 0.672378
1630597421.799317 -71.816095 -10.438975 -0.860772 -0.005686 -0.042036 0.722016 0.690575
1630597421.903076 -72.122497 -10.127166 -0.863757 -0.007651 -0.044583 0.704147 0.708612
1630597422.006592 -72.412431 -9.797496 -0.869926 -0.009150 -0.046228 0.686164 0.725919
1630597422.110108 -72.680211 -9.447951 -0.877752 -0.009031 -0.045282 0.668262 0.742492
1630597422.213867 -72.930279 -9.081080 -0.884067 -0.007355 -0.043715 0.650217 0.758454
1630597422.317383 -73.172396 -8.699136 -0.887279 -0.006950 -0.043462 0.631856 0.773835
1630597422.421143 -73.405689 -8.300766 -0.891436 -0.006698 -0.044161 0.613797 0.788199
1630597422.524658 -73.623541 -7.888983 -0.898229 -0.005334 -0.044872 0.596334 0.801464
1630597422.628418 -73.827019 -7.460962 -0.903076 -0.004011 -0.045519 0.579229 0.813883
1630597422.732178 -74.014326 -7.014651 -0.902811 -0.003182 -0.044433 0.563390 0.824989
1630597422.835693 -74.186722 -6.553107 -0.898922 -0.002970 -0.041843 0.549315 0.834562
1630597422.939453 -74.345061 -6.079016 -0.894517 -0.001342 -0.038040 0.537226 0.842579
1630597423.042969 -74.499293 -5.596316 -0.891513 -0.000051 -0.036061 0.527102 0.849037
1630597423.146729 -74.655607 -5.101890 -0.889765 0.000283 -0.034841 0.518455 0.854395
1630597423.250244 -74.811710 -4.600803 -0.887196 0.000545 -0.035755 0.511026 0.858821
1630597423.354004 -74.960027 -4.084562 -0.882757 0.000706 -0.034829 0.504940 0.862451
1630597423.457642 -75.099832 -3.552490 -0.876365 -0.000359 -0.032013 0.500594 0.865090
1630597423.561524 -75.240124 -3.008828 -0.872679 -0.001028 -0.029374 0.497424 0.867010
1630597423.665039 -75.387045 -2.459652 -0.870992 -0.001492 -0.028865 0.495180 0.868310
1630597423.768799 -75.540134 -1.900636 -0.867181 -0.002512 -0.029866 0.493717 0.869106
1630597423.872559 -75.694795 -1.333899 -0.864800 -0.002263 -0.031005 0.492436 0.869793
1630597423.976441 -75.848634 -0.755528 -0.865636 -0.001893 -0.031775 0.491282 0.870419
1630597424.080322 -76.001601 -0.164048 -0.868558 -0.001448 -0.031695 0.490127 0.871074
1630597424.184204 -76.157060 0.440350 -0.868954 -0.001909 -0.031503 0.488627 0.871922
1630597424.288208 -76.315141 1.056299 -0.865017 -0.002462 -0.032017 0.487138 0.872735
1630597424.392212 -76.471728 1.680882 -0.860285 -0.001739 -0.032176 0.485763 0.873497
1630597424.496216 -76.624147 2.314185 -0.858229 0.000545 -0.031705 0.484316 0.874318
1630597424.599976 -76.774345 2.956201 -0.857188 0.003466 -0.030876 0.482649 0.875262
1630597424.703858 -76.926066 3.612377 -0.852236 0.004851 -0.029647 0.480963 0.876226
1630597424.807617 -77.080536 4.280356 -0.842736 0.003740 -0.029011 0.479333 0.877145
1630597424.911499 -77.234114 4.956217 -0.831338 0.000963 -0.027284 0.477476 0.878221
1630597425.015137 -77.384318 5.631680 -0.820898 -0.001533 -0.025865 0.475853 0.879143
1630597425.118897 -77.530318 6.306087 -0.813794 -0.002458 -0.024322 0.474358 0.879993
1630597425.222290 -77.675898 6.975591 -0.810380 -0.002207 -0.024337 0.472728 0.880870
1630597425.325806 -77.822665 7.646419 -0.809191 -0.002104 -0.025134 0.471265 0.881631
1630597425.429321 -77.965332 8.317965 -0.806509 -0.000964 -0.025550 0.470074 0.882256
1630597425.532837 -78.102788 8.989902 -0.800308 0.001139 -0.025590 0.468888 0.882886
1630597425.636353 -78.238679 9.664631 -0.794178 0.003349 -0.024900 0.467388 0.883695
1630597425.739746 -78.377986 10.342277 -0.789581 0.003650 -0.025750 0.465912 0.884449
1630597425.843262 -78.516071 11.027361 -0.780834 0.001968 -0.025467 0.464640 0.885131
1630597425.946900 -78.649781 11.716346 -0.767751 -0.000799 -0.024236 0.463449 0.885792
1630597426.050537 -78.778655 12.401975 -0.757351 -0.001875 -0.022708 0.462250 0.886457
1630597426.154297 -78.908655 13.081411 -0.752201 -0.001305 -0.023845 0.460603 0.887285
1630597426.257935 -79.036896 13.756366 -0.748902 0.000401 -0.024891 0.458838 0.888171
1630597426.361694 -79.161707 14.433343 -0.743751 0.001282 -0.025669 0.457165 0.889010
1630597426.465698 -79.282747 15.114583 -0.737307 0.000911 -0.026010 0.455039 0.890091
1630597426.569580 -79.398651 15.796826 -0.728677 -0.000398 -0.024881 0.452228 0.891555
1630597426.673462 -79.507388 16.475702 -0.718149 -0.000381 -0.024149 0.449039 0.893186
1630597426.777466 -79.611926 17.150219 -0.708683 0.000397 -0.025014 0.445235 0.895064
1630597426.881226 -79.713840 17.823804 -0.703343 0.001061 -0.026168 0.440566 0.897338
1630597426.985230 -79.811990 18.506293 -0.700602 -0.002326 -0.027953 0.435822 0.899596
1630597427.089111 -79.893546 19.192499 -0.693208 -0.005999 -0.026262 0.431106 0.901899
1630597427.192871 -79.961183 19.877147 -0.683433 -0.008990 -0.022675 0.426050 0.904371
1630597427.296631 -80.025355 20.559693 -0.681832 -0.011964 -0.020591 0.420768 0.906855
1630597427.400269 -80.087153 21.238175 -0.691718 -0.014641 -0.020964 0.415310 0.909320
1630597427.503784 -80.130664 21.917692 -0.703625 -0.016522 -0.017419 0.410398 0.911591
1630597427.607422 -80.157163 22.597155 -0.712429 -0.017596 -0.011989 0.406266 0.913507
1630597427.710816 -80.175272 23.263322 -0.721943 -0.014523 -0.006722 0.402183 0.915419
1630597427.814209 -80.198901 23.920236 -0.736210 -0.009227 -0.006590 0.398681 0.917020
1630597427.917603 -80.226685 24.579986 -0.754518 -0.005986 -0.008069 0.396591 0.917940
1630597428.021118 -80.248245 25.249063 -0.770810 -0.004018 -0.006622 0.395635 0.918375
1630597428.124390 -80.266868 25.929598 -0.777245 -0.005843 -0.003321 0.395712 0.918350
1630597428.227905 -80.295928 26.618872 -0.779953 -0.010219 -0.001680 0.396506 0.917974
1630597428.331421 -80.340707 27.306151 -0.789045 -0.014063 -0.004547 0.398087 0.917229
1630597428.435059 -80.382809 27.991162 -0.805955 -0.014175 -0.005290 0.400513 0.916166
1630597428.538574 -80.421337 28.681034 -0.828676 -0.013150 -0.003239 0.403379 0.914933
1630597428.642334 -80.466694 29.378403 -0.852144 -0.012763 -0.003194 0.406311 0.913640
1630597428.746094 -80.515090 30.069590 -0.866623 -0.007936 -0.002983 0.409000 0.912495
1630597428.849976 -80.571946 30.756693 -0.872265 -0.000097 -0.006999 0.412455 0.910951
1630597428.954102 -80.636855 31.446629 -0.881349 0.009747 -0.012133 0.415871 0.909291
1630597429.058228 -80.703421 32.153798 -0.886110 0.016170 -0.013684 0.419514 0.907502
1630597429.162354 -80.774425 32.887278 -0.870421 0.015025 -0.011698 0.423499 0.905696
1630597429.266235 -80.859884 33.633308 -0.842174 0.009583 -0.010447 0.427036 0.904123
1630597429.370239 -80.958932 34.380031 -0.819058 0.005154 -0.011636 0.430177 0.902655
1630597429.474243 -81.063051 35.122442 -0.808631 0.004467 -0.014442 0.433702 0.900929
1630597429.578247 -81.168286 35.868250 -0.805737 0.005050 -0.015438 0.437314 0.899162
1630597429.682129 -81.276474 36.621980 -0.802576 0.005738 -0.014583 0.440279 0.897724
1630597429.785767 -81.389617 37.381518 -0.793437 0.004149 -0.013815 0.443007 0.896402
1630597429.889282 -81.506756 38.142700 -0.781725 0.002908 -0.013042 0.445622 0.895121
1630597429.992920 -81.630453 38.903107 -0.773713 0.003165 -0.013448 0.447723 0.894066
1630597430.096558 -81.760981 39.660747 -0.768511 0.004247 -0.015654 0.449618 0.893074
1630597430.199829 -81.889371 40.417374 -0.761298 0.006155 -0.016213 0.451114 0.892298
1630597430.303345 -82.014898 41.178778 -0.751481 0.007489 -0.014819 0.452323 0.891700
1630597430.406860 -82.144506 41.940610 -0.738645 0.008374 -0.014879 0.453489 0.891098
1630597430.510376 -82.278514 42.701974 -0.723036 0.008303 -0.014954 0.454423 0.890622
1630597430.613770 -82.414264 43.462395 -0.707555 0.007984 -0.015116 0.455495 0.890074
1630597430.717163 -82.551426 44.221757 -0.693614 0.007577 -0.014811 0.456322 0.889659
1630597430.820801 -82.682587 44.987697 -0.680749 0.005932 -0.010654 0.456737 0.889518
1630597430.924561 -82.822035 45.752250 -0.669585 0.002640 -0.010966 0.457380 0.889200
1630597431.028198 -82.972555 46.497668 -0.655583 0.001898 -0.015323 0.457690 0.888978
1630597431.131958 -83.121789 47.232314 -0.643127 0.005302 -0.020603 0.457588 0.888910
1630597431.235718 -83.259103 47.966200 -0.637627 0.009675 -0.022295 0.457551 0.888851
1630597431.339600 -83.398492 48.710202 -0.623937 0.008695 -0.022808 0.456560 0.889357
1630597431.443482 -83.540241 49.462210 -0.599108 0.002176 -0.022714 0.455806 0.889786
1630597431.547485 -83.674352 50.208510 -0.576814 -0.001693 -0.020882 0.455396 0.890042
1630597431.651367 -83.802846 50.939566 -0.565057 -0.001749 -0.020463 0.455125 0.890191
1630597431.755249 -83.929065 51.659158 -0.562681 0.001689 -0.020493 0.454851 0.890330
1630597431.859131 -84.054479 52.377106 -0.560802 0.004288 -0.020426 0.455269 0.890109
1630597431.962891 -84.179737 53.096673 -0.551996 0.004601 -0.019774 0.455947 0.889775
1630597432.066528 -84.305800 53.813526 -0.536684 0.003925 -0.018029 0.456327 0.889621
1630597432.170288 -84.432913 54.523913 -0.521183 0.004245 -0.017718 0.456933 0.889314
1630597432.273804 -84.558460 55.226046 -0.510201 0.005588 -0.016885 0.457614 0.888973
1630597432.377442 -84.687497 55.924198 -0.501066 0.006283 -0.017582 0.458419 0.888540
1630597432.480957 -84.814735 56.620630 -0.489081 0.006400 -0.015586 0.459399 0.888070
1630597432.584351 -84.952274 57.311736 -0.475355 0.003684 -0.018399 0.460703 0.887356
1630597432.687866 -85.085100 57.996446 -0.462668 0.003340 -0.017000 0.461878 0.886774
1630597432.791504 -85.211705 58.679112 -0.452684 0.003365 -0.014188 0.463177 0.886146
1630597432.895020 -85.338226 59.355123 -0.444907 0.003105 -0.011148 0.465511 0.884966
1630597432.998657 -85.485309 60.020358 -0.436690 0.002103 -0.013387 0.468054 0.883596
1630597433.102173 -85.641630 60.678288 -0.427025 -0.000227 -0.016284 0.472129 0.881379
1630597433.205933 -85.788652 61.329280 -0.421981 0.001294 -0.015534 0.477710 0.878379
1630597433.309570 -85.938596 61.969538 -0.417985 0.002583 -0.013120 0.483625 0.875173
1630597433.413330 -86.106223 62.603522 -0.413411 0.003321 -0.012393 0.490608 0.871286
1630597433.516968 -86.292369 63.226056 -0.407382 0.001843 -0.014612 0.499211 0.866355
1630597433.620728 -86.487420 63.838602 -0.399332 0.002029 -0.014494 0.508927 0.860685
1630597433.724610 -86.696882 64.442108 -0.389830 0.000588 -0.015444 0.519174 0.854529
1630597433.828247 -86.910956 65.032258 -0.384826 0.001695 -0.013740 0.529813 0.848001
1630597433.932129 -87.134012 65.611035 -0.381872 0.003423 -0.011706 0.541280 0.840754
1630597434.035889 -87.370006 66.177565 -0.377180 0.005168 -0.009331 0.553451 0.832814
1630597434.139649 -87.620069 66.728538 -0.369815 0.007739 -0.006703 0.565908 0.824405
1630597434.243530 -87.889697 67.270461 -0.363641 0.009151 -0.004502 0.579224 0.815105
1630597434.347290 -88.183039 67.801985 -0.357456 0.007000 -0.003618 0.593225 0.804998
1630597434.451050 -88.497645 68.315977 -0.350445 0.005316 -0.004297 0.607348 0.794407
1630597434.554810 -88.825900 68.815850 -0.338643 0.003368 -0.002926 0.622090 0.782933
1630597434.658447 -89.166053 69.298106 -0.328939 0.002924 -0.002564 0.637304 0.770603
1630597434.762207 -89.517584 69.761303 -0.328112 0.004719 0.000519 0.652496 0.757778
1630597434.865845 -89.893936 70.205241 -0.331936 0.004706 0.000505 0.667913 0.744224
1630597434.969605 -90.296455 70.629070 -0.332136 0.002630 -0.000439 0.683405 0.730034
1630597435.073242 -90.717884 71.025107 -0.326814 0.000609 -0.005484 0.698941 0.715158
1630597435.177002 -91.136610 71.407948 -0.319196 0.001285 -0.002578 0.714043 0.700096
1630597435.280518 -91.561403 71.771879 -0.315409 0.003607 -0.000407 0.729400 0.684078
1630597435.384155 -91.996945 72.119083 -0.318945 0.005346 0.004629 0.744185 0.667937
1630597435.487793 -92.457114 72.432602 -0.320183 0.006176 0.002911 0.758010 0.652207
1630597435.591553 -92.937926 72.717346 -0.315483 0.004808 -0.000374 0.772309 0.635229
1630597435.695313 -93.421541 72.994160 -0.303449 0.000080 0.001205 0.786251 0.617906
1630597435.799072 -93.902477 73.250961 -0.293411 -0.001510 0.003750 0.799038 0.601267
1630597435.902832 -94.385183 73.480566 -0.293415 -0.001324 0.005482 0.811440 0.584408
1630597436.006592 -94.873659 73.675482 -0.300207 0.001322 0.004664 0.823168 0.567778
1630597436.110474 -95.374989 73.838500 -0.307708 0.003158 0.000822 0.834827 0.550503
1630597436.214234 -95.886502 73.980500 -0.308885 0.003209 -0.003520 0.846132 0.532952
1630597436.317993 -96.408040 74.108329 -0.304208 0.000737 -0.007856 0.857357 0.514662
1630597436.421875 -96.933341 74.221889 -0.302334 -0.000756 -0.010609 0.867832 0.496745
1630597436.525513 -97.459089 74.328415 -0.302324 -0.002923 -0.007414 0.877376 0.479738
1630597436.629273 -97.987719 74.415455 -0.308133 -0.003113 -0.005285 0.886315 0.463042
1630597436.732910 -98.523480 74.476339 -0.318885 -0.003344 -0.003161 0.894469 0.447107
1630597436.836670 -99.070048 74.497166 -0.328946 -0.001454 -0.009394 0.901765 0.432122
1630597436.940430 -99.616105 74.497082 -0.337545 0.002652 -0.014948 0.908097 0.418484
1630597437.044190 -100.162673 74.501552 -0.344310 0.005974 -0.015462 0.913617 0.406239
1630597437.147827 -100.713349 74.522665 -0.346277 0.006088 -0.009203 0.918526 0.395206
1630597437.251465 -101.271320 74.546705 -0.352103 0.004332 -0.000208 0.923006 0.384761
1630597437.355225 -101.836931 74.534017 -0.358009 0.003722 0.003157 0.926476 0.376321
1630597437.458985 -102.408374 74.473093 -0.358330 0.006573 -0.006344 0.929287 0.369246
1630597437.562622 -102.980133 74.404304 -0.352964 0.009643 -0.014483 0.931443 0.363471
1630597437.666382 -103.554994 74.362862 -0.346238 0.009892 -0.014765 0.933278 0.358715
1630597437.770142 -104.134075 74.350011 -0.347214 0.007129 -0.006724 0.934763 0.355136
1630597437.873779 -104.713656 74.334371 -0.352374 0.004781 0.002575 0.935538 0.353184
1630597437.977539 -105.298824 74.281212 -0.353862 0.006040 0.000365 0.935725 0.352679
1630597438.081177 -105.893247 74.202045 -0.348572 0.007302 -0.008090 0.935518 0.353112
1630597438.184937 -106.493640 74.127728 -0.343408 0.008576 -0.016629 0.934980 0.354207
1630597438.288574 -107.096715 74.092699 -0.342155 0.005489 -0.013598 0.933966 0.357061
1630597438.392334 -107.694416 74.076978 -0.339709 0.007501 -0.008993 0.932446 0.361119
1630597438.495850 -108.290123 74.056629 -0.340981 0.011704 -0.005195 0.930081 0.367131
1630597438.599487 -108.898897 74.025156 -0.343514 0.016030 -0.006520 0.927604 0.373165
1630597438.703125 -109.521094 73.996847 -0.344279 0.018781 -0.010140 0.925304 0.378625
1630597438.806641 -110.159586 73.988002 -0.331744 0.016131 -0.012051 0.923063 0.384122
1630597438.910401 -110.805812 73.993845 -0.311069 0.012171 -0.012546 0.920221 0.391008
1630597439.013916 -111.443379 74.006472 -0.297077 0.013770 -0.012549 0.917000 0.398453
1630597439.117676 -112.083191 74.027878 -0.293717 0.016711 -0.011956 0.913569 0.406165
1630597439.221192 -112.730299 74.060081 -0.294881 0.018778 -0.012808 0.909838 0.414340
1630597439.324951 -113.388597 74.106616 -0.288482 0.018612 -0.013888 0.905842 0.422980
1630597439.428467 -114.056702 74.161431 -0.271202 0.016508 -0.018131 0.901270 0.432563
1630597439.532227 -114.730765 74.234596 -0.255969 0.012837 -0.021144 0.895987 0.443391
1630597439.635864 -115.390713 74.337119 -0.246881 0.012822 -0.019544 0.890304 0.454766
1630597439.739746 -116.042109 74.463898 -0.240200 0.014443 -0.015369 0.884042 0.466931
1630597439.843506 -116.692531 74.599020 -0.236005 0.017839 -0.014127 0.877145 0.479686
1630597439.947388 -117.343913 74.756155 -0.229961 0.019401 -0.011453 0.870186 0.492208
1630597440.051026 -117.999924 74.939927 -0.214089 0.017151 -0.010674 0.863850 0.503345
1630597440.154785 -118.659795 75.147130 -0.196528 0.011753 -0.007882 0.856977 0.515161
1630597440.258545 -119.317786 75.360147 -0.182098 0.009261 -0.008501 0.849620 0.527246
1630597440.362183 -119.967919 75.586524 -0.171601 0.008838 -0.008917 0.842838 0.538021
1630597440.466065 -120.613644 75.829732 -0.165685 0.010382 -0.008928 0.836520 0.547766
1630597440.569458 -121.253738 76.091508 -0.163709 0.011773 -0.007186 0.830767 0.556450
1630597440.673096 -121.896770 76.373580 -0.159030 0.012599 -0.003897 0.825573 0.564142
1630597440.776611 -122.547764 76.663871 -0.149478 0.012602 -0.004128 0.821121 0.570599
1630597440.880005 -123.204498 76.961152 -0.137477 0.012507 -0.004803 0.817266 0.576104
1630597440.983521 -123.868447 77.270697 -0.127520 0.011753 -0.005867 0.813999 0.580718
1630597441.087036 -124.535599 77.593965 -0.118328 0.010497 -0.005467 0.811469 0.584276
1630597441.190552 -125.206650 77.923488 -0.108109 0.010648 -0.005393 0.809234 0.587365
1630597441.294190 -125.883362 78.260236 -0.099987 0.011080 -0.005392 0.807386 0.589895
1630597441.397705 -126.565653 78.603496 -0.094712 0.012379 -0.005444 0.805962 0.591813
1630597441.501587 -127.261758 78.955845 -0.087095 0.011456 -0.006117 0.804665 0.593586
1630597441.605347 -127.967247 79.312487 -0.077252 0.010378 -0.008016 0.803484 0.595182
1630597441.709229 -128.678558 79.676346 -0.068044 0.009631 -0.009202 0.802429 0.596599
1630597441.813110 -129.391704 80.050806 -0.061903 0.009986 -0.008168 0.801198 0.598260
1630597441.917114 -130.113597 80.428753 -0.057450 0.010694 -0.009968 0.800065 0.599735
1630597442.021118 -130.843551 80.811682 -0.051221 0.011193 -0.010930 0.798893 0.601270
1630597442.125000 -131.579439 81.205507 -0.043906 0.010923 -0.011396 0.797846 0.602654
1630597442.229126 -132.324085 81.606488 -0.036862 0.010437 -0.012458 0.796693 0.604166
1630597442.333008 -133.075167 82.008779 -0.029216 0.010683 -0.014576 0.795383 0.605838
1630597442.437012 -133.831399 82.421592 -0.023108 0.009904 -0.015959 0.794185 0.607385
1630597442.540894 -134.587029 82.844535 -0.016959 0.009575 -0.015410 0.792986 0.608969
1630597442.644531 -135.343344 83.271575 -0.009528 0.008841 -0.015360 0.791374 0.611076
1630597442.748291 -136.100476 83.704810 -0.003534 0.009335 -0.015035 0.789611 0.613352
1630597442.851807 -136.856674 84.144079 0.002604 0.010015 -0.014753 0.788002 0.615414
1630597442.955444 -137.616156 84.593625 0.008991 0.009982 -0.013286 0.786475 0.617399
1630597443.059082 -138.379814 85.049380 0.016016 0.009477 -0.012409 0.785210 0.619032
1630597443.162476 -139.147902 85.504998 0.024374 0.008977 -0.013380 0.784113 0.620409
1630597443.265869 -139.923186 85.968051 0.028696 0.006920 -0.014040 0.783181 0.621597
1630597443.369385 -140.704410 86.438362 0.031007 0.003296 -0.015300 0.782386 0.622597
1630597443.472778 -141.482659 86.911558 0.034290 0.003141 -0.014575 0.781475 0.623758
1630597443.576294 -142.256894 87.385699 0.031889 0.004836 -0.014034 0.780620 0.624829
1630597443.679932 -143.033364 87.865337 0.029076 0.007417 -0.013199 0.779921 0.625695
1630597443.783447 -143.815345 88.353675 0.031039 0.007084 -0.011523 0.779595 0.626138
1630597443.887085 -144.605061 88.846074 0.036474 0.005798 -0.010430 0.779434 0.626371
1630597443.990845 -145.401097 89.337107 0.040035 0.004420 -0.011010 0.779313 0.626522
1630597444.094605 -146.198887 89.827888 0.040790 0.004285 -0.011811 0.779157 0.626703
1630597444.198486 -146.999267 90.319962 0.040007 0.004517 -0.012780 0.779056 0.626807
1630597444.302368 -147.802863 90.814866 0.038247 0.004576 -0.013214 0.778908 0.626983
1630597444.406372 -148.610356 91.311261 0.037663 0.004202 -0.014153 0.778841 0.627047
1630597444.510376 -149.420442 91.814336 0.036937 0.003544 -0.013655 0.778730 0.627200
1630597444.614258 -150.227997 92.318667 0.035402 0.002359 -0.013607 0.778555 0.627425
1630597444.718140 -151.033494 92.821859 0.037596 0.003400 -0.012949 0.778274 0.627782
1630597444.822022 -151.836997 93.322237 0.035973 0.005919 -0.012433 0.778048 0.628054
1630597444.925903 -152.644165 93.825043 0.036047 0.007098 -0.011942 0.778011 0.628097
1630597445.029663 -153.455568 94.329018 0.041404 0.005835 -0.012914 0.778008 0.628095
1630597445.133301 -154.263461 94.831830 0.048227 0.004875 -0.013235 0.777810 0.628341
1630597445.236817 -155.063176 95.332479 0.052361 0.005900 -0.012907 0.777547 0.628665
1630597445.340576 -155.862053 95.833974 0.055117 0.007705 -0.012256 0.777287 0.628979
1630597445.444214 -156.662647 96.339918 0.059441 0.007701 -0.011203 0.777136 0.629185
1630597445.547730 -157.464190 96.849900 0.067300 0.006105 -0.009916 0.777036 0.629348
1630597445.651123 -158.264463 97.359563 0.074176 0.004690 -0.008130 0.776846 0.629621
1630597445.754761 -159.067718 97.869079 0.076118 0.004408 -0.007526 0.776580 0.629959
1630597445.858276 -159.870991 98.382005 0.076504 0.002291 -0.005730 0.776370 0.630248
1630597445.961792 -160.671211 98.890458 0.078562 0.002634 -0.005503 0.776181 0.630481
1630597446.065308 -161.466783 99.394454 0.079168 0.005757 -0.004980 0.776034 0.630646
1630597446.168945 -162.266724 99.901583 0.079359 0.007317 -0.005038 0.775958 0.630722
1630597446.272705 -163.074460 100.416707 0.085372 0.005127 -0.004385 0.775878 0.630847
1630597446.376465 -163.885043 100.932504 0.094184 0.002169 -0.004256 0.775690 0.631096
1630597446.480103 -164.690913 101.444023 0.097005 0.001446 -0.004480 0.775406 0.631445
1630597446.583862 -165.493288 101.955449 0.094209 0.002843 -0.004172 0.775237 0.631651
1630597446.687866 -166.297573 102.470628 0.090818 0.003692 -0.003446 0.775085 0.631837
1630597446.791748 -167.101399 102.987614 0.091401 0.004236 -0.002481 0.774871 0.632100
1630597446.895630 -167.906084 103.506549 0.093937 0.004163 -0.001326 0.774575 0.632467
1630597446.999512 -168.711677 104.028631 0.096055 0.003966 0.000280 0.774263 0.632852
1630597447.103272 -169.517314 104.555683 0.098861 0.002029 0.002444 0.773931 0.633263
1630597447.207153 -170.322396 105.081769 0.100982 0.001817 0.003808 0.773600 0.633660
1630597447.310913 -171.123020 105.605642 0.101143 0.002995 0.005839 0.773226 0.634097
1630597447.414673 -171.927710 106.128079 0.100116 0.004285 0.005603 0.772926 0.634457
1630597447.518555 -172.741198 106.652826 0.102273 0.002539 0.004555 0.772640 0.634823
1630597447.622070 -173.555895 107.172838 0.106974 0.001448 0.001166 0.772299 0.635257
1630597447.725830 -174.368223 107.690806 0.109063 0.001476 -0.001855 0.771551 0.636163
1630597447.829224 -175.171027 108.207719 0.107308 0.004594 -0.003513 0.770299 0.637657
1630597447.932861 -175.976753 108.731384 0.107110 0.006433 -0.006436 0.768740 0.639496
1630597448.036621 -176.781852 109.267184 0.112672 0.005804 -0.007468 0.766989 0.641591
1630597448.140015 -177.579424 109.810761 0.120231 0.004967 -0.006761 0.765068 0.643894
1630597448.243652 -178.373749 110.359909 0.124885 0.004989 -0.005968 0.762928 0.646436
1630597448.347168 -179.163478 110.913525 0.128308 0.005063 -0.005675 0.760780 0.648965
1630597448.450928 -179.950019 111.474536 0.132168 0.005687 -0.005086 0.758518 0.651608
1630597448.554688 -180.732557 112.041621 0.136685 0.006250 -0.004621 0.755895 0.654647
1630597448.658325 -181.509597 112.616132 0.142272 0.006473 -0.003556 0.752950 0.658036
1630597448.762085 -182.284426 113.197698 0.149797 0.006236 -0.003596 0.749804 0.661621
1630597448.865845 -183.053368 113.788956 0.156738 0.005568 -0.002648 0.746589 0.665257
1630597448.969605 -183.816990 114.389292 0.162159 0.004544 -0.001998 0.743237 0.669010
1630597449.073486 -184.574077 114.999280 0.167131 0.003455 -0.000686 0.739617 0.673019
1630597449.177246 -185.322277 115.615167 0.169895 0.003480 -0.000053 0.735763 0.677230
1630597449.280884 -186.059097 116.239825 0.171992 0.004168 0.002077 0.731772 0.681534
1630597449.384766 -186.790821 116.877129 0.173949 0.004514 0.004724 0.727677 0.685889
1630597449.488526 -187.515979 117.524243 0.176776 0.003419 0.006062 0.723468 0.690323
1630597449.592163 -188.235205 118.176942 0.180791 0.002569 0.006064 0.719111 0.694864
1630597449.695801 -188.946444 118.835015 0.182927 0.002905 0.005354 0.714691 0.699414
1630597449.799561 -189.649113 119.501466 0.183827 0.003817 0.005192 0.710285 0.703885
1630597449.903198 -190.343588 120.176809 0.185346 0.004687 0.005293 0.705615 0.708560
1630597450.006958 -191.032011 120.862277 0.188677 0.004804 0.004440 0.700610 0.713514
1630597450.110596 -191.709807 121.556504 0.194145 0.005203 0.003268 0.695273 0.718720
1630597450.214111 -192.370685 122.263186 0.199084 0.006324 0.003785 0.689470 0.724277
1630597450.317871 -193.023216 122.982803 0.204508 0.005698 0.003664 0.683373 0.730038
1630597450.421387 -193.664945 123.710785 0.211764 0.006334 0.003314 0.676909 0.736032
1630597450.525147 -194.294927 124.453126 0.219557 0.005220 0.003779 0.670484 0.741896
1630597450.628906 -194.913401 125.205882 0.224622 0.004525 0.003456 0.663608 0.748059
1630597450.732422 -195.517265 125.965663 0.228902 0.003496 0.001368 0.656657 0.754180
1630597450.836182 -196.105915 126.736665 0.232034 0.003872 -0.000186 0.649375 0.760458
1630597450.939819 -196.674571 127.518817 0.233753 0.004884 -0.000448 0.641960 0.766723
1630597451.043579 -197.226583 128.315145 0.237814 0.005429 0.000349 0.634528 0.772881
1630597451.147339 -197.762894 129.123250 0.243415 0.005748 0.001083 0.627162 0.778867
1630597451.250977 -198.284267 129.942125 0.248570 0.004709 0.002273 0.619912 0.784654
1630597451.354614 -198.792656 130.770411 0.253443 0.003858 0.002955 0.612933 0.790120
1630597451.458374 -199.286392 131.606213 0.257092 0.003275 0.003400 0.606300 0.795222
1630597451.562012 -199.763044 132.445755 0.259162 0.004415 0.003957 0.599799 0.800129
1630597451.665772 -200.226660 133.292124 0.260505 0.005974 0.003867 0.593282 0.804964
1630597451.769287 -200.676722 134.146375 0.264476 0.006392 0.004498 0.586831 0.809672
1630597451.873169 -201.117150 135.012876 0.270521 0.005256 0.004711 0.580607 0.814153
1630597451.976807 -201.543008 135.884433 0.275711 0.004861 0.005835 0.574658 0.818358
1630597452.080567 -201.955789 136.757072 0.280375 0.004482 0.005484 0.568996 0.822310
1630597452.184204 -202.356508 137.627577 0.284260 0.007991 0.004285 0.563426 0.826117
1630597452.287842 -202.746528 138.504228 0.289606 0.009599 0.002541 0.558184 0.829658
1630597452.391602 -203.127186 139.393076 0.300838 0.009223 0.002373 0.553217 0.832983
1630597452.495239 -203.497565 140.287683 0.314241 0.007504 0.002992 0.548645 0.836017
1630597452.599121 -203.858926 141.185174 0.324894 0.007035 0.002999 0.544618 0.838649
1630597452.702881 -204.210358 142.080830 0.332695 0.007811 0.002854 0.541076 0.840933
1630597452.806397 -204.555468 142.975597 0.339887 0.008917 0.002077 0.538034 0.842873
1630597452.910156 -204.894949 143.877758 0.348932 0.008770 0.002541 0.535349 0.844582
1630597453.013916 -205.229468 144.783247 0.360029 0.007944 0.002615 0.533018 0.846063
1630597453.117676 -205.559467 145.687957 0.370766 0.007666 0.002640 0.530989 0.847340
1630597453.221436 -205.882650 146.590868 0.379816 0.008881 0.002860 0.529423 0.848307
1630597453.324951 -206.200432 147.492019 0.389285 0.010269 0.003302 0.528217 0.849041
1630597453.428711 -206.519080 148.394129 0.401894 0.011474 0.003536 0.527033 0.849760
1630597453.532349 -206.836047 149.302877 0.414399 0.010420 0.004377 0.525937 0.850449
1630597453.636109 -207.149169 150.216231 0.427184 0.007578 0.005462 0.525062 0.851013
1630597453.739868 -207.461538 151.126058 0.440493 0.005843 0.005565 0.523999 0.851680
1630597453.843506 -207.767419 152.026259 0.445518 0.007709 0.006396 0.523222 0.852138
1630597453.947266 -208.071378 152.926254 0.449889 0.010079 0.006935 0.522692 0.852434
1630597454.051148 -208.375119 153.830984 0.458423 0.010323 0.008426 0.522226 0.852703
1630597454.154785 -208.680095 154.735411 0.470165 0.009050 0.009188 0.521941 0.852884
1630597454.258545 -208.985377 155.638757 0.480843 0.007467 0.009571 0.521940 0.852896
1630597454.362305 -209.290523 156.538052 0.487678 0.006657 0.009383 0.522006 0.852864
1630597454.466065 -209.594579 157.430359 0.493002 0.006689 0.009208 0.522048 0.852840
1630597454.569824 -209.896592 158.317838 0.498484 0.008183 0.009036 0.522289 0.852681
1630597454.673462 -210.195345 159.203372 0.503899 0.009025 0.010417 0.523044 0.852194
1630597454.777222 -210.497374 160.089712 0.512802 0.008099 0.011587 0.524407 0.851350
1630597454.880860 -210.805328 160.969282 0.522243 0.006679 0.011303 0.526388 0.850143
1630597454.984497 -211.114922 161.841825 0.528431 0.006317 0.012086 0.528980 0.848525
1630597455.088135 -211.429164 162.706362 0.532363 0.006472 0.011868 0.531709 0.846819
1630597455.191651 -211.749261 163.561387 0.537130 0.006880 0.010911 0.534278 0.845210
1630597455.295410 -212.074778 164.410586 0.543005 0.007641 0.009747 0.537044 0.843464
1630597455.398926 -212.403696 165.252152 0.549582 0.007969 0.008809 0.540207 0.841448
1630597455.502686 -212.738371 166.090478 0.558152 0.007674 0.008344 0.543798 0.839139
1630597455.606445 -213.081634 166.922861 0.566887 0.006476 0.007844 0.548095 0.836354
1630597455.710083 -213.438019 167.747430 0.572458 0.003283 0.005587 0.553289 0.832964
1630597455.813843 -213.796841 168.561933 0.578168 0.002238 0.006344 0.558955 0.829171
1630597455.917481 -214.158828 169.360592 0.582799 0.004639 0.006804 0.565208 0.824908
1630597456.021240 -214.531730 170.146914 0.583539 0.008287 0.007039 0.571832 0.820299
1630597456.125000 -214.922105 170.928894 0.588730 0.008782 0.006914 0.579482 0.814908
1630597456.228638 -215.330511 171.706116 0.599997 0.005450 0.007200 0.587857 0.808915
1630597456.332398 -215.757118 172.470789 0.610052 0.002054 0.006366 0.596821 0.802346
1630597456.436035 -216.196746 173.216480 0.613908 0.000643 0.005209 0.606213 0.795285
1630597456.539795 -216.652582 173.947116 0.610460 -0.000636 0.003785 0.615847 0.787857
1630597456.643433 -217.118311 174.663148 0.606067 0.000202 0.005938 0.625654 0.780078
1630597456.747070 -217.598625 175.362117 0.605458 0.001342 0.006828 0.636088 0.771585
1630597456.850830 -218.097547 176.043755 0.603612 0.002928 0.007041 0.647444 0.762075
1630597456.954590 -218.617968 176.710619 0.602626 0.002719 0.008253 0.659128 0.751980
1630597457.058350 -219.164809 177.359271 0.605196 0.000077 0.007010 0.670890 0.741523
1630597457.162110 -219.731564 177.984843 0.606771 -0.002443 0.005645 0.682814 0.730566
1630597457.265747 -220.313505 178.582484 0.603944 -0.002350 0.003394 0.695047 0.718953
1630597457.369629 -220.911063 179.157564 0.597296 -0.001159 0.002314 0.707473 0.706736
1630597457.473389 -221.527148 179.710066 0.590545 -0.000439 0.000914 0.719830 0.694150
1630597457.577026 -222.160419 180.241019 0.587141 -0.001509 0.000672 0.731830 0.681485
1630597457.680786 -222.811687 180.746855 0.585347 -0.002159 0.000138 0.743592 0.668630
1630597457.784546 -223.478171 181.227033 0.580773 -0.002214 -0.002158 0.755176 0.655515
1630597457.888306 -224.154173 181.688105 0.574139 -0.002406 -0.001163 0.766740 0.641952
1630597457.992066 -224.843772 182.127328 0.568313 -0.003345 0.000896 0.778168 0.628047
1630597458.095703 -225.546028 182.539579 0.561222 -0.004147 0.002971 0.789355 0.613916
1630597458.199585 -226.264642 182.923844 0.553274 -0.004771 0.003120 0.800229 0.599667
1630597458.303223 -226.994923 183.279921 0.543550 -0.004937 0.002954 0.810587 0.585590
1630597458.406983 -227.736999 183.612632 0.533143 -0.005075 0.003906 0.820572 0.571507
1630597458.510742 -228.491171 183.917710 0.522646 -0.005055 0.004029 0.830097 0.557582
1630597458.614380 -229.255677 184.194211 0.512198 -0.004326 0.003471 0.839053 0.544021
1630597458.718140 -230.030732 184.446286 0.502906 -0.003746 0.002148 0.847654 0.530532
1630597458.821777 -230.813268 184.673121 0.494735 -0.001510 -0.000594 0.855650 0.517553
1630597458.925537 -231.603976 184.884961 0.486586 -0.001267 0.001611 0.862985 0.505225
1630597459.029297 -232.403098 185.075186 0.479706 0.000865 0.002664 0.869901 0.493218
1630597459.132935 -233.212246 185.245126 0.475632 0.001567 0.002975 0.876251 0.481843
1630597459.236572 -234.031833 185.400660 0.472290 0.001438 0.005298 0.882338 0.470585
1630597459.340332 -234.863098 185.536342 0.470824 0.000351 0.006148 0.888046 0.459713
1630597459.444092 -235.704484 185.650126 0.469459 -0.000262 0.005878 0.893266 0.449489
1630597459.547852 -236.553757 185.744198 0.465950 -0.000764 0.005047 0.898064 0.439836
1630597459.651611 -237.410798 185.820978 0.461455 -0.000616 0.003960 0.902217 0.431264
1630597459.755249 -238.273457 185.882767 0.456462 0.000003 0.002623 0.905748 0.423809
1630597459.859009 -239.144207 185.933453 0.451048 0.000746 0.002272 0.908617 0.417623
1630597459.962769 -240.023241 185.974774 0.445491 0.001419 0.001323 0.910976 0.412455
1630597460.066406 -240.909063 186.006777 0.441471 0.001932 0.000069 0.912853 0.408284
1630597460.170166 -241.802890 186.031216 0.437817 0.003033 -0.001410 0.914303 0.405017
1630597460.273926 -242.703562 186.054750 0.433583 0.003731 -0.001538 0.915397 0.402532
1630597460.377442 -243.611251 186.076495 0.429751 0.003849 -0.001424 0.916118 0.400887
1630597460.481201 -244.533677 186.093793 0.425375 0.003061 -0.002740 0.916581 0.399828
1630597460.584961 -245.467777 186.110019 0.419823 -0.000013 -0.004646 0.916710 0.399526
1630597460.688599 -246.401826 186.126469 0.414150 -0.000406 -0.006916 0.916447 0.400096
1630597460.792236 -247.332928 186.148771 0.404570 0.003376 -0.005355 0.916010 0.401105
1630597460.895874 -248.271572 186.176623 0.393550 0.006012 -0.003437 0.915677 0.401856
1630597460.999512 -249.228316 186.207383 0.390015 0.004847 -0.002013 0.915456 0.402384
1630597461.103150 -250.200118 186.236094 0.390411 0.001544 -0.003284 0.915230 0.402914
1630597461.206665 -251.178110 186.263448 0.386303 -0.001009 -0.005491 0.915056 0.403288
1630597461.310303 -252.157931 186.293087 0.375330 -0.002677 -0.005385 0.914862 0.403721
1630597461.413818 -253.136152 186.321556 0.360833 -0.000626 -0.005395 0.914704 0.404087
1630597461.517578 -254.119462 186.349460 0.346626 0.001292 -0.006099 0.914566 0.404389
1630597461.621094 -255.107042 186.379880 0.337488 0.002237 -0.006535 0.914494 0.404541
1630597461.724854 -256.103817 186.412795 0.331226 0.001010 -0.006567 0.914311 0.404959
1630597461.828369 -257.101798 186.450630 0.323684 -0.001433 -0.006338 0.913921 0.405840
1630597461.932251 -258.101126 186.498365 0.313972 -0.004173 -0.002376 0.913510 0.406788
1630597462.035889 -259.094925 186.537088 0.301012 -0.002974 -0.003354 0.913090 0.407733
1630597462.139771 -260.087445 186.580120 0.288642 -0.001125 -0.001556 0.912757 0.408499
1630597462.243530 -261.081326 186.624770 0.281097 -0.000559 -0.001055 0.912389 0.409323
1630597462.347290 -262.076876 186.670521 0.275972 -0.000589 -0.000109 0.911787 0.410662
1630597462.451172 -263.075538 186.716421 0.271664 -0.001149 -0.000989 0.911381 0.411561
1630597462.554932 -264.073927 186.764391 0.264227 -0.002505 -0.002198 0.911133 0.412099
1630597462.658692 -265.069747 186.816938 0.255500 -0.003916 -0.001500 0.910880 0.412650
1630597462.762451 -266.058620 186.869046 0.245602 -0.003436 -0.000689 0.910668 0.413125
1630597462.866211 -267.042573 186.919523 0.234264 -0.002217 0.001087 0.910546 0.413401
1630597462.969971 -268.026697 186.960136 0.226364 0.000129 -0.003252 0.910633 0.413204
1630597463.073486 -269.007999 187.008121 0.222701 -0.000788 -0.004133 0.910580 0.413312
1630597463.177246 -269.983985 187.061289 0.221093 0.000449 -0.002628 0.910343 0.413845
1630597463.281006 -270.954311 187.113932 0.216381 0.000172 -0.001936 0.910103 0.414377
1630597463.384644 -271.921756 187.168955 0.212004 0.000478 -0.000788 0.910193 0.414184
1630597463.488281 -272.887352 187.225852 0.210276 -0.001817 -0.000250 0.910414 0.413694
1630597463.591919 -273.844786 187.279645 0.206964 -0.002023 0.000588 0.910499 0.413506
1630597463.695557 -274.791727 187.332384 0.202029 -0.001986 0.000895 0.910501 0.413502
1630597463.799317 -275.732172 187.383358 0.196728 -0.000539 0.001721 0.910463 0.413587
1630597463.902832 -276.664577 187.432133 0.194882 -0.000465 0.001624 0.910500 0.413506
1630597464.006592 -277.593725 187.485702 0.195041 -0.001620 0.003084 0.910543 0.413399
1630597464.110230 -278.513759 187.541043 0.193561 -0.003308 0.004415 0.910602 0.413247
1630597464.213989 -279.426721 187.591536 0.190799 -0.003931 0.004280 0.910549 0.413361
1630597464.317627 -280.328382 187.639790 0.186319 -0.005013 0.003683 0.910554 0.413344
1630597464.421509 -281.219795 187.692242 0.181275 -0.004842 0.006126 0.910600 0.413216
1630597464.525147 -282.099570 187.740289 0.175123 -0.004533 0.006291 0.910557 0.413311
1630597464.628906 -282.972647 187.785111 0.170537 -0.004487 0.005823 0.910387 0.413693
1630597464.732788 -283.836393 187.829741 0.168446 -0.005305 0.004038 0.910081 0.414378
1630597464.836548 -284.683680 187.875451 0.164771 -0.004387 0.002682 0.909262 0.416193
1630597464.940308 -285.513880 187.927802 0.159243 -0.002959 0.002898 0.907824 0.419330
1630597465.043945 -286.330495 187.987345 0.154085 -0.001662 0.003316 0.905920 0.423433
1630597465.147827 -287.143330 188.056481 0.149276 -0.002690 0.002840 0.903725 0.428095
1630597465.251587 -287.948197 188.142790 0.144394 -0.008520 0.005207 0.901183 0.433324
1630597465.355469 -288.734940 188.229571 0.141472 -0.010993 0.001788 0.898468 0.438899
1630597465.459229 -289.496036 188.319956 0.134601 -0.009532 0.001329 0.895351 0.445257
1630597465.562988 -290.233105 188.418428 0.118213 -0.006140 0.002690 0.892144 0.451702
1630597465.666748 -290.958004 188.529319 0.105440 -0.004144 0.002708 0.889012 0.457857
1630597465.770264 -291.671778 188.662397 0.100157 -0.007429 0.005997 0.885915 0.463749
1630597465.874024 -292.372216 188.804829 0.096222 -0.011117 0.009779 0.882898 0.469332
1630597465.977539 -293.050857 188.932600 0.091957 -0.010134 0.008242 0.880425 0.474006
1630597466.080933 -293.710562 189.058495 0.084385 -0.007745 0.008498 0.878414 0.477762
1630597466.184448 -294.355356 189.190304 0.074303 -0.005117 0.006791 0.876775 0.480826
1630597466.287964 -294.979707 189.343515 0.066441 -0.005551 0.015151 0.875370 0.483185
1630597466.391480 -295.593178 189.483190 0.069037 -0.003363 0.015754 0.874618 0.484545
1630597466.494995 -296.194702 189.611287 0.073238 -0.002000 0.016573 0.874044 0.485560
1630597466.598511 -296.788366 189.726763 0.072248 0.000564 0.011129 0.873770 0.486211
1630597466.702149 -297.371828 189.853097 0.070584 -0.001597 0.009921 0.873871 0.486055
1630597466.805786 -297.943564 189.983745 0.072834 -0.004971 0.010002 0.873822 0.486118
1630597466.909668 -298.503284 190.107066 0.079112 -0.009273 0.008330 0.873452 0.486751
1630597467.013428 -299.040514 190.223036 0.080520 -0.010603 0.007017 0.873314 0.486992
1630597467.117310 -299.554933 190.333559 0.074662 -0.009435 0.005817 0.873294 0.487067
1630597467.221314 -300.050578 190.442907 0.064753 -0.007633 0.005810 0.873232 0.487211
1630597467.325318 -300.529651 190.557853 0.055565 -0.008665 0.009286 0.873090 0.487394
1630597467.429321 -300.989959 190.668470 0.050462 -0.008622 0.011137 0.872961 0.487587
1630597467.533203 -301.433115 190.768671 0.049707 -0.008241 0.011537 0.872550 0.488318
1630597467.637085 -301.861855 190.861033 0.049183 -0.007834 0.011001 0.872426 0.488560
1630597467.741089 -302.274010 190.940152 0.048164 -0.005667 0.007511 0.872464 0.488589
1630597467.844849 -302.669379 191.013880 0.042657 -0.003595 0.003470 0.872428 0.488717
1630597467.948486 -303.044701 191.107173 0.035962 -0.004203 0.006357 0.872625 0.488332
1630597468.052246 -303.404571 191.212789 0.032322 -0.006920 0.011224 0.872688 0.488100
1630597468.155762 -303.750819 191.313140 0.031474 -0.010574 0.016805 0.872531 0.488155
1630597468.259400 -304.086773 191.393034 0.028744 -0.012863 0.017131 0.872677 0.487828
1630597468.363037 -304.416483 191.454265 0.022283 -0.015137 0.013881 0.872619 0.487969
1630597468.466431 -304.736822 191.501647 0.018017 -0.018310 0.005896 0.872429 0.488363
1630597468.569946 -305.033496 191.556019 0.013795 -0.019443 0.003164 0.872227 0.488705
1630597468.673462 -305.302997 191.630187 0.009982 -0.020105 0.006637 0.872354 0.488416
1630597468.776978 -305.552710 191.717311 0.005901 -0.021223 0.014045 0.872379 0.488168
1630597468.880371 -305.791735 191.799984 0.000901 -0.023788 0.021865 0.872199 0.488082
1630597468.984009 -306.022763 191.853307 -0.004513 -0.024029 0.021501 0.871991 0.488459
1630597469.087647 -306.239842 191.884645 -0.006819 -0.022352 0.017794 0.872161 0.488383
1630597469.191284 -306.440297 191.912408 -0.008829 -0.019856 0.013495 0.872553 0.487929
1630597469.295166 -306.621541 191.951868 -0.016803 -0.016021 0.014049 0.872327 0.488459
1630597469.398926 -306.791614 191.999417 -0.028415 -0.012233 0.017879 0.871697 0.489567
1630597469.502808 -306.960483 192.041700 -0.040134 -0.008124 0.019896 0.871343 0.490203
1630597469.606568 -307.132635 192.077215 -0.045006 -0.006074 0.019454 0.871349 0.490240
1630597469.710571 -307.307919 192.107072 -0.043724 -0.005497 0.016179 0.871241 0.490558
1630597469.814453 -307.478828 192.140057 -0.043080 -0.005781 0.014133 0.870869 0.491279
1630597469.918335 -307.641104 192.183905 -0.044640 -0.006355 0.014719 0.870852 0.491285
1630597470.022095 -307.794387 192.230866 -0.050115 -0.005894 0.017455 0.870251 0.492264
1630597470.125977 -307.942548 192.271867 -0.053833 -0.005329 0.019099 0.869454 0.493617
1630597470.229736 -308.086821 192.305010 -0.056113 -0.003896 0.018265 0.869185 0.494135
1630597470.333618 -308.225601 192.335387 -0.060626 -0.002370 0.017797 0.869059 0.494382
1630597470.437256 -308.358487 192.362128 -0.064058 -0.001396 0.016140 0.868420 0.495564
1630597470.540894 -308.484574 192.388236 -0.063875 -0.001716 0.014900 0.867701 0.496859
1630597470.644409 -308.601851 192.414473 -0.061721 -0.002161 0.013557 0.867674 0.496944
1630597470.748047 -308.709199 192.440710 -0.060275 -0.002456 0.012944 0.867591 0.497103
1630597470.851563 -308.806682 192.466066 -0.060078 -0.002167 0.013083 0.866992 0.498145
1630597470.954956 -308.895763 192.492411 -0.059994 -0.001844 0.014111 0.866554 0.498880
1630597471.058594 -308.978221 192.516995 -0.058878 -0.001529 0.014767 0.866488 0.498977
1630597471.162232 -309.055960 192.536896 -0.057416 -0.001107 0.014924 0.866153 0.499555
1630597471.265625 -309.131940 192.553593 -0.056732 -0.000220 0.014308 0.865679 0.500396
1630597471.369385 -309.207714 192.571864 -0.056221 0.000389 0.014087 0.865513 0.500688
1630597471.472901 -309.282547 192.591091 -0.055191 0.000652 0.013900 0.865397 0.500893
1630597471.576660 -309.355704 192.609285 -0.053619 0.000976 0.013577 0.865007 0.501576
1630597471.680420 -309.425504 192.627256 -0.051997 0.001558 0.013639 0.864744 0.502026
1630597471.784058 -309.492489 192.644724 -0.050696 0.002149 0.013604 0.864674 0.502144
1630597471.887940 -309.558490 192.660026 -0.049935 0.002787 0.013180 0.864356 0.502700
1630597471.991821 -309.623907 192.673663 -0.049581 0.003317 0.012388 0.864024 0.503287
1630597472.095703 -309.688038 192.687096 -0.049506 0.003877 0.011569 0.863902 0.503513
1630597472.199463 -309.750341 192.700427 -0.049476 0.004518 0.010798 0.863706 0.503860
1630597472.303345 -309.810745 192.714501 -0.049481 0.005070 0.010380 0.863418 0.504356
1630597472.407105 -309.869650 192.729629 -0.049602 0.005540 0.010255 0.863279 0.504592
1630597472.510864 -309.928037 192.743935 -0.049952 0.005785 0.009865 0.863134 0.504846
1630597472.614746 -309.985548 192.756408 -0.050320 0.006045 0.009195 0.862870 0.505306
1630597472.718506 -310.040721 192.768301 -0.050287 0.006307 0.008371 0.862729 0.505558
1630597472.822144 -310.092143 192.781163 -0.049937 0.006477 0.008054 0.862678 0.505649
1630597472.925903 -310.139642 192.794431 -0.049786 0.006678 0.008218 0.862464 0.506008
1630597473.029419 -310.183604 192.807060 -0.049852 0.006870 0.008393 0.862219 0.506420
1630597473.133057 -310.224419 192.819154 -0.049981 0.006936 0.008684 0.862140 0.506548
1630597473.236572 -310.262392 192.830041 -0.050237 0.006964 0.008806 0.862066 0.506671
1630597473.340210 -310.297846 192.839339 -0.050062 0.007145 0.008722 0.861833 0.507067
1630597473.443848 -310.331642 192.848596 -0.049928 0.007270 0.008893 0.861634 0.507401
1630597473.547363 -310.364365 192.857703 -0.049814 0.007325 0.008897 0.861541 0.507557
1630597473.651123 -310.395820 192.865920 -0.049386 0.007344 0.008854 0.861363 0.507860
1630597473.754639 -310.425533 192.873142 -0.048975 0.007458 0.008708 0.861176 0.508178
1630597473.858399 -310.453644 192.880273 -0.048677 0.007526 0.008585 0.861106 0.508298
1630597473.962036 -310.479889 192.886864 -0.048429 0.007639 0.008406 0.861062 0.508372
1630597474.065918 -310.504138 192.892649 -0.048210 0.007717 0.008311 0.860917 0.508619
1630597474.169556 -310.526448 192.897953 -0.048124 0.007858 0.008144 0.860791 0.508833
1630597474.273438 -310.547640 192.903675 -0.047924 0.007917 0.008129 0.860758 0.508889
1630597474.377197 -310.567975 192.908919 -0.047728 0.008005 0.008076 0.860698 0.508990
1630597474.480957 -310.587573 192.913598 -0.047697 0.008130 0.007971 0.860575 0.509196
1630597474.584839 -310.606768 192.918241 -0.047683 0.008244 0.007819 0.860497 0.509329
1630597474.688599 -310.625960 192.923248 -0.047569 0.008344 0.007799 0.860427 0.509446
1630597474.792236 -310.645412 192.928035 -0.047438 0.008413 0.007681 0.860322 0.509624
1630597474.896118 -310.665006 192.932793 -0.047436 0.008485 0.007574 0.860210 0.509813
1630597474.999878 -310.684768 192.937680 -0.047502 0.008627 0.007419 0.860148 0.509918
1630597475.103516 -310.705019 192.942574 -0.047436 0.008792 0.007320 0.860072 0.510045
1630597475.207276 -310.725904 192.947262 -0.047255 0.008915 0.007066 0.859955 0.510243
1630597475.311035 -310.747165 192.952373 -0.047152 0.008973 0.006906 0.859849 0.510423
1630597475.414551 -310.768652 192.957830 -0.047133 0.009102 0.006788 0.859780 0.510539
1630597475.518311 -310.790435 192.963137 -0.047042 0.009198 0.006629 0.859670 0.510725
1630597475.621826 -310.812087 192.967987 -0.046970 0.009371 0.006360 0.859522 0.510974
1630597475.725586 -310.833345 192.973413 -0.046808 0.009525 0.006321 0.859433 0.511121
1630597475.829102 -310.854010 192.978900 -0.046667 0.009581 0.006215 0.859369 0.511228
1630597475.932861 -310.874081 192.983969 -0.046763 0.009672 0.006131 0.859234 0.511455
1630597476.036377 -310.893627 192.988541 -0.046904 0.009842 0.005954 0.859108 0.511666
1630597476.140137 -310.912853 192.993054 -0.046995 0.010023 0.005777 0.859002 0.511841
1630597476.243652 -310.932210 192.997702 -0.046978 0.010160 0.005625 0.858891 0.512027
1630597476.347412 -310.952156 193.002331 -0.046963 0.010293 0.005411 0.858768 0.512232
1630597476.451050 -310.972924 193.006902 -0.047144 0.010380 0.005080 0.858668 0.512402
1630597476.554688 -310.994294 193.011270 -0.047289 0.010453 0.004677 0.858562 0.512582
1630597476.658447 -311.015364 193.015405 -0.047185 0.010532 0.004212 0.858444 0.512783
1630597476.762329 -311.035287 193.019562 -0.046997 0.010539 0.003783 0.858381 0.512891
1630597476.866089 -311.053518 193.023588 -0.046931 0.010560 0.003497 0.858344 0.512953
1630597476.969849 -311.069997 193.027044 -0.046988 0.010594 0.003133 0.858286 0.513053
1630597477.073609 -311.084430 193.029965 -0.047081 0.010597 0.002827 0.858209 0.513184
1630597477.177368 -311.096744 193.032597 -0.047115 0.010641 0.002586 0.858184 0.513225
1630597477.281128 -311.106894 193.035058 -0.047046 0.010608 0.002448 0.858174 0.513243
1630597477.384766 -311.114885 193.036950 -0.046959 0.010533 0.002343 0.858122 0.513333
1630597477.488526 -311.120828 193.038284 -0.046979 0.010560 0.002279 0.858085 0.513395
1630597477.592163 -311.124929 193.039152 -0.047001 0.010545 0.002210 0.858099 0.513372
1630597477.696045 -311.127284 193.039455 -0.047013 0.010544 0.002147 0.858088 0.513390
1630597477.799561 -311.128057 193.039379 -0.047023 0.010586 0.002139 0.858061 0.513434
1630597477.903198 -311.127624 193.039215 -0.047033 0.010602 0.002160 0.858074 0.513412
1630597478.006836 -311.126968 193.039060 -0.046929 0.010628 0.002215 0.858081 0.513400
1630597478.110596 -311.126956 193.039057 -0.046737 0.010607 0.002280 0.858070 0.513418
1630597478.214356 -311.126967 193.038950 -0.046758 0.010559 0.002256 0.858083 0.513398
1630597478.317871 -311.126635 193.038555 -0.046745 0.010605 0.002252 0.858077 0.513407
1630597478.421631 -311.126514 193.038299 -0.046633 0.010625 0.002248 0.858082 0.513398
1630597478.525147 -311.126503 193.038220 -0.046618 0.010564 0.002231 0.858093 0.513380
1630597478.628906 -311.126250 193.038018 -0.046594 0.010587 0.002271 0.858082 0.513399
1630597478.732666 -311.126019 193.037739 -0.046562 0.010639 0.002248 0.858086 0.513391
1630597478.836304 -311.126070 193.037541 -0.046553 0.010592 0.002241 0.858083 0.513397
1630597478.940186 -311.126980 193.037626 -0.046708 0.010726 0.002266 0.858055 0.513441
1630597479.043823 -311.129806 193.038528 -0.046861 0.010768 0.002329 0.858036 0.513471
1630597479.147583 -311.134756 193.039885 -0.046894 0.010747 0.002294 0.858036 0.513472
1630597479.251343 -311.141541 193.041408 -0.046825 0.010769 0.002231 0.858002 0.513529
1630597479.355103 -311.149867 193.043094 -0.046691 0.010746 0.002024 0.857962 0.513596
1630597479.458740 -311.159371 193.045142 -0.046576 0.010746 0.001864 0.857927 0.513655
1630597479.562500 -311.169889 193.047368 -0.046461 0.010776 0.001658 0.857895 0.513709
1630597479.666260 -311.181316 193.049676 -0.046348 0.010804 0.001381 0.857833 0.513813
1630597479.769898 -311.193574 193.052220 -0.046210 0.010864 0.001141 0.857769 0.513920
1630597479.873657 -311.206480 193.054906 -0.045992 0.010851 0.000829 0.857722 0.513998
1630597479.977295 -311.219726 193.057725 -0.045778 0.010802 0.000548 0.857678 0.514073
1630597480.080933 -311.232787 193.060541 -0.045483 0.010706 0.000218 0.857623 0.514167
1630597480.184570 -311.244317 193.063495 -0.044988 0.010389 0.000038 0.857561 0.514278
1630597480.288208 -311.252515 193.065893 -0.044392 0.010051 -0.000093 0.857532 0.514333
1630597480.391846 -311.255042 193.066772 -0.044166 0.009810 -0.000079 0.857529 0.514341
1630597480.495606 -311.255058 193.066776 -0.044166 0.009786 -0.000087 0.857534 0.514335
1630597480.599365 -311.254986 193.066755 -0.044168 0.010027 -0.000021 0.857525 0.514344
1630597480.702881 -311.254944 193.066738 -0.044167 0.010187 0.000001 0.857545 0.514308
1630597480.806641 -311.254940 193.066750 -0.044168 0.010177 0.000047 0.857542 0.514313
1630597480.910401 -311.254965 193.066744 -0.044167 0.010114 -0.000025 0.857542 0.514314
1630597481.014160 -311.254969 193.066725 -0.044168 0.010128 -0.000091 0.857539 0.514319
1630597481.117798 -311.254947 193.066721 -0.044167 0.010209 -0.000064 0.857547 0.514305
1630597481.221558 -311.254957 193.066734 -0.044168 0.010152 -0.000037 0.857545 0.514308
1630597481.325318 -311.254964 193.066738 -0.044168 0.010127 -0.000040 0.857546 0.514308
1630597481.429077 -311.254949 193.066727 -0.044168 0.010198 -0.000045 0.857548 0.514304
1630597481.532837 -311.254962 193.066725 -0.044168 0.010158 -0.000082 0.857546 0.514307
1630597481.636475 -311.254957 193.066734 -0.044168 0.010157 -0.000037 0.857551 0.514298
1630597481.740235 -311.254956 193.066731 -0.044168 0.010167 -0.000049 0.857549 0.514302
1630597481.843994 -311.254960 193.066729 -0.044168 0.010153 -0.000060 0.857549 0.514302
1630597481.947754 -311.254953 193.066725 -0.044168 0.010185 -0.000058 0.857551 0.514298
1630597482.051392 -311.254967 193.066728 -0.044168 0.010131 -0.000076 0.857550 0.514300
1630597482.155029 -311.254902 193.066666 -0.044154 0.010164 -0.000039 0.857552 0.514297
1630597482.258789 -311.254998 193.066492 -0.044181 0.010201 -0.000080 0.857550 0.514300
1630597482.362427 -311.255624 193.066514 -0.044363 0.010251 -0.000075 0.857537 0.514320
1630597482.466065 -311.257121 193.066946 -0.044570 0.010334 -0.000060 0.857537 0.514318
1630597482.569824 -311.259612 193.067682 -0.044628 0.010331 -0.000055 0.857530 0.514331
1630597482.673340 -311.262983 193.068517 -0.044549 0.010323 -0.000083 0.857508 0.514367
1630597482.777100 -311.267249 193.069352 -0.044489 0.010395 -0.000174 0.857493 0.514390
1630597482.880860 -311.273186 193.070542 -0.044937 0.010649 -0.000236 0.857467 0.514429
1630597482.984497 -311.284814 193.073208 -0.047025 0.011971 -0.000164 0.857351 0.514594
1630597483.088135 -311.310225 193.079679 -0.050005 0.014063 0.000014 0.857226 0.514749
1630597483.191895 -311.358534 193.091826 -0.051900 0.015755 -0.000311 0.857065 0.514967
1630597483.295654 -311.434003 193.111163 -0.050651 0.015155 -0.001459 0.856754 0.515501
1630597483.399292 -311.534191 193.136792 -0.047949 0.012859 -0.003777 0.856249 0.516390
1630597483.503174 -311.650694 193.173445 -0.045596 0.010694 -0.004398 0.855700 0.517342
1630597483.607056 -311.776826 193.224259 -0.043157 0.009097 -0.002169 0.854762 0.518936
1630597483.710816 -311.914360 193.287982 -0.039433 0.007497 0.002229 0.853156 0.521597
1630597483.814453 -312.066778 193.355117 -0.033397 0.005226 0.006213 0.851199 0.524780
1630597483.918335 -312.234446 193.408865 -0.026464 0.005835 0.004765 0.848988 0.528358
1630597484.022095 -312.417973 193.450620 -0.021404 0.008206 -0.000824 0.846496 0.532331
1630597484.125855 -312.618271 193.493445 -0.019757 0.010789 -0.009302 0.843084 0.537594
1630597484.229614 -312.830976 193.560163 -0.019049 0.010305 -0.014798 0.838243 0.544998
1630597484.333374 -313.051090 193.659979 -0.018666 0.007003 -0.015293 0.832060 0.554430
1630597484.437134 -313.274943 193.784333 -0.018973 0.003365 -0.012893 0.824529 0.565662
1630597484.540894 -313.499089 193.923128 -0.018257 0.001840 -0.007231 0.815744 0.578365
1630597484.644776 -313.737634 194.058727 -0.021351 0.002918 -0.007268 0.805589 0.592423
1630597484.748535 -314.006222 194.181186 -0.031299 0.004187 -0.017373 0.794334 0.607218
1630597484.852295 -314.301998 194.308481 -0.040494 0.002704 -0.035505 0.783174 0.620782
1630597484.956055 -314.586057 194.487153 -0.037431 -0.002358 -0.040534 0.771605 0.634805
1630597485.059570 -314.849007 194.707774 -0.027711 -0.007329 -0.039408 0.757263 0.651879
1630597485.163330 -315.093161 194.953338 -0.022419 -0.009040 -0.032512 0.740622 0.671074
1630597485.266846 -315.328058 195.206836 -0.028015 -0.005975 -0.028871 0.723798 0.689382
1630597485.370484 -315.554356 195.488896 -0.038222 -0.004430 -0.021376 0.706416 0.707460
1630597485.473999 -315.775527 195.796885 -0.045918 -0.005111 -0.014419 0.688060 0.725493
1630597485.577515 -315.999075 196.107125 -0.059219 -0.004303 -0.012195 0.667273 0.744701
1630597485.681152 -316.226511 196.411398 -0.073656 0.000559 -0.018434 0.645600 0.763453
1630597485.784668 -316.444904 196.734057 -0.074539 0.003255 -0.024103 0.625256 0.780041
1630597485.888184 -316.640931 197.089536 -0.063309 0.003324 -0.023802 0.605448 0.795522
1630597485.991821 -316.812493 197.473854 -0.049211 0.002187 -0.021317 0.585698 0.810246
1630597486.095337 -316.958653 197.876119 -0.042425 0.002926 -0.015750 0.565689 0.824463
1630597486.198853 -317.088683 198.287877 -0.043838 0.005799 -0.011527 0.545286 0.838150
1630597486.302490 -317.207355 198.711567 -0.047788 0.009142 -0.009041 0.524926 0.851050
1630597486.406006 -317.308482 199.151697 -0.052406 0.012467 -0.006401 0.505877 0.862492
1630597486.509766 -317.393366 199.613716 -0.053870 0.014228 -0.002452 0.487059 0.873250
1630597486.613403 -317.466535 200.094690 -0.048101 0.013675 0.001067 0.469222 0.882974
1630597486.717163 -317.534855 200.592465 -0.036207 0.012524 0.003625 0.452517 0.891660
1630597486.820923 -317.599730 201.104213 -0.024669 0.011830 0.002377 0.438060 0.898865
1630597486.924683 -317.650370 201.633522 -0.017995 0.012981 0.002281 0.426266 0.904502
1630597487.028320 -317.689542 202.182021 -0.015354 0.014837 0.003030 0.416680 0.908927
1630597487.132080 -317.722101 202.751183 -0.014535 0.016937 0.003304 0.409202 0.912281
1630597487.235840 -317.749681 203.342589 -0.011398 0.018520 0.003498 0.403365 0.914845
1630597487.339478 -317.777266 203.957458 -0.002167 0.018046 0.003267 0.398094 0.917161
1630597487.443237 -317.802963 204.594816 0.009623 0.016728 0.002668 0.393019 0.919374
1630597487.546875 -317.824193 205.250397 0.020785 0.015055 0.000756 0.388054 0.921513
1630597487.650635 -317.834150 205.924393 0.030313 0.014913 0.000726 0.383037 0.923612
1630597487.754517 -317.832157 206.617186 0.038382 0.015884 0.001745 0.378953 0.925278
1630597487.858399 -317.823882 207.329409 0.046153 0.017350 0.002830 0.375873 0.926505
1630597487.962280 -317.817096 208.064064 0.055086 0.017621 0.002941 0.373059 0.927636
1630597488.066040 -317.810080 208.820162 0.066021 0.016619 0.002823 0.371078 0.928448
1630597488.170044 -317.799413 209.597394 0.077904 0.015861 0.002592 0.369788 0.928977
1630597488.273804 -317.784659 210.390519 0.088778 0.016109 0.002914 0.368759 0.929381
1630597488.377686 -317.768207 211.202329 0.098557 0.017066 0.003106 0.368513 0.929461
1630597488.481445 -317.751172 212.033591 0.108581 0.017791 0.003811 0.368717 0.929364
1630597488.585083 -317.737819 212.884606 0.120084 0.017443 0.003610 0.369026 0.929248
1630597488.688843 -317.726702 213.755983 0.133391 0.016968 0.003475 0.369192 0.929192
1630597488.792481 -317.715394 214.644456 0.146750 0.016357 0.002972 0.369241 0.929185
1630597488.896240 -317.702037 215.550306 0.159486 0.016225 0.002909 0.369942 0.928909
1630597488.999756 -317.689081 216.469913 0.171967 0.016456 0.003546 0.370954 0.928499
1630597489.103516 -317.679836 217.407467 0.185050 0.016525 0.003881 0.372235 0.927983
1630597489.207031 -317.675204 218.356813 0.199540 0.015962 0.003733 0.373861 0.927340
1630597489.310791 -317.674395 219.320586 0.214011 0.015351 0.004028 0.375755 0.926583
1630597489.414307 -317.678193 220.292859 0.228127 0.014664 0.004083 0.377901 0.925721
1630597489.518067 -317.686753 221.276650 0.242275 0.013805 0.004035 0.380049 0.924855
1630597489.621582 -317.699491 222.265241 0.255712 0.013473 0.004195 0.382373 0.923900
1630597489.725342 -317.718060 223.264794 0.267702 0.013897 0.003797 0.384568 0.922984
1630597489.828858 -317.739227 224.273389 0.279863 0.014564 0.004392 0.386773 0.922049
1630597489.932617 -317.766378 225.294709 0.293342 0.013904 0.004300 0.388964 0.921138
1630597490.036377 -317.801380 226.325113 0.307341 0.013541 0.003231 0.390999 0.920286
1630597490.140259 -317.840322 227.364974 0.321178 0.014853 0.002674 0.392848 0.919480
1630597490.244019 -317.883462 228.415437 0.335001 0.015889 0.001636 0.394434 0.918785
1630597490.347778 -317.930418 229.481332 0.350728 0.015305 0.001883 0.395615 0.918287
1630597490.451660 -317.980001 230.563964 0.368604 0.013996 0.002058 0.396375 0.917980
1630597490.555420 -318.030722 231.654630 0.384896 0.012703 0.001610 0.396555 0.917922
1630597490.659180 -318.080441 232.753276 0.398229 0.014283 0.000616 0.396385 0.917973
1630597490.762940 -318.127320 233.864542 0.412068 0.015608 0.000979 0.396042 0.918099
1630597490.866821 -318.173825 234.992335 0.429881 0.016429 0.001466 0.395759 0.918206
1630597490.970459 -318.220774 236.132842 0.449859 0.015510 0.001784 0.395466 0.918348
1630597491.074219 -318.268444 237.289508 0.468897 0.014160 0.001876 0.395173 0.918496
1630597491.177735 -318.313861 238.454316 0.487024 0.013465 0.002837 0.394680 0.918715
1630597491.281494 -318.357447 239.630289 0.502211 0.014865 0.003024 0.394279 0.918865
1630597491.385010 -318.399193 240.815876 0.517423 0.015871 0.003512 0.393932 0.918996
1630597491.488648 -318.441380 242.018013 0.534679 0.016189 0.004104 0.393673 0.919099
1630597491.592285 -318.484808 243.234058 0.553365 0.015773 0.004685 0.393416 0.919213
1630597491.695679 -318.530568 244.458693 0.571389 0.015495 0.003939 0.393182 0.919322
1630597491.799317 -318.576198 245.697983 0.589000 0.015696 0.003816 0.392937 0.919423
1630597491.902954 -318.623407 246.949639 0.607406 0.015461 0.002779 0.392622 0.919566
1630597492.006592 -318.670193 248.213554 0.626561 0.015485 0.002295 0.392317 0.919697
1630597492.110230 -318.715413 249.489467 0.646464 0.015002 0.001809 0.391882 0.919891
1630597492.213989 -318.757055 250.778329 0.666782 0.015377 0.001774 0.391233 0.920161
1630597492.317749 -318.797261 252.078747 0.687762 0.014723 0.002061 0.390266 0.920582
1630597492.421509 -318.835763 253.389098 0.708920 0.014096 0.002112 0.389100 0.921085
1630597492.525269 -318.872596 254.707554 0.728792 0.013307 0.001610 0.388108 0.921517
1630597492.629028 -318.904887 256.034913 0.746946 0.013058 0.002169 0.387199 0.921901
1630597492.732788 -318.935896 257.370599 0.764341 0.012198 0.001933 0.386242 0.922315
1630597492.836670 -318.964026 258.714572 0.780614 0.012408 0.001864 0.385154 0.922767
1630597492.940430 -318.992254 260.064502 0.796705 0.012154 0.000527 0.384158 0.923187
1630597493.044312 -319.016744 261.426024 0.813165 0.012078 -0.000007 0.383178 0.923595
1630597493.148071 -319.038467 262.796936 0.829628 0.010600 -0.000509 0.382204 0.924017
1630597493.251709 -319.056594 264.174305 0.845537 0.009619 -0.000542 0.381036 0.924510
1630597493.355469 -319.070236 265.558371 0.859187 0.008823 -0.000652 0.379788 0.925031
1630597493.459229 -319.078504 266.946641 0.871486 0.009088 -0.000119 0.378466 0.925570
1630597493.562744 -319.082497 268.335286 0.884305 0.008659 0.000145 0.377124 0.926122
1630597493.666504 -319.081885 269.729785 0.897800 0.008991 0.000764 0.375708 0.926694
1630597493.770142 -319.078596 271.123898 0.912155 0.009124 0.000320 0.374282 0.927270
1630597493.873779 -319.069434 272.519080 0.926984 0.010075 0.000313 0.372891 0.927820
1630597493.977417 -319.055078 273.918315 0.943056 0.010816 0.000996 0.371501 0.928369
1630597494.081055 -319.035698 275.322759 0.960705 0.011475 0.002061 0.370272 0.928850
1630597494.184693 -319.013664 276.732779 0.978447 0.011307 0.002297 0.369236 0.929264
1630597494.288330 -318.988987 278.147297 0.995667 0.011027 0.002574 0.368310 0.929634
1630597494.392090 -318.962613 279.565621 1.012116 0.011289 0.002633 0.367508 0.929948
1630597494.495606 -318.935156 280.982580 1.028733 0.011634 0.002463 0.366892 0.930187
1630597494.599365 -318.906125 282.406294 1.047221 0.011574 0.002368 0.366360 0.930398
1630597494.703003 -318.874702 283.829474 1.067233 0.010895 0.003293 0.365836 0.930610
1630597494.806763 -318.844925 285.246684 1.087912 0.011808 0.001196 0.365520 0.930728
1630597494.910523 -318.811665 286.665363 1.107237 0.012460 0.002045 0.365363 0.930779
1630597495.014160 -318.779528 288.090150 1.130515 0.006293 0.004525 0.365116 0.930930
1630597495.117920 -318.749405 289.503894 1.142876 0.006881 0.003124 0.364997 0.930978
1630597495.221680 -318.718076 290.909021 1.151220 0.007375 0.001873 0.364915 0.931010
1630597495.325562 -318.684240 292.314721 1.162351 0.009327 0.000999 0.365051 0.930940
1630597495.429321 -318.649055 293.722825 1.177789 0.008789 0.001874 0.365098 0.930926
1630597495.532959 -318.614344 295.130348 1.194021 0.008434 0.002762 0.365104 0.930925
1630597495.636841 -318.581315 296.538072 1.207490 0.007926 0.002350 0.365132 0.930919
1630597495.740479 -318.547310 297.940221 1.219175 0.008435 0.002586 0.365121 0.930918
1630597495.844238 -318.514763 299.344113 1.231453 0.008356 0.002553 0.365044 0.930949
1630597495.947998 -318.481709 300.747739 1.244349 0.008078 0.002858 0.365106 0.930926
1630597496.051514 -318.448636 302.145949 1.256745 0.007910 0.003000 0.365091 0.930933
1630597496.155274 -318.415604 303.544643 1.268921 0.008432 0.002680 0.364963 0.930980
1630597496.259033 -318.383459 304.942082 1.281881 0.008498 0.002267 0.364914 0.931000
1630597496.362549 -318.351080 306.335600 1.295644 0.007662 0.002054 0.364879 0.931021
1630597496.466309 -318.317934 307.729514 1.309006 0.007273 0.002227 0.364778 0.931063
1630597496.569824 -318.283334 309.116332 1.321118 0.007415 0.002524 0.364719 0.931085
1630597496.673584 -318.248024 310.504565 1.332412 0.007451 0.003095 0.364667 0.931103
1630597496.777100 -318.213070 311.887101 1.343501 0.006529 0.003736 0.364572 0.931145
1630597496.880860 -318.178517 313.268266 1.353248 0.006824 0.003111 0.364458 0.931190
1630597496.984497 -318.145960 314.643399 1.362692 0.006115 0.002871 0.364295 0.931259
1630597497.088257 -318.112834 316.016398 1.372460 0.006523 0.002343 0.364135 0.931320
1630597497.192017 -318.078513 317.386622 1.382979 0.005847 0.002716 0.364000 0.931377
1630597497.295654 -318.041743 318.751422 1.392306 0.005830 0.003192 0.363937 0.931400
1630597497.399414 -318.003387 320.113377 1.400164 0.005863 0.004051 0.363914 0.931405
1630597497.503174 -317.965017 321.469402 1.407531 0.006361 0.004526 0.364018 0.931359
1630597497.606934 -317.926637 322.821415 1.414744 0.007036 0.005657 0.364001 0.931355
1630597497.710693 -317.888729 324.171027 1.423292 0.006348 0.006777 0.363857 0.931409
1630597497.814453 -317.851762 325.516855 1.430794 0.006477 0.006984 0.363908 0.931386
1630597497.918213 -317.813588 326.858988 1.436339 0.006559 0.007777 0.364048 0.931324
1630597498.021973 -317.777582 328.198457 1.440550 0.006760 0.007924 0.364109 0.931298
1630597498.125733 -317.743592 329.536663 1.443704 0.006816 0.007763 0.364262 0.931239
1630597498.229248 -317.711263 330.870759 1.446861 0.006287 0.007380 0.364427 0.931182
1630597498.333008 -317.678843 332.205563 1.449989 0.006851 0.007153 0.364479 0.931159
1630597498.436768 -317.646619 333.539545 1.454001 0.007126 0.006376 0.364700 0.931076
1630597498.540405 -317.611816 334.872994 1.458974 0.007363 0.007422 0.364910 0.930984
1630597498.644043 -317.578696 336.207207 1.463669 0.006600 0.007622 0.365087 0.930919
1630597498.747803 -317.545961 337.542272 1.466856 0.006236 0.008555 0.365252 0.930849
1630597498.851318 -317.516404 338.872554 1.468035 0.005769 0.008188 0.365382 0.930804
1630597498.955078 -317.488010 340.204716 1.468142 0.005525 0.007926 0.365473 0.930772
1630597499.058838 -317.460281 341.535586 1.468051 0.005511 0.007098 0.365666 0.930703
1630597499.162476 -317.431797 342.863943 1.468507 0.005578 0.006872 0.365844 0.930634
1630597499.266235 -317.402224 344.193858 1.469868 0.006080 0.006982 0.365986 0.930574
1630597499.369873 -317.374384 345.519150 1.473581 0.006951 0.006850 0.366024 0.930554
1630597499.473633 -317.345849 346.848254 1.475672 0.008178 0.006653 0.366082 0.930523
1630597499.577271 -317.315501 348.183798 1.479362 0.003383 0.009094 0.365939 0.930588
1630597499.681152 -317.285612 349.515352 1.476557 0.003488 0.008772 0.365966 0.930580
1630597499.784912 -317.254800 350.838522 1.469311 0.005831 0.008222 0.365989 0.930565
1630597499.888550 -317.226694 352.162137 1.466844 0.008098 0.007115 0.365959 0.930568
1630597499.992188 -317.200651 353.492672 1.470905 0.007856 0.006237 0.365981 0.930568
1630597500.095947 -317.174447 354.830321 1.477889 0.006701 0.005967 0.365946 0.930593
1630597500.199707 -317.147114 356.169285 1.482427 0.005695 0.006177 0.365937 0.930602
1630597500.303467 -317.119031 357.507217 1.483678 0.005903 0.005791 0.366049 0.930559
1630597500.407227 -317.089314 358.846383 1.483680 0.006521 0.005985 0.366134 0.930520
1630597500.510864 -317.060055 360.187716 1.484953 0.006180 0.006291 0.366228 0.930483
1630597500.614502 -317.031254 361.532821 1.486042 0.005555 0.006695 0.366300 0.930456
1630597500.718262 -317.002394 362.881806 1.485776 0.004229 0.007804 0.366429 0.930404
1630597500.821777 -316.974903 364.226581 1.483182 0.003696 0.007781 0.366595 0.930341
1630597500.925537 -316.947454 365.573489 1.478321 0.003882 0.007726 0.366750 0.930279
1630597501.029297 -316.920439 366.922194 1.472886 0.003673 0.008034 0.366912 0.930214
1630597501.132813 -316.895128 368.268896 1.467612 0.002944 0.008033 0.367121 0.930134
1630597501.236572 -316.869763 369.617541 1.461227 0.002846 0.008020 0.367214 0.930098
1630597501.340088 -316.843836 370.961721 1.454433 0.003325 0.008310 0.367262 0.930074
1630597501.443848 -316.817709 372.308765 1.448530 0.004032 0.008288 0.367307 0.930054
1630597501.547608 -316.790532 373.656454 1.443831 0.004449 0.008946 0.367352 0.930029
1630597501.651367 -316.765471 375.004915 1.440315 0.004307 0.008692 0.367334 0.930039
1630597501.755005 -316.739785 376.350716 1.437242 0.004336 0.008414 0.367219 0.930086
1630597501.858765 -316.715599 377.699397 1.433343 0.003935 0.007468 0.366963 0.930197
1630597501.962525 -316.687975 379.052130 1.429583 0.002101 0.008974 0.366725 0.930284
1630597502.066284 -316.654573 380.404136 1.421838 0.001506 0.011806 0.366415 0.930375
1630597502.169922 -316.620696 381.748662 1.409808 0.002453 0.013999 0.365916 0.930540
1630597502.273682 -316.591945 383.087708 1.397408 0.004480 0.012104 0.365703 0.930642
1630597502.377442 -316.563566 384.426362 1.389616 0.006158 0.010210 0.365611 0.930691
1630597502.481079 -316.535812 385.769104 1.388849 0.005305 0.009596 0.365328 0.930814
1630597502.584839 -316.508868 387.113899 1.390126 0.003488 0.009222 0.364851 0.931014
1630597502.688477 -316.477806 388.453660 1.386735 0.002996 0.009476 0.364633 0.931098
1630597502.792236 -316.443847 389.792708 1.379923 0.002309 0.010038 0.364694 0.931070
1630597502.895874 -316.407669 391.127631 1.370262 0.002506 0.011518 0.364739 0.931035
1630597502.999512 -316.374723 392.458462 1.360570 0.002478 0.011508 0.364819 0.931004
1630597503.103272 -316.342571 393.787528 1.351206 0.002979 0.011417 0.364965 0.930947
1630597503.206909 -316.311307 395.114075 1.343495 0.002623 0.011260 0.365000 0.930936
1630597503.310669 -316.280482 396.440403 1.335851 0.002066 0.011364 0.364968 0.930948
1630597503.414429 -316.249820 397.762020 1.327147 0.001958 0.010970 0.365073 0.930912
1630597503.518067 -316.217661 399.077475 1.317502 0.002839 0.010906 0.365131 0.930888
1630597503.621826 -316.186821 400.392849 1.309138 0.002817 0.010264 0.365197 0.930869
1630597503.725586 -316.156380 401.706731 1.301946 0.001878 0.010451 0.365282 0.930836
1630597503.829346 -316.126441 403.016511 1.294295 0.001226 0.010687 0.365341 0.930811
1630597503.932984 -316.097971 404.319288 1.285007 0.001031 0.010285 0.365339 0.930817
1630597504.036621 -316.068283 405.618156 1.274472 0.001046 0.010499 0.365406 0.930788
1630597504.140381 -316.038574 406.914184 1.264015 0.000610 0.010373 0.365561 0.930730
1630597504.244019 -316.008220 408.204299 1.252787 0.000623 0.010577 0.365610 0.930708
1630597504.347901 -315.977587 409.493650 1.241751 0.000274 0.011296 0.365762 0.930640
1630597504.451416 -315.947426 410.773112 1.229639 0.000122 0.011694 0.365957 0.930558
1630597504.555176 -315.918264 412.051129 1.215992 -0.000345 0.011923 0.366188 0.930464
1630597504.658936 -315.890026 413.324935 1.201532 -0.000867 0.012446 0.366484 0.930341
1630597504.762695 -315.862648 414.591891 1.186060 -0.001611 0.012770 0.366819 0.930203
1630597504.866333 -315.835143 415.848600 1.169226 -0.001170 0.013803 0.366865 0.930171
1630597504.969971 -315.810335 417.096556 1.152907 -0.000892 0.013315 0.367146 0.930068
1630597505.073731 -315.784428 418.337805 1.137440 -0.000349 0.013814 0.367546 0.929903
1630597505.177490 -315.761435 419.570922 1.123230 -0.000671 0.013980 0.367923 0.929751
1630597505.281250 -315.743146 420.794183 1.109579 -0.001498 0.013116 0.368368 0.929586
1630597505.385010 -315.728312 422.006315 1.095004 -0.002266 0.012016 0.368610 0.929504
1630597505.488770 -315.716141 423.205610 1.080721 -0.002799 0.010137 0.368575 0.929538
1630597505.592407 -315.701802 424.390127 1.066063 -0.002627 0.009533 0.368555 0.929553
1630597505.696045 -315.685281 425.561686 1.053542 -0.002655 0.008812 0.368709 0.929499
1630597505.799805 -315.664826 426.722145 1.041423 -0.001796 0.009584 0.368896 0.929420
1630597505.903565 -315.644307 427.871953 1.029933 -0.002302 0.010298 0.369068 0.929343
1630597506.007324 -315.625298 429.010103 1.018396 -0.002231 0.011067 0.369173 0.929292
1630597506.111084 -315.609633 430.135627 1.005193 -0.002869 0.010531 0.369253 0.929265
1630597506.214722 -315.594845 431.246693 0.991332 -0.002884 0.010370 0.369283 0.929255
1630597506.318360 -315.580708 432.344310 0.977434 -0.002597 0.009799 0.369386 0.929221
1630597506.422119 -315.565893 433.430465 0.964369 -0.002492 0.009505 0.369550 0.929159
1630597506.525635 -315.550752 434.501948 0.952542 -0.002158 0.009545 0.369624 0.929130
1630597506.629395 -315.535786 435.563704 0.941410 -0.002414 0.009856 0.369633 0.929122
1630597506.733032 -315.522203 436.610917 0.930536 -0.002520 0.009802 0.369652 0.929115
1630597506.836792 -315.508471 437.647019 0.918476 -0.002680 0.009843 0.369719 0.929088
1630597506.940430 -315.495101 438.669437 0.906467 -0.003421 0.009850 0.369794 0.929055
1630597507.044190 -315.481850 439.679084 0.894288 -0.003764 0.009891 0.369863 0.929026
1630597507.147949 -315.468954 440.674092 0.880942 -0.003479 0.010031 0.369882 0.929018
1630597507.251587 -315.455746 441.654338 0.867632 -0.003062 0.010322 0.369964 0.928984
1630597507.355225 -315.443728 442.622465 0.855090 -0.003324 0.009938 0.370006 0.928970
1630597507.459107 -315.430381 443.579125 0.843038 -0.003216 0.010565 0.370033 0.928953
1630597507.562744 -315.418088 444.520260 0.831066 -0.003376 0.010523 0.370075 0.928936
1630597507.666504 -315.403928 445.449505 0.818118 -0.003375 0.011723 0.370060 0.928928
1630597507.770264 -315.391885 446.364984 0.805714 -0.003916 0.011788 0.370170 0.928881
1630597507.873901 -315.379801 447.264596 0.792932 -0.003579 0.012050 0.370163 0.928882
1630597507.977783 -315.367953 448.151797 0.778965 -0.002952 0.012010 0.370222 0.928861
1630597508.081299 -315.358116 449.024266 0.765743 -0.003006 0.011678 0.370187 0.928879
1630597508.185059 -315.348951 449.885665 0.753457 -0.003371 0.011656 0.370101 0.928912
1630597508.288818 -315.340553 450.732610 0.741786 -0.004282 0.011154 0.369989 0.928959
1630597508.392334 -315.331081 451.558865 0.729401 -0.004691 0.010924 0.369725 0.929065
1630597508.496094 -315.320304 452.364331 0.717472 -0.004785 0.010979 0.369410 0.929189
1630597508.599854 -315.309469 453.142697 0.705797 -0.005003 0.010837 0.369144 0.929295
1630597508.703369 -315.298070 453.889136 0.695072 -0.005201 0.011173 0.368806 0.929425
1630597508.807129 -315.288014 454.606072 0.686066 -0.006051 0.010817 0.368239 0.929648
1630597508.910889 -315.276495 455.289865 0.677593 -0.006376 0.010614 0.367186 0.930065
1630597509.014649 -315.261568 455.939055 0.668728 -0.006160 0.011051 0.365984 0.930535
1630597509.118408 -315.244887 456.554414 0.659688 -0.005759 0.011434 0.364978 0.930928
1630597509.222046 -315.228988 457.136181 0.651202 -0.005637 0.011475 0.363981 0.931318
1630597509.325806 -315.213024 457.685578 0.643752 -0.005766 0.011692 0.363025 0.931688
1630597509.429443 -315.195828 458.199228 0.637645 -0.005764 0.012164 0.362289 0.931969
1630597509.533203 -315.178770 458.678272 0.631918 -0.005609 0.012559 0.361616 0.932226
1630597509.636841 -315.163148 459.123002 0.625808 -0.005338 0.012830 0.361032 0.932450
1630597509.740479 -315.149337 459.536060 0.619638 -0.005215 0.012614 0.360717 0.932575
1630597509.844238 -315.136216 459.918333 0.613793 -0.004631 0.012509 0.360240 0.932764
1630597509.947876 -315.123089 460.271002 0.609065 -0.004372 0.012489 0.359882 0.932904
1630597510.051636 -315.110584 460.596471 0.605536 -0.004353 0.012632 0.359524 0.933040
1630597510.155274 -315.100401 460.893277 0.602804 -0.003996 0.012134 0.359168 0.933186
1630597510.259033 -315.090142 461.165367 0.599892 -0.003072 0.011924 0.358891 0.933298
1630597510.362793 -315.079891 461.417162 0.596364 -0.002508 0.011668 0.358700 0.933376
1630597510.466553 -315.068985 461.649894 0.591994 -0.002161 0.012503 0.358538 0.933429
1630597510.570313 -315.060687 461.863316 0.588229 -0.002299 0.012621 0.358654 0.933382
1630597510.673828 -315.054428 462.056434 0.585653 -0.002585 0.012641 0.359006 0.933246
1630597510.777588 -315.049726 462.230703 0.584154 -0.003065 0.012420 0.359282 0.933141
1630597510.881348 -315.044716 462.386157 0.583108 -0.003239 0.012458 0.359358 0.933111
1630597510.984985 -315.039122 462.523431 0.581693 -0.003113 0.012638 0.359451 0.933073
1630597511.088745 -315.033913 462.644274 0.579482 -0.002690 0.012737 0.359646 0.932998
1630597511.192505 -315.030053 462.750753 0.577008 -0.002184 0.012633 0.359777 0.932950
1630597511.296143 -315.027732 462.843483 0.575412 -0.002217 0.012400 0.359792 0.932947
1630597511.399902 -315.026005 462.922748 0.574347 -0.002208 0.012228 0.359810 0.932943
1630597511.503662 -315.024555 462.989315 0.573536 -0.002229 0.011958 0.359919 0.932904
1630597511.607422 -315.023050 463.043910 0.572870 -0.002216 0.011899 0.359995 0.932876
1630597511.711182 -315.021808 463.087394 0.572089 -0.002061 0.011796 0.359993 0.932878
1630597511.814819 -315.020673 463.121523 0.571432 -0.001779 0.011687 0.360001 0.932877
1630597511.918701 -315.019762 463.147964 0.571166 -0.001581 0.011617 0.360066 0.932853
1630597512.022217 -315.019334 463.167132 0.571209 -0.001569 0.011534 0.360101 0.932841
1630597512.125977 -315.019214 463.177934 0.571277 -0.001631 0.011503 0.360083 0.932848
1630597512.229736 -315.019211 463.178965 0.571277 -0.001608 0.011466 0.360121 0.932834
1630597512.333252 -315.019199 463.178909 0.571277 -0.001440 0.011450 0.360147 0.932824
1630597512.437012 -315.019200 463.178828 0.571281 -0.001118 0.011322 0.360140 0.932829
1630597512.540772 -315.019200 463.178739 0.571274 -0.000780 0.011194 0.360148 0.932828
1630597512.644287 -315.019195 463.178685 0.571279 -0.000579 0.011134 0.360146 0.932829
1630597512.748169 -315.019212 463.178690 0.571277 -0.000619 0.011084 0.360132 0.932835
1630597512.851807 -315.019216 463.178691 0.571280 -0.000628 0.011067 0.360140 0.932833
1630597512.955567 -315.019223 463.178700 0.571280 -0.000676 0.011059 0.360153 0.932827
1630597513.059204 -315.019219 463.178705 0.571279 -0.000682 0.011077 0.360153 0.932827
1630597513.162842 -315.019211 463.178687 0.571280 -0.000606 0.011079 0.360152 0.932828
1630597513.266602 -315.019215 463.178704 0.571279 -0.000673 0.011091 0.360168 0.932821
1630597513.370239 -315.019215 463.178701 0.571279 -0.000662 0.011084 0.360154 0.932827
1630597513.473999 -315.019214 463.178692 0.571280 -0.000626 0.011077 0.360152 0.932828
1630597513.577637 -315.019209 463.178703 0.571279 -0.000659 0.011107 0.360165 0.932822
1630597513.681275 -315.019209 463.178701 0.571279 -0.000653 0.011108 0.360165 0.932822
1630597513.785034 -315.019210 463.178697 0.571279 -0.000638 0.011099 0.360174 0.932819
1630597513.888794 -315.019209 463.178701 0.571279 -0.000652 0.011108 0.360174 0.932819
1630597513.992432 -315.019210 463.178701 0.571279 -0.000657 0.011102 0.360163 0.932823
1630597514.096192 -315.019204 463.178698 0.571279 -0.000634 0.011120 0.360174 0.932819
1630597514.199829 -315.019209 463.178697 0.571279 -0.000643 0.011099 0.360173 0.932819
1630597514.303589 -315.019210 463.178702 0.571279 -0.000660 0.011107 0.360164 0.932823
1630597514.407227 -315.019204 463.178696 0.571279 -0.000631 0.011120 0.360174 0.932819
1630597514.510986 -315.019212 463.178699 0.571279 -0.000652 0.011091 0.360178 0.932817
1630597514.614746 -315.019210 463.178705 0.571279 -0.000670 0.011109 0.360166 0.932822
1630597514.718506 -315.019211 463.178697 0.571280 -0.000643 0.011097 0.360179 0.932817
1630597514.822144 -315.019210 463.178704 0.571279 -0.000662 0.011109 0.360176 0.932818
1630597514.925903 -315.019208 463.178705 0.571280 -0.000669 0.011117 0.360183 0.932815
1630597515.029541 -315.019206 463.178701 0.571279 -0.000648 0.011119 0.360185 0.932814
1630597515.133301 -315.019209 463.178706 0.571279 -0.000666 0.011115 0.360185 0.932814
1630597515.237061 -315.019212 463.178708 0.571279 -0.000683 0.011107 0.360179 0.932817
1630597515.340576 -315.019206 463.178702 0.571279 -0.000651 0.011116 0.360179 0.932817
1630597515.444336 -315.019211 463.178707 0.571279 -0.000679 0.011107 0.360179 0.932817
1630597515.547974 -315.019209 463.178708 0.571279 -0.000680 0.011118 0.360182 0.932816
1630597515.651734 -315.019207 463.178702 0.571279 -0.000655 0.011116 0.360196 0.932810
1630597515.755371 -315.019212 463.178717 0.571279 -0.000719 0.011118 0.360196 0.932810
1630597515.859009 -315.019210 463.178731 0.571279 -0.000764 0.011147 0.360199 0.932809
1630597515.962647 -315.019211 463.178736 0.571279 -0.000780 0.011150 0.360200 0.932808
1630597516.066528 -315.019210 463.178749 0.571279 -0.000829 0.011172 0.360192 0.932811
1630597516.170166 -315.019211 463.178746 0.571279 -0.000816 0.011161 0.360190 0.932812
1630597516.273926 -315.019215 463.178748 0.571278 -0.000828 0.011149 0.360188 0.932813
1630597516.377686 -315.019212 463.178757 0.571278 -0.000858 0.011173 0.360181 0.932815
1630597516.481201 -315.019216 463.178747 0.571279 -0.000829 0.011144 0.360184 0.932814
1630597516.585083 -315.019210 463.178755 0.571279 -0.000853 0.011178 0.360172 0.932818
1630597516.688721 -315.019210 463.178752 0.571279 -0.000841 0.011177 0.360174 0.932818
1630597516.792481 -315.019214 463.178747 0.571279 -0.000822 0.011153 0.360182 0.932815
1630597516.896240 -315.019210 463.178753 0.571279 -0.000843 0.011177 0.360173 0.932818
1630597516.999878 -315.019212 463.178751 0.571279 -0.000836 0.011170 0.360181 0.932815
1630597517.103638 -315.019207 463.178748 0.571279 -0.000817 0.011180 0.360174 0.932818
1630597517.207398 -315.019205 463.178758 0.571278 -0.000852 0.011196 0.360168 0.932820
1630597517.311035 -315.019205 463.178752 0.571279 -0.000831 0.011193 0.360174 0.932818
1630597517.414795 -315.019203 463.178750 0.571279 -0.000819 0.011197 0.360183 0.932814
1630597517.518433 -315.019206 463.178759 0.571278 -0.000858 0.011198 0.360172 0.932818
1630597517.622070 -315.019202 463.178749 0.571278 -0.000818 0.011201 0.360173 0.932818
1630597517.725830 -315.019208 463.178750 0.571279 -0.000829 0.011179 0.360174 0.932818
1630597517.829346 -315.019205 463.178757 0.571279 -0.000849 0.011200 0.360175 0.932817
1630597517.933106 -315.019206 463.178747 0.571279 -0.000814 0.011181 0.360171 0.932819
1630597518.036865 -315.019209 463.178752 0.571279 -0.000836 0.011179 0.360162 0.932823
1630597518.140381 -315.019207 463.178757 0.571279 -0.000850 0.011197 0.360155 0.932825
1630597518.244263 -315.019206 463.178747 0.571279 -0.000811 0.011181 0.360147 0.932828
1630597518.347901 -315.019207 463.178750 0.571278 -0.000823 0.011180 0.360143 0.932830
1630597518.451660 -315.019207 463.178749 0.571279 -0.000823 0.011183 0.360145 0.932829
1630597518.555420 -315.019206 463.178732 0.571280 -0.000762 0.011162 0.360134 0.932833
1630597518.659058 -315.019206 463.178727 0.571278 -0.000744 0.011154 0.360139 0.932832
1630597518.762818 -315.019203 463.178717 0.571277 -0.000704 0.011148 0.360140 0.932831
1630597518.866455 -315.019199 463.178679 0.571281 -0.000565 0.011114 0.360137 0.932833
1630597518.970215 -315.019202 463.178616 0.571285 -0.000358 0.011025 0.360123 0.932840
1630597519.073853 -315.019202 463.178576 0.571278 -0.000192 0.010960 0.360139 0.932834
1630597519.177612 -315.019210 463.178580 0.571281 -0.000226 0.010942 0.360148 0.932831
1630597519.281250 -315.019217 463.178599 0.571279 -0.000298 0.010938 0.360119 0.932842
1630597519.385010 -315.019203 463.178603 0.571281 -0.000296 0.010997 0.360151 0.932829
1630597519.488526 -315.019204 463.178625 0.571224 -0.000296 0.011012 0.360142 0.932833
1630597519.592285 -315.019307 463.178608 0.571003 -0.000236 0.010993 0.360132 0.932837
1630597519.696045 -315.019430 463.178827 0.570813 -0.000201 0.010941 0.360165 0.932824
1630597519.799805 -315.019472 463.179604 0.570590 -0.000223 0.010909 0.360169 0.932823
1630597519.903565 -315.019322 463.181249 0.570393 -0.000140 0.010922 0.360164 0.932825
1630597520.007202 -315.019104 463.184361 0.570171 -0.000121 0.010911 0.360184 0.932817
1630597520.110840 -315.018935 463.189498 0.569902 -0.000092 0.010895 0.360219 0.932804
1630597520.214600 -315.018704 463.197945 0.569526 0.000090 0.010777 0.360239 0.932798
1630597520.318237 -315.018284 463.210650 0.569205 0.000142 0.010725 0.360247 0.932795
1630597520.421997 -315.017745 463.227614 0.569098 0.000085 0.010734 0.360242 0.932797
1630597520.525757 -315.017179 463.248481 0.569002 -0.000005 0.010686 0.360226 0.932804
1630597520.629395 -315.016423 463.273281 0.568845 -0.000077 0.010691 0.360186 0.932819
1630597520.733154 -315.015487 463.302325 0.568702 -0.000135 0.010639 0.360087 0.932858
1630597520.836792 -315.014393 463.335654 0.568488 -0.000246 0.010603 0.359918 0.932924
1630597520.940674 -315.013000 463.373619 0.568069 -0.000292 0.010543 0.359701 0.933008
1630597521.044312 -315.011299 463.415908 0.567531 -0.000403 0.010457 0.359377 0.933134
1630597521.147949 -315.009265 463.462487 0.566755 -0.000481 0.010346 0.358852 0.933337
1630597521.251709 -315.006509 463.513881 0.565719 -0.000408 0.010324 0.358037 0.933650
1630597521.355347 -315.002837 463.570396 0.564495 -0.000366 0.010241 0.357079 0.934018
1630597521.459107 -314.997919 463.633428 0.562980 -0.000061 0.010346 0.355887 0.934472
1630597521.562744 -314.992448 463.704951 0.561112 0.000365 0.010186 0.354363 0.935052
1630597521.666504 -314.986259 463.787425 0.558976 0.000869 0.009938 0.352465 0.935772
1630597521.770264 -314.979212 463.883114 0.556515 0.001356 0.009466 0.350287 0.936594
1630597521.874024 -314.970639 463.993839 0.553823 0.001723 0.009009 0.347868 0.937499
1630597521.977661 -314.959803 464.120243 0.551192 0.001814 0.008815 0.345119 0.938516
1630597522.081299 -314.946308 464.262110 0.548619 0.001756 0.008832 0.342215 0.939579
1630597522.185181 -314.930190 464.419350 0.545666 0.001894 0.009005 0.339419 0.940590
1630597522.288818 -314.912871 464.591336 0.542276 0.001994 0.008816 0.336687 0.941573
1630597522.392578 -314.893689 464.778520 0.538736 0.002138 0.008692 0.333968 0.942542
1630597522.496094 -314.871963 464.980535 0.535353 0.002140 0.008503 0.331509 0.943411
1630597522.599854 -314.847143 465.198749 0.531820 0.002162 0.008768 0.329327 0.944173
1630597522.703491 -314.821030 465.431511 0.528211 0.002010 0.008574 0.327191 0.944917
1630597522.807251 -314.792630 465.678526 0.524256 0.002086 0.008531 0.325182 0.945611
1630597522.910889 -314.761545 465.939355 0.519930 0.002102 0.008565 0.323539 0.946174
1630597523.014526 -314.728226 466.213078 0.516148 0.001845 0.008813 0.322123 0.946655
1630597523.118164 -314.693493 466.497056 0.512729 0.001587 0.009073 0.321035 0.947022
1630597523.221680 -314.658147 466.789209 0.508864 0.001083 0.009359 0.320424 0.947227
1630597523.325440 -314.623063 467.088313 0.504309 0.000465 0.009458 0.320182 0.947309
1630597523.429199 -314.588258 467.391744 0.499682 -0.000052 0.009435 0.320351 0.947252
1630597523.532959 -314.553382 467.697253 0.495376 -0.000651 0.009402 0.320830 0.947090
1630597523.636475 -314.518016 467.999804 0.491346 -0.001106 0.009908 0.321271 0.946935
1630597523.740235 -314.482960 468.295645 0.487612 -0.001664 0.010680 0.321798 0.946747
1630597523.843994 -314.449842 468.579019 0.483242 -0.002219 0.011287 0.322598 0.946466
1630597523.947754 -314.419651 468.848101 0.479107 -0.002566 0.011688 0.323522 0.946145
1630597524.051514 -314.393509 469.101906 0.475221 -0.002810 0.011534 0.324314 0.945875
1630597524.155274 -314.369964 469.339672 0.470801 -0.002488 0.011111 0.325088 0.945615
1630597524.259033 -314.347600 469.563543 0.466354 -0.002459 0.010921 0.326019 0.945297
1630597524.362915 -314.326798 469.773688 0.462519 -0.002546 0.010920 0.326974 0.944967
1630597524.466553 -314.307666 469.968589 0.459168 -0.002370 0.010904 0.327835 0.944669
1630597524.570313 -314.288920 470.150079 0.455815 -0.002318 0.011372 0.328633 0.944386
1630597524.674072 -314.271957 470.317629 0.452827 -0.002344 0.011758 0.329470 0.944090
1630597524.777832 -314.257179 470.470208 0.450204 -0.002222 0.012093 0.330426 0.943752
1630597524.881470 -314.244900 470.607777 0.448222 -0.002208 0.012078 0.331227 0.943471
1630597524.985108 -314.233981 470.731020 0.446582 -0.002115 0.012176 0.331801 0.943268
1630597525.088745 -314.224243 470.842222 0.444704 -0.001756 0.012118 0.332372 0.943069
1630597525.192383 -314.215684 470.945843 0.442718 -0.001218 0.011925 0.332995 0.942852
1630597525.296021 -314.208785 471.044170 0.441188 -0.001107 0.011506 0.333541 0.942665
1630597525.399658 -314.202380 471.136790 0.440010 -0.001289 0.011311 0.334037 0.942491
1630597525.503418 -314.195531 471.222203 0.438617 -0.001376 0.011395 0.334588 0.942295
1630597525.607178 -314.188362 471.299763 0.436917 -0.001188 0.011612 0.335076 0.942119
1630597525.710693 -314.182013 471.369809 0.435410 -0.001092 0.011912 0.335394 0.942002
1630597525.814453 -314.177473 471.431870 0.434453 -0.001227 0.011973 0.335680 0.941899
1630597525.918213 -314.174356 471.485567 0.433421 -0.001136 0.011755 0.336061 0.941766
1630597526.021973 -314.171545 471.534742 0.431768 -0.000677 0.011321 0.336547 0.941598
1630597526.125733 -314.168374 471.583398 0.430723 -0.000381 0.011090 0.336900 0.941475
1630597526.229370 -314.164572 471.632517 0.430245 -0.000259 0.011199 0.337083 0.941408
1630597526.333252 -314.160372 471.685311 0.428721 0.000499 0.010988 0.337486 0.941266
1630597526.436890 -314.156096 471.745356 0.427146 0.001203 0.010627 0.338020 0.941078
1630597526.540527 -314.152063 471.812589 0.426781 0.000913 0.010571 0.338364 0.940956
1630597526.644409 -314.147884 471.885837 0.425893 0.000760 0.010436 0.338700 0.940836
1630597526.748047 -314.142686 471.964892 0.424275 0.000887 0.010268 0.339280 0.940629
1630597526.851807 -314.136654 472.049723 0.422807 0.000795 0.010362 0.339882 0.940411
1630597526.955444 -314.130328 472.140198 0.420765 0.001126 0.010345 0.340333 0.940247
1630597527.059082 -314.123588 472.238405 0.418426 0.001551 0.010239 0.340900 0.940042
1630597527.162842 -314.116756 472.345967 0.416061 0.001847 0.010047 0.341632 0.939778
1630597527.266358 -314.110030 472.465755 0.412288 0.002825 0.009426 0.342416 0.939497
1630597527.370117 -314.102658 472.604376 0.407154 0.004519 0.008271 0.343270 0.939189
1630597527.473755 -314.092744 472.766882 0.402499 0.006036 0.007680 0.344159 0.938861
1630597527.577637 -314.080228 472.956439 0.399106 0.006836 0.007652 0.345099 0.938510
1630597527.681152 -314.065662 473.171725 0.397032 0.006688 0.008301 0.346128 0.938127
1630597527.784912 -314.050280 473.412148 0.394762 0.005811 0.009166 0.347124 0.937756
1630597527.888672 -314.035064 473.674299 0.390982 0.005284 0.009688 0.348065 0.937405
1630597527.992310 -314.019601 473.955999 0.386567 0.005520 0.009503 0.348826 0.937123
1630597528.096192 -314.002674 474.259326 0.382677 0.006432 0.009175 0.349241 0.936966
1630597528.199829 -313.984800 474.587513 0.378683 0.006374 0.009329 0.349219 0.936973
1630597528.303589 -313.966197 474.940785 0.373985 0.005760 0.009119 0.349251 0.936967
1630597528.407471 -313.946827 475.318188 0.368898 0.005680 0.008797 0.349354 0.936932
1630597528.511231 -313.926994 475.719999 0.364688 0.005412 0.008048 0.349452 0.936904
1630597528.614990 -313.902112 476.146392 0.358281 0.006207 0.008335 0.349646 0.936824
1630597528.718628 -313.873107 476.598264 0.350246 0.007529 0.008794 0.349933 0.936703
1630597528.822510 -313.843954 477.080767 0.343372 0.008093 0.009260 0.350216 0.936588
1630597528.926026 -313.817291 477.590643 0.336138 0.008709 0.009108 0.350718 0.936396
1630597529.029785 -313.792784 478.132368 0.329009 0.008920 0.008318 0.351487 0.936113
1630597529.133301 -313.768716 478.704681 0.322711 0.008783 0.007090 0.352346 0.935802
1630597529.237061 -313.741529 479.310462 0.316540 0.008486 0.007011 0.353416 0.935401
1630597529.340576 -313.712337 479.945923 0.309452 0.008462 0.007240 0.354598 0.934953
1630597529.444214 -313.682483 480.613142 0.302080 0.008199 0.007742 0.355686 0.934537
1630597529.547852 -313.655425 481.309101 0.295628 0.007329 0.007386 0.356836 0.934109
1630597529.651611 -313.629124 482.034696 0.287389 0.007483 0.007480 0.357951 0.933681
1630597529.755127 -313.604249 482.790231 0.276837 0.007650 0.007029 0.359091 0.933245
1630597529.858887 -313.579101 483.579317 0.266728 0.007655 0.007105 0.360342 0.932762
1630597529.962647 -313.554580 484.398218 0.259025 0.006555 0.007789 0.361638 0.932263
1630597530.066284 -313.531852 485.240872 0.250239 0.005364 0.007706 0.362840 0.931804
1630597530.170044 -313.510691 486.106053 0.239786 0.004894 0.008007 0.363940 0.931375
1630597530.273804 -313.491464 486.989628 0.229102 0.004190 0.007501 0.365026 0.930958
1630597530.377442 -313.471417 487.887957 0.218040 0.004006 0.008141 0.365958 0.930587
1630597530.481323 -313.452723 488.805285 0.206275 0.004498 0.008529 0.366858 0.930227
1630597530.585083 -313.436096 489.740407 0.194852 0.004651 0.008512 0.367483 0.929979
1630597530.688965 -313.421080 490.698474 0.183331 0.005185 0.008255 0.368156 0.929713
1630597530.792725 -313.407170 491.678135 0.170985 0.005464 0.008063 0.368927 0.929407
1630597530.896485 -313.394422 492.681306 0.158110 0.004821 0.008655 0.369777 0.929068
1630597531.000244 -313.384421 493.705071 0.145557 0.003631 0.008277 0.370609 0.928745
1630597531.104004 -313.374129 494.747046 0.131506 0.003148 0.009055 0.371331 0.928451
1630597531.207520 -313.364168 495.804255 0.115141 0.003867 0.009245 0.372034 0.928165
1630597531.311279 -313.357452 496.884046 0.098870 0.004651 0.008865 0.372697 0.927899
1630597531.414795 -313.351021 497.982734 0.082935 0.006155 0.008755 0.373467 0.927582
1630597531.518555 -313.345247 499.107786 0.068635 0.006848 0.009256 0.374360 0.927212
1630597531.622193 -313.343587 500.256338 0.056006 0.006656 0.008784 0.375135 0.926905
1630597531.725830 -313.342307 501.429981 0.043372 0.005654 0.010119 0.375996 0.926549
1630597531.829590 -313.344692 502.626358 0.029557 0.004884 0.010672 0.376892 0.926183
1630597531.933106 -313.350171 503.837922 0.013251 0.004370 0.010820 0.377750 0.925834
1630597532.036743 -313.358519 505.067022 -0.003628 0.004724 0.009927 0.378749 0.925434
1630597532.140381 -313.370188 506.312064 -0.018526 0.005261 0.009643 0.379606 0.925083
1630597532.244141 -313.383136 507.574094 -0.031511 0.004825 0.009718 0.380395 0.924761
1630597532.347778 -313.397423 508.847545 -0.043144 0.003800 0.009904 0.381349 0.924370
1630597532.451538 -313.413318 510.132547 -0.056286 0.004373 0.009927 0.382407 0.923930
1630597532.555420 -313.432333 511.429548 -0.069337 0.005638 0.009402 0.383499 0.923476
1630597532.659180 -313.454799 512.737376 -0.079589 0.006448 0.009439 0.384697 0.922972
1630597532.762940 -313.481743 514.057659 -0.087091 0.006456 0.009746 0.386118 0.922375
1630597532.866577 -313.513025 515.386852 -0.093303 0.005456 0.010223 0.387680 0.921721
1630597532.970459 -313.548578 516.724518 -0.099784 0.004703 0.010845 0.389307 0.921032
1630597533.074219 -313.589779 518.063165 -0.108208 0.004834 0.010899 0.390848 0.920378
1630597533.177857 -313.637213 519.404089 -0.116424 0.004178 0.010256 0.392354 0.919747
1630597533.281616 -313.689145 520.747371 -0.123084 0.003890 0.010073 0.393803 0.919132
1630597533.385254 -313.747740 522.087089 -0.129504 0.003284 0.008076 0.395274 0.918522
1630597533.488892 -313.808118 523.426065 -0.134090 0.003798 0.007213 0.396684 0.917919
1630597533.592651 -313.871633 524.766536 -0.136982 0.003498 0.007284 0.397951 0.917371
1630597533.696289 -313.938429 526.104375 -0.139518 0.003082 0.007273 0.399241 0.916812
1630597533.799927 -314.008355 527.438556 -0.142822 0.002842 0.007267 0.400454 0.916284
1630597533.903687 -314.081148 528.769919 -0.146997 0.004117 0.006533 0.401562 0.915799
1630597534.007324 -314.154458 530.100040 -0.149666 0.005182 0.007084 0.402636 0.915318
1630597534.110962 -314.229736 531.432180 -0.149460 0.005161 0.008210 0.403594 0.914887
1630597534.214600 -314.308484 532.763803 -0.149318 0.004631 0.009124 0.404501 0.914480
1630597534.318360 -314.390699 534.094548 -0.150827 0.004556 0.009543 0.405417 0.914071
1630597534.422119 -314.477309 535.421949 -0.153391 0.004608 0.009303 0.406315 0.913674
1630597534.525757 -314.568631 536.744696 -0.155584 0.004583 0.008191 0.407222 0.913281
1630597534.629517 -314.663492 538.066741 -0.156445 0.004077 0.007345 0.407980 0.912952
1630597534.733154 -314.760353 539.383779 -0.156489 0.003386 0.006621 0.408711 0.912633
1630597534.836792 -314.858481 540.695567 -0.157147 0.003206 0.005898 0.409328 0.912362
1630597534.940674 -314.954731 542.006829 -0.158084 0.003129 0.006474 0.409922 0.912092
1630597535.044312 -315.050951 543.311892 -0.159419 0.002775 0.006850 0.410561 0.911803
1630597535.147949 -315.148725 544.611539 -0.161457 0.002261 0.007227 0.411235 0.911498
1630597535.251709 -315.248000 545.905794 -0.164432 0.002628 0.007378 0.411850 0.911218
1630597535.355469 -315.349176 547.194641 -0.166947 0.003605 0.007215 0.412308 0.911009
1630597535.459229 -315.451133 548.479114 -0.167134 0.004105 0.007347 0.412789 0.910788
1630597535.562988 -315.552729 549.759186 -0.166313 0.005658 0.007369 0.413363 0.910519
1630597535.666504 -315.653806 551.034144 -0.163848 0.007305 0.008122 0.414074 0.910177
1630597535.770142 -315.754153 552.311131 -0.159041 0.008629 0.010006 0.414992 0.909729
1630597535.873901 -315.860579 553.591413 -0.152942 0.008432 0.011331 0.416071 0.909222
1630597535.977539 -315.972955 554.873709 -0.148680 0.007468 0.011646 0.417202 0.908709
1630597536.081299 -316.091830 556.160553 -0.148408 0.006578 0.010701 0.418184 0.908275
1630597536.184815 -316.212579 557.447774 -0.151546 0.006512 0.011340 0.418713 0.908024
1630597536.288574 -316.337530 558.739349 -0.154458 0.007069 0.009719 0.419375 0.907733
1630597536.392212 -316.462226 560.029242 -0.154174 0.010647 0.009570 0.419923 0.907447
1630597536.496094 -316.589725 561.331909 -0.149197 0.011866 0.008662 0.420389 0.907225
1630597536.599732 -316.718732 562.644182 -0.135952 0.009596 0.008793 0.421253 0.906850
1630597536.703491 -316.849609 563.957806 -0.123718 0.010198 0.008416 0.421899 0.906546
1630597536.807251 -316.981558 565.272152 -0.116250 0.012011 0.008279 0.422448 0.906270
1630597536.911011 -317.119573 566.594180 -0.105021 0.012861 0.007588 0.423146 0.905938
1630597537.014771 -317.264203 567.926838 -0.092115 0.010672 0.006228 0.424050 0.905554
1630597537.118408 -317.411176 569.272105 -0.082833 0.006115 0.006792 0.424974 0.905159
1630597537.222168 -317.556822 570.623260 -0.080084 0.002975 0.009241 0.425825 0.904754
1630597537.325928 -317.702285 571.967514 -0.087542 0.005194 0.010770 0.427074 0.904137
1630597537.429688 -317.848602 573.315737 -0.097430 0.007851 0.012707 0.428746 0.903302
1630597537.533203 -318.002366 574.666470 -0.099341 0.008574 0.013099 0.430251 0.902574
1630597537.636963 -318.164298 576.023631 -0.097907 0.008408 0.012509 0.431586 0.901946
1630597537.740601 -318.327862 577.387012 -0.094465 0.007334 0.015098 0.433105 0.901187
1630597537.844360 -318.493092 578.755173 -0.093970 0.004767 0.018739 0.434727 0.900354
1630597537.947998 -318.666035 580.110356 -0.098927 0.004546 0.019570 0.436791 0.899339
1630597538.051758 -318.845832 581.452810 -0.106395 0.010127 0.017878 0.438673 0.898412
1630597538.155274 -319.031127 582.795137 -0.105413 0.013028 0.018337 0.440161 0.897637
1630597538.259033 -319.223116 584.151225 -0.092362 0.010766 0.020709 0.441734 0.896843
1630597538.362793 -319.419178 585.508067 -0.080336 0.007152 0.022597 0.443518 0.895952
1630597538.466431 -319.617208 586.851156 -0.077859 0.007381 0.023898 0.445576 0.894895
1630597538.570191 -319.823728 588.185013 -0.083102 0.008613 0.023504 0.447667 0.893850
1630597538.673828 -320.040491 589.514079 -0.086258 0.009129 0.022127 0.449573 0.892923
1630597538.777588 -320.267421 590.842825 -0.085970 0.007809 0.020523 0.451263 0.892121
1630597538.881348 -320.500401 592.168364 -0.085209 0.005904 0.018405 0.453061 0.891270
1630597538.984985 -320.734517 593.486780 -0.086490 0.004575 0.017347 0.454887 0.890369
1630597539.088867 -320.971647 594.801713 -0.091064 0.004342 0.016513 0.456743 0.889435
1630597539.192505 -321.211650 596.108636 -0.096202 0.003650 0.015824 0.458471 0.888561
1630597539.296265 -321.455444 597.411018 -0.101797 0.003397 0.015297 0.459926 0.887819
1630597539.399902 -321.702053 598.706096 -0.107879 0.003306 0.014888 0.461227 0.887151
1630597539.503662 -321.951155 599.998819 -0.114485 0.002007 0.014921 0.462556 0.886462
1630597539.607422 -322.201873 601.284040 -0.121441 0.001540 0.015222 0.463670 0.885876
1630597539.711060 -322.456052 602.555516 -0.129474 0.002421 0.013351 0.464290 0.885579
1630597539.814819 -322.712351 603.819727 -0.135112 0.003866 0.010885 0.464477 0.885510
1630597539.918579 -322.967833 605.081202 -0.136294 0.004016 0.009432 0.464528 0.885499
1630597540.022217 -323.219885 606.340189 -0.135408 0.002529 0.009205 0.464589 0.885475
1630597540.125855 -323.468778 607.593173 -0.136238 0.001065 0.009965 0.464692 0.885416
1630597540.229614 -323.715468 608.838015 -0.141848 0.000782 0.010174 0.464906 0.885301
1630597540.333252 -323.959870 610.072133 -0.149440 0.000805 0.010433 0.465077 0.885208
1630597540.436890 -324.201653 611.295673 -0.156604 0.001578 0.011101 0.465177 0.885147
1630597540.540527 -324.443007 612.508305 -0.162564 0.001829 0.011107 0.465205 0.885132
1630597540.644165 -324.680756 613.710446 -0.166152 0.001415 0.012114 0.465304 0.885067
1630597540.747803 -324.915980 614.897698 -0.169443 0.001402 0.012596 0.465456 0.884980
1630597540.851441 -325.147810 616.068521 -0.173206 0.002508 0.012905 0.465575 0.884911
1630597540.955078 -325.376266 617.225811 -0.175953 0.003379 0.013539 0.465659 0.884854
1630597541.058716 -325.603794 618.370923 -0.177392 0.003448 0.014268 0.465643 0.884851
1630597541.162598 -325.829570 619.505358 -0.177810 0.002478 0.014853 0.465749 0.884789
1630597541.266235 -326.050833 620.619412 -0.179979 0.002558 0.015412 0.465772 0.884767
1630597541.369873 -326.267835 621.715027 -0.183539 0.002632 0.016303 0.465811 0.884730
1630597541.473633 -326.483490 622.792663 -0.186405 0.002956 0.016416 0.465790 0.884738
1630597541.577393 -326.696648 623.849999 -0.187908 0.002931 0.015751 0.465713 0.884791
1630597541.681152 -326.904626 624.886628 -0.188897 0.003391 0.015001 0.465337 0.885000
1630597541.784912 -327.106078 625.902999 -0.188648 0.003890 0.015359 0.464683 0.885335
1630597541.888672 -327.302504 626.897720 -0.187010 0.004047 0.015070 0.464063 0.885665
1630597541.992310 -327.492036 627.870090 -0.185529 0.003593 0.015381 0.463556 0.885927
1630597542.096192 -327.676122 628.820021 -0.183548 0.002861 0.015711 0.463047 0.886190
1630597542.199951 -327.852526 629.740855 -0.181893 0.003567 0.015901 0.462323 0.886562
1630597542.303711 -328.022997 630.635923 -0.182436 0.004865 0.015818 0.461546 0.886962
1630597542.407349 -328.190392 631.509366 -0.181698 0.004703 0.014998 0.460883 0.887322
1630597542.510986 -328.351088 632.361904 -0.177562 0.003298 0.015464 0.460489 0.887524
1630597542.614624 -328.505916 633.188630 -0.174200 0.002917 0.015457 0.459954 0.887803
1630597542.718262 -328.656916 633.989948 -0.174697 0.002800 0.014574 0.459398 0.888106
1630597542.822022 -328.803538 634.768034 -0.175898 0.003100 0.013791 0.458854 0.888399
1630597542.925781 -328.943439 635.525253 -0.174829 0.003198 0.013587 0.458363 0.888656
1630597543.029297 -329.075874 636.259822 -0.173776 0.003558 0.013927 0.457966 0.888854
1630597543.133057 -329.205897 636.974168 -0.173758 0.003355 0.013849 0.457517 0.889087
1630597543.236572 -329.333649 637.666593 -0.173451 0.002578 0.013454 0.457490 0.889109
1630597543.340332 -329.457120 638.338073 -0.172466 0.002005 0.013410 0.458023 0.888837
1630597543.443848 -329.576121 638.984048 -0.171682 0.001807 0.013328 0.458386 0.888652
1630597543.547608 -329.692088 639.608832 -0.172494 0.002066 0.012984 0.458404 0.888647
1630597543.651367 -329.803961 640.211840 -0.174462 0.002379 0.012764 0.458505 0.888597
1630597543.755005 -329.912289 640.792123 -0.175106 0.002218 0.012499 0.458631 0.888536
1630597543.858765 -330.017229 641.351002 -0.174385 0.001527 0.012243 0.458669 0.888522
1630597543.962525 -330.116753 641.886457 -0.173712 0.001101 0.012109 0.458868 0.888421
1630597544.066284 -330.210031 642.396036 -0.173684 0.001167 0.012359 0.459115 0.888290
1630597544.170166 -330.297653 642.878729 -0.173772 0.001805 0.012829 0.459182 0.888248
1630597544.273804 -330.381519 643.335477 -0.174137 0.002568 0.012867 0.459084 0.888296
1630597544.377564 -330.464171 643.772175 -0.175162 0.002944 0.012256 0.459140 0.888275
1630597544.481201 -330.545411 644.190874 -0.176477 0.003045 0.011148 0.459290 0.888211
1630597544.584961 -330.622467 644.592579 -0.176961 0.002773 0.010642 0.459173 0.888279
1630597544.688721 -330.693775 644.975712 -0.175480 0.002697 0.010482 0.458854 0.888446
1630597544.792481 -330.758519 645.341614 -0.173081 0.002653 0.011256 0.458617 0.888559
1630597544.896240 -330.819165 645.690554 -0.171875 0.002792 0.011869 0.458463 0.888630
1630597544.999756 -330.878009 646.020949 -0.172174 0.002990 0.012212 0.458208 0.888756
1630597545.103516 -330.936627 646.333626 -0.173353 0.003558 0.011735 0.457955 0.888891
1630597545.207276 -330.992763 646.628666 -0.174428 0.003664 0.011171 0.457816 0.888969
1630597545.310791 -331.045335 646.905032 -0.174378 0.003533 0.010468 0.457717 0.889029
1630597545.414551 -331.092967 647.165101 -0.173564 0.003362 0.010628 0.457563 0.889107
1630597545.518067 -331.137322 647.407319 -0.172046 0.002882 0.010579 0.457533 0.889125
1630597545.621826 -331.179430 647.632143 -0.171055 0.002947 0.010333 0.457535 0.889127
1630597545.725342 -331.218080 647.840376 -0.170836 0.002921 0.010168 0.457769 0.889008
1630597545.829224 -331.253131 648.034411 -0.171388 0.003241 0.010059 0.457941 0.888920
1630597545.932861 -331.284711 648.214476 -0.171846 0.003685 0.010399 0.457955 0.888907
1630597546.036621 -331.314098 648.382062 -0.171679 0.003958 0.010649 0.458038 0.888860
1630597546.140259 -331.341812 648.536639 -0.171260 0.004103 0.010779 0.458136 0.888807
1630597546.243897 -331.367864 648.678593 -0.171033 0.004464 0.010753 0.458183 0.888782
1630597546.347656 -331.391830 648.809676 -0.170765 0.004876 0.010637 0.458200 0.888772
1630597546.451416 -331.413341 648.930842 -0.170166 0.005163 0.010782 0.458256 0.888740
1630597546.555298 -331.433521 649.042726 -0.169701 0.005411 0.010764 0.458258 0.888737
1630597546.658936 -331.452382 649.145589 -0.169400 0.005621 0.010810 0.458157 0.888788
1630597546.762695 -331.470039 649.240053 -0.169054 0.005620 0.010701 0.458095 0.888821
1630597546.866577 -331.486033 649.325988 -0.168773 0.005748 0.010624 0.458084 0.888827
1630597546.970215 -331.500451 649.403524 -0.168586 0.005873 0.010500 0.458063 0.888838
1630597547.073975 -331.513413 649.473646 -0.168480 0.006039 0.010441 0.458004 0.888868
1630597547.177735 -331.524933 649.536624 -0.168416 0.006188 0.010405 0.457993 0.888874
1630597547.281372 -331.535287 649.592620 -0.168261 0.006290 0.010286 0.458018 0.888861
1630597547.385010 -331.544601 649.642403 -0.168119 0.006506 0.010196 0.457999 0.888870
1630597547.488770 -331.553114 649.686959 -0.167924 0.006632 0.010070 0.457970 0.888886
1630597547.592285 -331.560668 649.726458 -0.167797 0.006695 0.009950 0.457974 0.888885
1630597547.696045 -331.567268 649.761188 -0.167703 0.006718 0.009859 0.457962 0.888892
1630597547.799561 -331.573010 649.791069 -0.167581 0.006701 0.009765 0.457957 0.888895
1630597547.903320 -331.577737 649.816269 -0.167423 0.006690 0.009764 0.457969 0.888889
1630597548.007080 -331.581715 649.837108 -0.167302 0.006806 0.009618 0.458000 0.888874
1630597548.110718 -331.585120 649.855565 -0.167258 0.007118 0.009559 0.457982 0.888881
1630597548.214478 -331.588357 649.873746 -0.167246 0.007443 0.009433 0.457954 0.888894
1630597548.318115 -331.591722 649.892896 -0.167122 0.007652 0.009399 0.457953 0.888894
1630597548.421875 -331.595504 649.913452 -0.166860 0.007693 0.009366 0.457958 0.888891
1630597548.525635 -331.599663 649.935467 -0.166629 0.007698 0.009310 0.457944 0.888899
1630597548.629273 -331.604132 649.959332 -0.166488 0.007750 0.009253 0.457935 0.888904
1630597548.733032 -331.608931 649.985728 -0.166294 0.007817 0.009211 0.457949 0.888896
1630597548.836914 -331.614266 650.015198 -0.166027 0.007879 0.009199 0.457954 0.888893
1630597548.940552 -331.620218 650.047727 -0.165747 0.007926 0.009187 0.457945 0.888897
1630597549.044190 -331.626805 650.083051 -0.165427 0.007885 0.009119 0.457946 0.888898
1630597549.147949 -331.633722 650.121133 -0.165160 0.007923 0.009139 0.457951 0.888895
1630597549.251709 -331.641049 650.162157 -0.164817 0.007978 0.009135 0.457947 0.888897
1630597549.355347 -331.648882 650.206272 -0.164412 0.007996 0.009158 0.457947 0.888896
1630597549.458985 -331.657448 650.253606 -0.164078 0.008011 0.009195 0.457951 0.888894
1630597549.562744 -331.666965 650.304130 -0.163636 0.007991 0.009106 0.457944 0.888899
1630597549.666504 -331.677128 650.357722 -0.163153 0.007960 0.009048 0.457938 0.888902
1630597549.770020 -331.687872 650.414164 -0.162754 0.007905 0.008911 0.457965 0.888890
1630597549.873779 -331.698974 650.473927 -0.162390 0.007873 0.008911 0.457973 0.888886
1630597549.977295 -331.710409 650.536289 -0.162034 0.007827 0.008880 0.457974 0.888887
1630597550.081055 -331.722085 650.601051 -0.161613 0.007809 0.008930 0.458001 0.888872
1630597550.184815 -331.734155 650.668140 -0.161175 0.007828 0.009035 0.458010 0.888867
1630597550.288330 -331.746816 650.737230 -0.160690 0.007821 0.009009 0.457992 0.888876
1630597550.392090 -331.759939 650.808615 -0.160213 0.007829 0.009044 0.457997 0.888873
1630597550.495728 -331.773719 650.882065 -0.159822 0.007812 0.008941 0.457987 0.888880
1630597550.599610 -331.788039 650.957958 -0.159456 0.007775 0.008900 0.457952 0.888899
1630597550.703247 -331.802455 651.035657 -0.158834 0.007677 0.008861 0.457980 0.888885
1630597550.807007 -331.816694 651.114986 -0.158103 0.007612 0.008954 0.458017 0.888866
1630597550.910889 -331.831030 651.195769 -0.157442 0.007566 0.009115 0.457996 0.888875
1630597551.014649 -331.845686 651.277504 -0.156707 0.007470 0.009205 0.457940 0.888904
1630597551.118286 -331.860413 651.359832 -0.155852 0.007346 0.009394 0.457957 0.888894
1630597551.222168 -331.875358 651.442593 -0.155055 0.007265 0.009387 0.457996 0.888875
1630597551.325928 -331.890195 651.525289 -0.154381 0.007248 0.009494 0.457947 0.888899
1630597551.429566 -331.904788 651.607523 -0.153774 0.007215 0.009572 0.457877 0.888935
1630597551.533325 -331.919033 651.689200 -0.153233 0.007254 0.009735 0.457826 0.888959
1630597551.636963 -331.933460 651.770019 -0.152639 0.007271 0.009790 0.457745 0.889000
1630597551.740723 -331.947896 651.850077 -0.151961 0.007168 0.009838 0.457673 0.889037
1630597551.844483 -331.961960 651.928650 -0.151275 0.007082 0.009906 0.457636 0.889056
1630597551.948120 -331.975663 652.004874 -0.150605 0.006997 0.009913 0.457569 0.889091
1630597552.051758 -331.988903 652.078278 -0.150009 0.006935 0.009939 0.457486 0.889134
1630597552.155396 -332.001606 652.148569 -0.149313 0.006867 0.009992 0.457472 0.889141
1630597552.259033 -332.013798 652.215381 -0.148736 0.006867 0.009972 0.457431 0.889163
1630597552.362549 -332.025382 652.278576 -0.148275 0.006881 0.009930 0.457304 0.889228
1630597552.466309 -332.036110 652.338039 -0.147840 0.006855 0.009981 0.457278 0.889241
1630597552.569946 -332.046214 652.392828 -0.147417 0.006851 0.009914 0.457292 0.889235
1630597552.673828 -332.055643 652.442763 -0.147144 0.006868 0.009826 0.457202 0.889282
1630597552.777344 -332.064007 652.487659 -0.146981 0.006879 0.009773 0.457124 0.889323
1630597552.881104 -332.071120 652.527831 -0.146856 0.006986 0.009850 0.457166 0.889299
1630597552.984863 -332.077596 652.563021 -0.146788 0.007000 0.009839 0.457152 0.889306
1630597553.088501 -332.083314 652.592880 -0.146681 0.006988 0.009838 0.457064 0.889352
1630597553.192383 -332.087738 652.617468 -0.146568 0.007062 0.009872 0.457059 0.889354
1630597553.296143 -332.091108 652.636617 -0.146521 0.007122 0.009929 0.457063 0.889350
1630597553.399902 -332.093750 652.650335 -0.146441 0.007136 0.009971 0.457013 0.889375
1630597553.503662 -332.095344 652.658088 -0.146365 0.007203 0.009954 0.457003 0.889380
1630597553.607422 -332.095509 652.658887 -0.146352 0.007219 0.009980 0.457028 0.889367
1630597553.711060 -332.095511 652.658884 -0.146354 0.007253 0.009950 0.457027 0.889368
1630597553.814819 -332.095497 652.658843 -0.146356 0.007382 0.009946 0.457017 0.889372
1630597553.918579 -332.095474 652.658833 -0.146352 0.007463 0.010001 0.457060 0.889348
1630597554.022217 -332.095469 652.658841 -0.146356 0.007432 0.010038 0.457019 0.889369
1630597554.125977 -332.095481 652.658829 -0.146354 0.007460 0.009960 0.457024 0.889368
1630597554.229492 -332.095488 652.658803 -0.146354 0.007526 0.009906 0.457047 0.889356
1630597554.333252 -332.095498 652.658832 -0.146353 0.007414 0.009919 0.457034 0.889363
1630597554.437012 -332.095479 652.658830 -0.146354 0.007448 0.009981 0.457037 0.889361
1630597554.540650 -332.095477 652.658814 -0.146355 0.007508 0.009956 0.457042 0.889358
1630597554.644287 -332.095488 652.658821 -0.146354 0.007464 0.009939 0.457037 0.889361
1630597554.747925 -332.095495 652.658818 -0.146353 0.007460 0.009907 0.457032 0.889364
1630597554.851685 -332.095486 652.658822 -0.146354 0.007465 0.009943 0.457036 0.889362
1630597554.955322 -332.095483 652.658822 -0.146354 0.007472 0.009952 0.457035 0.889362
1630597555.059082 -332.095490 652.658815 -0.146353 0.007483 0.009922 0.457032 0.889363
1630597555.162720 -332.095495 652.658824 -0.146353 0.007442 0.009919 0.457037 0.889361
1630597555.266480 -332.095497 652.658818 -0.146354 0.007460 0.009898 0.457030 0.889365
1630597555.370361 -332.095488 652.658815 -0.146355 0.007485 0.009925 0.457032 0.889363
1630597555.473999 -332.095491 652.658824 -0.146354 0.007444 0.009932 0.457031 0.889364
1630597555.577637 -332.095488 652.658817 -0.146353 0.007476 0.009935 0.457036 0.889361
1630597555.681397 -332.095491 652.658815 -0.146354 0.007479 0.009911 0.457037 0.889361
1630597555.785156 -332.095495 652.658824 -0.146354 0.007439 0.009921 0.457040 0.889360
1630597555.888916 -332.095487 652.658818 -0.146353 0.007478 0.009935 0.457051 0.889353
1630597555.992676 -332.095489 652.658820 -0.146353 0.007467 0.009931 0.457046 0.889356
1630597556.096192 -332.095488 652.658826 -0.146354 0.007449 0.009942 0.457036 0.889361
1630597556.199951 -332.095495 652.658818 -0.146354 0.007466 0.009905 0.457047 0.889356
1630597556.303711 -332.095494 652.658825 -0.146354 0.007436 0.009921 0.457040 0.889360
1630597556.407227 -332.095489 652.658819 -0.146353 0.007466 0.009930 0.457043 0.889358
1630597556.510986 -332.095499 652.658817 -0.146354 0.007457 0.009889 0.457045 0.889357
1630597556.614746 -332.095498 652.658825 -0.146353 0.007431 0.009913 0.457041 0.889359
1630597556.718506 -332.095493 652.658815 -0.146353 0.007474 0.009907 0.457042 0.889358
1630597556.822022 -332.095495 652.658822 -0.146353 0.007450 0.009914 0.457034 0.889363
1630597556.925781 -332.095495 652.658822 -0.146354 0.007449 0.009917 0.457035 0.889362
1630597557.029419 -332.095497 652.658817 -0.146354 0.007466 0.009897 0.457031 0.889364
1630597557.133179 -332.095495 652.658828 -0.146354 0.007429 0.009921 0.457025 0.889368
1630597557.236817 -332.095498 652.658820 -0.146354 0.007450 0.009902 0.457025 0.889368
1630597557.340454 -332.095496 652.658821 -0.146354 0.007449 0.009909 0.457030 0.889365
1630597557.444214 -332.095501 652.658825 -0.146353 0.007426 0.009902 0.457032 0.889364
1630597557.547974 -332.095507 652.658828 -0.146353 0.007408 0.009882 0.457042 0.889360
1630597557.651611 -332.095513 652.658848 -0.146353 0.007331 0.009901 0.457032 0.889365
1630597557.755371 -332.095520 652.658845 -0.146353 0.007327 0.009871 0.457041 0.889360
1630597557.859131 -332.095514 652.658860 -0.146353 0.007282 0.009915 0.457055 0.889353
1630597557.962891 -332.095518 652.658851 -0.146353 0.007306 0.009884 0.457038 0.889362
1630597558.066651 -332.095518 652.658860 -0.146353 0.007278 0.009903 0.457034 0.889364
1630597558.170288 -332.095515 652.658858 -0.146353 0.007291 0.009911 0.457027 0.889367
1630597558.273926 -332.095521 652.658859 -0.146353 0.007280 0.009889 0.457031 0.889366
1630597558.377686 -332.095519 652.658865 -0.146353 0.007257 0.009906 0.457027 0.889368
1630597558.481323 -332.095521 652.658855 -0.146353 0.007290 0.009883 0.457028 0.889368
1630597558.585083 -332.095526 652.658861 -0.146353 0.007258 0.009879 0.457024 0.889370
1630597558.688721 -332.095523 652.658860 -0.146353 0.007267 0.009887 0.457029 0.889367
1630597558.792481 -332.095521 652.658855 -0.146353 0.007289 0.009882 0.457026 0.889368
1630597558.896240 -332.095522 652.658864 -0.146352 0.007254 0.009899 0.457005 0.889380
1630597558.999878 -332.095524 652.658864 -0.146352 0.007255 0.009888 0.457014 0.889375
1630597559.103516 -332.095518 652.658859 -0.146353 0.007281 0.009902 0.457018 0.889373
1630597559.207276 -332.095524 652.658860 -0.146353 0.007267 0.009881 0.457021 0.889371
1630597559.310913 -332.095524 652.658862 -0.146352 0.007259 0.009884 0.457004 0.889380
1630597559.414551 -332.095518 652.658861 -0.146353 0.007276 0.009904 0.457001 0.889381
1630597559.518311 -332.095525 652.658857 -0.146353 0.007279 0.009873 0.457005 0.889379
1630597559.622070 -332.095522 652.658862 -0.146353 0.007264 0.009894 0.457001 0.889382
1630597559.725830 -332.095523 652.658864 -0.146352 0.007255 0.009894 0.457003 0.889380
1630597559.829590 -332.095519 652.658856 -0.146353 0.007292 0.009893 0.457001 0.889381
1630597559.933106 -332.095521 652.658862 -0.146353 0.007269 0.009897 0.456994 0.889385
1630597560.036865 -332.095524 652.658866 -0.146353 0.007249 0.009893 0.457001 0.889382
1630597560.140625 -332.095520 652.658857 -0.146353 0.007290 0.009889 0.456997 0.889383
1630597560.244385 -332.095525 652.658863 -0.146353 0.007253 0.009883 0.457005 0.889380
1630597560.348145 -332.095518 652.658862 -0.146353 0.007266 0.009908 0.457005 0.889379
1630597560.451660 -332.095524 652.658856 -0.146353 0.007280 0.009873 0.457003 0.889381
1630597560.555420 -332.095524 652.658865 -0.146352 0.007246 0.009894 0.457012 0.889376
1630597560.659180 -332.095515 652.658859 -0.146353 0.007285 0.009915 0.457014 0.889374
1630597560.762818 -332.095523 652.658863 -0.146353 0.007262 0.009890 0.457010 0.889377
1630597560.866455 -332.095523 652.658868 -0.146352 0.007243 0.009899 0.457020 0.889372
1630597560.970215 -332.095518 652.658854 -0.146354 0.007300 0.009890 0.457029 0.889367
1630597561.073975 -332.095520 652.658867 -0.146353 0.007251 0.009907 0.457023 0.889370
1630597561.177612 -332.095512 652.658866 -0.146353 0.007264 0.009935 0.457023 0.889370
1630597561.281250 -332.095516 652.658857 -0.146353 0.007290 0.009902 0.457033 0.889365
1630597561.385010 -332.095517 652.658869 -0.146353 0.007242 0.009922 0.457031 0.889366
1630597561.488648 -332.095517 652.658858 -0.146353 0.007286 0.009904 0.457029 0.889367
1630597561.592285 -332.095511 652.658865 -0.146353 0.007276 0.009934 0.457025 0.889369
1630597561.696045 -332.095516 652.658867 -0.146353 0.007257 0.009922 0.457035 0.889364
1630597561.799805 -332.095522 652.658859 -0.146354 0.007279 0.009882 0.457032 0.889365
1630597561.903565 -332.095525 652.658870 -0.146353 0.007231 0.009894 0.457023 0.889370
1630597562.007324 -332.095518 652.658864 -0.146353 0.007263 0.009909 0.457031 0.889366
1630597562.110962 -332.095513 652.658863 -0.146353 0.007276 0.009926 0.457037 0.889363
1630597562.214722 -332.095523 652.658868 -0.146353 0.007239 0.009901 0.457039 0.889362
1630597562.318360 -332.095526 652.658858 -0.146352 0.007272 0.009872 0.457037 0.889363
1630597562.422119 -332.095526 652.658865 -0.146353 0.007250 0.009881 0.457044 0.889360
1630597562.525879 -332.095518 652.658866 -0.146353 0.007259 0.009915 0.457043 0.889360
1630597562.629395 -332.095515 652.658862 -0.146353 0.007280 0.009912 0.457033 0.889365
1630597562.733154 -332.095528 652.658869 -0.146353 0.007230 0.009881 0.457045 0.889359
1630597562.836914 -332.095519 652.658860 -0.146353 0.007275 0.009901 0.457047 0.889358
1630597562.940552 -332.095521 652.658863 -0.146353 0.007258 0.009898 0.457046 0.889358
1630597563.044312 -332.095521 652.658867 -0.146352 0.007244 0.009905 0.457050 0.889356
1630597563.147949 -332.095526 652.658860 -0.146352 0.007270 0.009871 0.457047 0.889358
1630597563.251709 -332.095527 652.658869 -0.146352 0.007233 0.009889 0.457046 0.889359
1630597563.355469 -332.095512 652.658863 -0.146353 0.007280 0.009927 0.457038 0.889362
1630597563.459107 -332.095520 652.658870 -0.146353 0.007241 0.009912 0.457042 0.889360
1630597563.562866 -332.095517 652.658867 -0.146353 0.007252 0.009919 0.457049 0.889357
1630597563.666504 -332.095516 652.658868 -0.146352 0.007253 0.009926 0.457044 0.889359
1630597563.770142 -332.095515 652.658871 -0.146352 0.007247 0.009936 0.457046 0.889358
1630597563.873901 -332.095513 652.658864 -0.146353 0.007275 0.009924 0.457044 0.889359
1630597563.977539 -332.095517 652.658867 -0.146354 0.007254 0.009919 0.457048 0.889357
1630597564.081299 -332.095522 652.658856 -0.146352 0.007284 0.009880 0.457039 0.889362
1630597564.184937 -332.095522 652.658864 -0.146352 0.007256 0.009897 0.457043 0.889360
1630597564.288574 -332.095522 652.658862 -0.146353 0.007263 0.009891 0.457036 0.889363
1630597564.392334 -332.095520 652.658866 -0.146353 0.007255 0.009903 0.457036 0.889363
1630597564.495972 -332.095520 652.658869 -0.146353 0.007247 0.009913 0.457044 0.889359
1630597564.599854 -332.095520 652.658862 -0.146353 0.007269 0.009899 0.457044 0.889359
1630597564.703491 -332.095519 652.658863 -0.146353 0.007260 0.009905 0.457043 0.889360
1630597564.807251 -332.095515 652.658859 -0.146353 0.007285 0.009910 0.457043 0.889360
1630597564.911011 -332.095518 652.658868 -0.146352 0.007252 0.009920 0.457047 0.889358
1630597565.014649 -332.095516 652.658855 -0.146353 0.007300 0.009899 0.457057 0.889352
1630597565.118408 -332.095529 652.658869 -0.146352 0.007261 0.009911 0.457055 0.889354
1630597565.222168 -332.095619 652.658849 -0.146359 0.007288 0.009898 0.457055 0.889354
1630597565.325806 -332.095811 652.659104 -0.146487 0.007334 0.009864 0.457046 0.889358
1630597565.429443 -332.096081 652.660299 -0.146704 0.007403 0.009876 0.457065 0.889348
1630597565.533203 -332.096575 652.662448 -0.146826 0.007425 0.009839 0.457071 0.889345
1630597565.636963 -332.097118 652.665533 -0.146856 0.007459 0.009879 0.457030 0.889365
1630597565.740601 -332.097760 652.669821 -0.146957 0.007531 0.009882 0.457017 0.889371
1630597565.844238 -332.098762 652.675519 -0.147092 0.007574 0.009926 0.457014 0.889372
1630597565.947998 -332.100368 652.683021 -0.147286 0.007717 0.009853 0.456996 0.889381
1630597566.051758 -332.102331 652.693191 -0.147683 0.007840 0.009794 0.456975 0.889391
1630597566.155274 -332.104792 652.707545 -0.148761 0.008394 0.009711 0.456928 0.889411
1630597566.259033 -332.108484 652.729185 -0.150238 0.009416 0.009496 0.456878 0.889429
1630597566.362793 -332.113809 652.759357 -0.150394 0.009561 0.009452 0.456882 0.889426
1630597566.466553 -332.121232 652.799971 -0.150945 0.010265 0.009273 0.456744 0.889490
1630597566.570191 -332.130966 652.854354 -0.151757 0.011165 0.008998 0.456683 0.889514
1630597566.673950 -332.143223 652.924951 -0.151993 0.011647 0.009028 0.456663 0.889518
1630597566.777710 -332.159063 653.012652 -0.151869 0.011799 0.009022 0.456606 0.889545
1630597566.881470 -332.178469 653.116205 -0.151159 0.011512 0.008978 0.456756 0.889472
1630597566.985108 -332.201067 653.234353 -0.150589 0.011568 0.008782 0.457065 0.889314
1630597567.088867 -332.226734 653.367742 -0.150189 0.011496 0.008526 0.457382 0.889155
1630597567.192505 -332.254854 653.516392 -0.149926 0.011516 0.008405 0.457727 0.888979
1630597567.296143 -332.285334 653.680127 -0.149530 0.011657 0.008442 0.458131 0.888768
1630597567.400025 -332.319108 653.859663 -0.149118 0.011979 0.008283 0.458553 0.888548
1630597567.503662 -332.356293 654.055070 -0.148798 0.012037 0.008178 0.458944 0.888346
1630597567.607422 -332.397003 654.266418 -0.148059 0.011891 0.007894 0.459351 0.888140
1630597567.711182 -332.439631 654.492778 -0.146719 0.011953 0.007967 0.459764 0.887925
1630597567.814819 -332.484487 654.733641 -0.145088 0.011799 0.008194 0.460106 0.887748
1630597567.918701 -332.532052 654.988947 -0.143401 0.011718 0.008569 0.460437 0.887574
1630597568.022339 -332.582549 655.256191 -0.141267 0.011700 0.008663 0.460757 0.887407
1630597568.125977 -332.635799 655.535730 -0.138898 0.011377 0.008818 0.461044 0.887260
1630597568.229736 -332.692130 655.825146 -0.136294 0.010649 0.008643 0.461179 0.887201
1630597568.333496 -332.750073 656.120810 -0.133771 0.009983 0.008543 0.461281 0.887157
1630597568.437134 -332.808901 656.420141 -0.131566 0.009323 0.008186 0.461584 0.887010
1630597568.540772 -332.867453 656.722373 -0.129842 0.008969 0.008225 0.461759 0.886922
1630597568.644531 -332.925978 657.027489 -0.128279 0.008765 0.008375 0.461898 0.886850
1630597568.748169 -332.983916 657.334075 -0.126158 0.008542 0.008709 0.462077 0.886756
1630597568.851807 -333.042628 657.641347 -0.124004 0.008100 0.008855 0.462087 0.886754
1630597568.955567 -333.102509 657.948279 -0.121952 0.007493 0.008742 0.461764 0.886928
1630597569.059204 -333.162774 658.253456 -0.120515 0.006867 0.008183 0.461286 0.887187
1630597569.162842 -333.221308 658.557773 -0.119194 0.006464 0.008016 0.460789 0.887450
1630597569.266602 -333.278424 658.861325 -0.117603 0.006142 0.007874 0.460373 0.887670
1630597569.370361 -333.333299 659.163121 -0.115990 0.006354 0.008329 0.459892 0.887913
1630597569.474121 -333.386795 659.462870 -0.114474 0.006899 0.008546 0.459365 0.888179
1630597569.577881 -333.438611 659.761848 -0.112809 0.007427 0.009331 0.458818 0.888450
1630597569.681397 -333.490855 660.058780 -0.111555 0.007845 0.009714 0.458309 0.888705
1630597569.785156 -333.545155 660.354920 -0.110700 0.008138 0.009571 0.457996 0.888866
1630597569.888916 -333.601355 660.650316 -0.110514 0.008124 0.009098 0.458041 0.888847
1630597569.992554 -333.658733 660.944745 -0.110146 0.007863 0.008246 0.458128 0.888813
1630597570.096192 -333.714881 661.238783 -0.109569 0.007703 0.007914 0.458089 0.888838
1630597570.199951 -333.769016 661.533745 -0.108621 0.007990 0.007730 0.458154 0.888803
1630597570.303711 -333.821553 661.833045 -0.107903 0.008921 0.008163 0.458190 0.888772
1630597570.407471 -333.875603 662.141321 -0.107145 0.010186 0.008425 0.458148 0.888777
1630597570.511109 -333.932898 662.462328 -0.105777 0.011227 0.008453 0.458121 0.888779
1630597570.614868 -333.994338 662.799000 -0.103839 0.011598 0.008398 0.458166 0.888751
1630597570.718506 -334.060067 663.150651 -0.102346 0.011436 0.008103 0.458161 0.888758
1630597570.822144 -334.129287 663.517190 -0.101688 0.011109 0.007781 0.458160 0.888766
1630597570.925903 -334.201459 663.898998 -0.101123 0.010717 0.007355 0.458151 0.888779
1630597571.029663 -334.275882 664.295491 -0.099948 0.010255 0.007049 0.458142 0.888792
1630597571.133301 -334.352523 664.705913 -0.098146 0.009807 0.006656 0.458177 0.888782
1630597571.237061 -334.430657 665.131495 -0.095939 0.009658 0.006751 0.458236 0.888752
1630597571.340698 -334.510717 665.571722 -0.093819 0.009580 0.007013 0.458381 0.888676
1630597571.444458 -334.593823 666.027253 -0.092770 0.009449 0.007131 0.458323 0.888707
1630597571.548096 -334.680480 666.495339 -0.092814 0.009578 0.006883 0.458188 0.888777
1630597571.651856 -334.770505 666.976987 -0.092836 0.009698 0.006488 0.458140 0.888803
1630597571.755615 -334.863407 667.471267 -0.091439 0.009571 0.005851 0.458270 0.888742
1630597571.859131 -334.958125 667.978104 -0.089770 0.009253 0.005683 0.458305 0.888729
1630597571.962891 -335.055842 668.500435 -0.089257 0.009175 0.005162 0.458226 0.888774
1630597572.066651 -335.154265 669.037119 -0.088539 0.009464 0.005148 0.458189 0.888790
1630597572.170288 -335.253583 669.587637 -0.086715 0.009519 0.005383 0.458374 0.888692
1630597572.274048 -335.355684 670.152060 -0.083796 0.009207 0.006109 0.458374 0.888691
1630597572.377808 -335.462082 670.727913 -0.082983 0.009635 0.005761 0.458116 0.888821
1630597572.481445 -335.570461 671.317455 -0.083232 0.010324 0.005630 0.457984 0.888883
1630597572.585205 -335.679199 671.924478 -0.082156 0.010642 0.006488 0.458101 0.888813
1630597572.688843 -335.790999 672.546170 -0.079825 0.011047 0.006811 0.458025 0.888845
1630597572.792725 -335.907145 673.185248 -0.077154 0.011380 0.006829 0.457816 0.888948
1630597572.896362 -336.026191 673.839444 -0.074748 0.011450 0.006778 0.457926 0.888890
1630597573.000122 -336.148546 674.510745 -0.072395 0.011352 0.007106 0.458089 0.888805
1630597573.103760 -336.276096 675.196801 -0.069703 0.010811 0.006536 0.458024 0.888850
1630597573.207520 -336.406442 675.898637 -0.066510 0.010443 0.006055 0.458075 0.888831
1630597573.311279 -336.537970 676.614181 -0.063115 0.010557 0.005830 0.458237 0.888748
1630597573.414795 -336.671482 677.341838 -0.060673 0.010984 0.005909 0.458112 0.888807
1630597573.518555 -336.809407 678.085724 -0.058684 0.011365 0.005003 0.457992 0.888870
1630597573.622315 -336.948416 678.845773 -0.054984 0.011620 0.005276 0.457889 0.888918
1630597573.725952 -337.089360 679.620463 -0.050069 0.011591 0.005243 0.457695 0.889018
1630597573.829834 -337.233119 680.412169 -0.045302 0.011314 0.005417 0.457589 0.889075
1630597573.933350 -337.380514 681.214860 -0.040461 0.010989 0.004980 0.457527 0.889114
1630597574.037110 -337.530958 682.033268 -0.035713 0.010114 0.004437 0.457515 0.889133
1630597574.140869 -337.682606 682.864069 -0.031681 0.009645 0.004494 0.457520 0.889136
1630597574.244507 -337.836916 683.705158 -0.027853 0.009421 0.004031 0.457353 0.889226
1630597574.348267 -337.992641 684.557886 -0.023956 0.009156 0.003888 0.457287 0.889263
1630597574.451904 -338.148572 685.418386 -0.019458 0.009016 0.004008 0.457324 0.889246
1630597574.555664 -338.304816 686.288148 -0.015522 0.009096 0.004393 0.457313 0.889249
1630597574.659424 -338.462181 687.167670 -0.011770 0.009673 0.004809 0.457337 0.889228
1630597574.763062 -338.623554 688.057060 -0.007469 0.009034 0.004947 0.457252 0.889278
1630597574.866821 -338.787631 688.957226 -0.003280 0.008015 0.005206 0.457342 0.889239
1630597574.970459 -338.952440 689.864172 0.000175 0.007599 0.004904 0.457392 0.889219
1630597575.074219 -339.117657 690.780365 0.001583 0.008427 0.005080 0.457348 0.889233
1630597575.177979 -339.284611 691.707716 0.002452 0.008940 0.005525 0.457228 0.889287
1630597575.281494 -339.454899 692.644952 0.004997 0.008621 0.005163 0.457164 0.889326
1630597575.385132 -339.626582 693.594347 0.008096 0.008458 0.005408 0.457139 0.889338
1630597575.488892 -339.801238 694.554328 0.010371 0.008702 0.004775 0.457043 0.889389
1630597575.592529 -339.976317 695.524950 0.012270 0.008801 0.005091 0.457001 0.889408
1630597575.696289 -340.154543 696.507872 0.015199 0.008515 0.004654 0.456949 0.889440
1630597575.800049 -340.334190 697.501580 0.018145 0.008751 0.004651 0.456876 0.889475
1630597575.903687 -340.515598 698.506049 0.020180 0.009096 0.004545 0.456765 0.889529
1630597576.007446 -340.699796 699.523335 0.023631 0.009571 0.004092 0.456743 0.889538
1630597576.111084 -340.884369 700.552275 0.027738 0.009671 0.004013 0.456573 0.889624
1630597576.214844 -341.069590 701.596521 0.031534 0.010174 0.004824 0.456410 0.889698
1630597576.318604 -341.258680 702.651572 0.038944 0.010182 0.004495 0.456209 0.889803
1630597576.422241 -341.447516 703.716451 0.044894 0.011430 0.004611 0.456139 0.889823
1630597576.526001 -341.637713 704.800315 0.050588 0.010345 0.006096 0.456121 0.889837
1630597576.629761 -341.831896 705.901807 0.056254 0.007298 0.007899 0.455955 0.889938
1630597576.733399 -342.028616 707.010017 0.057580 0.004935 0.008129 0.455808 0.890027
1630597576.837158 -342.225686 708.123449 0.052581 0.006038 0.007822 0.455725 0.890066
1630597576.940796 -342.424051 709.245117 0.046422 0.008188 0.007397 0.455626 0.890103
1630597577.044678 -342.626249 710.385158 0.044404 0.008764 0.007303 0.455607 0.890108
1630597577.148193 -342.833777 711.536344 0.045638 0.007551 0.006150 0.455553 0.890155
1630597577.251953 -343.043781 712.701708 0.046529 0.006429 0.005379 0.455473 0.890210
1630597577.355713 -343.251470 713.876829 0.044735 0.006988 0.005650 0.455259 0.890314
1630597577.459351 -343.457806 715.062084 0.042664 0.007879 0.006383 0.455036 0.890415
1630597577.562988 -343.666776 716.260884 0.042038 0.007401 0.006858 0.454976 0.890447
1630597577.666748 -343.878562 717.473638 0.041742 0.006800 0.007373 0.454936 0.890467
1630597577.770386 -344.092550 718.695441 0.039504 0.006223 0.007517 0.454796 0.890542
1630597577.874146 -344.308912 719.927370 0.035996 0.006557 0.007268 0.454519 0.890683
1630597577.977783 -344.526198 721.169879 0.031418 0.006573 0.007234 0.454430 0.890729
1630597578.081421 -344.745309 722.426490 0.028003 0.005497 0.007466 0.454500 0.890698
1630597578.185181 -344.966205 723.693944 0.023794 0.005236 0.007663 0.454408 0.890745
1630597578.288818 -345.187910 724.966108 0.018140 0.006467 0.007215 0.454198 0.890848
1630597578.392578 -345.411341 726.251094 0.013748 0.007857 0.006901 0.454014 0.890933
1630597578.496338 -345.637661 727.551936 0.013050 0.007093 0.006682 0.454004 0.890946
1630597578.600098 -345.865921 728.864327 0.012824 0.006235 0.006863 0.453929 0.890990
1630597578.703858 -346.097536 730.184666 0.010077 0.006080 0.006026 0.453730 0.891098
1630597578.807617 -346.329785 731.514059 0.006885 0.006792 0.004831 0.453672 0.891130
1630597578.911377 -346.562611 732.856805 0.003537 0.006343 0.005083 0.453617 0.891160
1630597579.015015 -346.796713 734.211958 0.002053 0.005045 0.005844 0.453559 0.891193
1630597579.118775 -347.031268 735.577983 -0.001722 0.004629 0.006665 0.453459 0.891240
1630597579.222412 -347.268241 736.950995 -0.008874 0.004672 0.006017 0.453443 0.891253
1630597579.326172 -347.508095 738.337071 -0.016688 0.004409 0.005599 0.453657 0.891148
1630597579.429810 -347.749975 739.732294 -0.024695 0.003824 0.005889 0.453948 0.891000
1630597579.533447 -347.994815 741.135833 -0.033314 0.003354 0.005626 0.454168 0.890892
1630597579.637207 -348.241029 742.548751 -0.042206 0.003123 0.005921 0.454435 0.890755
1630597579.740967 -348.487901 743.968501 -0.051090 0.003233 0.006444 0.454759 0.890585
1630597579.844483 -348.734456 745.389873 -0.059305 0.004033 0.007030 0.454964 0.890473
1630597579.948242 -348.982607 746.819886 -0.065963 0.005567 0.007427 0.455150 0.890366
1630597580.051880 -349.233302 748.260376 -0.070407 0.005240 0.008568 0.455465 0.890197
1630597580.155640 -349.488396 749.712074 -0.074220 0.004012 0.009124 0.455766 0.890044
1630597580.259277 -349.745733 751.166760 -0.082107 0.004516 0.009995 0.455851 0.889988
1630597580.363037 -350.005723 752.630847 -0.092100 0.004862 0.010546 0.455990 0.889909
1630597580.466797 -350.270847 754.104646 -0.102254 0.003961 0.009696 0.456259 0.889785
1630597580.570435 -350.541006 755.587204 -0.114315 0.001521 0.008694 0.456597 0.889630
1630597580.674194 -350.811772 757.076649 -0.129454 0.000566 0.008489 0.456718 0.889571
1630597580.777832 -351.081162 758.566978 -0.148012 0.002512 0.008065 0.456713 0.889574
1630597580.881592 -351.349496 760.070400 -0.163261 0.003655 0.008789 0.456914 0.889460
1630597580.985352 -351.620869 761.588076 -0.175784 0.003322 0.009304 0.457176 0.889321
1630597581.089111 -351.896811 763.118306 -0.189482 0.001197 0.010398 0.457335 0.889233
1630597581.192749 -352.177086 764.653516 -0.208558 -0.000158 0.010098 0.457449 0.889178
1630597581.296631 -352.459510 766.195210 -0.231702 0.000655 0.009515 0.457564 0.889126
1630597581.400269 -352.744629 767.739957 -0.253346 0.002793 0.007544 0.457799 0.889019
1630597581.503906 -353.035537 769.303279 -0.269954 0.001726 0.006622 0.458074 0.888888
1630597581.607666 -353.332137 770.880392 -0.283953 -0.001381 0.005382 0.458188 0.888838
1630597581.711426 -353.625681 772.457712 -0.302695 0.000412 0.003976 0.458188 0.888846
1630597581.815064 -353.915535 774.041538 -0.319732 0.002893 0.003878 0.458390 0.888738
1630597581.918823 -354.205082 775.641192 -0.330468 0.004006 0.005536 0.458639 0.888597
1630597582.022461 -354.498518 777.251268 -0.338925 0.003466 0.006497 0.458749 0.888535
1630597582.126221 -354.797548 778.872895 -0.348875 0.001909 0.006710 0.458608 0.888611
1630597582.229736 -355.098070 780.496844 -0.363644 0.001042 0.006380 0.458029 0.888914
1630597582.333496 -355.398658 782.130727 -0.381313 0.000822 0.005783 0.457453 0.889215
1630597582.437256 -355.694674 783.771848 -0.399117 0.001901 0.006255 0.456957 0.889465
1630597582.540894 -355.989616 785.420806 -0.414634 0.002134 0.006416 0.456522 0.889687
1630597582.644653 -356.284894 787.082348 -0.428677 0.001682 0.007176 0.456143 0.889876
1630597582.748291 -356.581665 788.748677 -0.444313 0.000772 0.007120 0.455766 0.890071
1630597582.852051 -356.878454 790.421507 -0.462080 0.001092 0.007173 0.455367 0.890274
1630597582.955811 -357.174798 792.099851 -0.479678 0.001548 0.006901 0.455039 0.890443
1630597583.059448 -357.470368 793.784084 -0.495315 0.001674 0.007014 0.454926 0.890500
1630597583.163208 -357.766628 795.477651 -0.510318 0.001075 0.007768 0.454952 0.890482
1630597583.266846 -358.065410 797.172487 -0.526931 0.000632 0.007473 0.455006 0.890457
1630597583.370606 -358.366636 798.872745 -0.544587 0.000135 0.006995 0.455022 0.890453
1630597583.474243 -358.666453 800.573492 -0.562698 0.000714 0.007196 0.454910 0.890508
1630597583.578125 -358.967709 802.283661 -0.579683 0.000048 0.007428 0.454884 0.890520
1630597583.681641 -359.267523 803.992313 -0.597117 -0.000965 0.007718 0.454911 0.890503
1630597583.785401 -359.568569 805.706945 -0.618309 -0.001013 0.007780 0.454806 0.890556
1630597583.889160 -359.871906 807.425493 -0.641511 -0.001808 0.007532 0.454759 0.890581
1630597583.992798 -360.174903 809.144933 -0.666748 -0.001918 0.007506 0.454702 0.890610
1630597584.096436 -360.477993 810.868579 -0.693104 -0.002810 0.007840 0.454699 0.890606
1630597584.200318 -360.782077 812.598389 -0.720957 -0.002833 0.007457 0.454745 0.890586
1630597584.303955 -361.086301 814.327289 -0.749222 -0.003528 0.007349 0.454660 0.890628
1630597584.407715 -361.390607 816.060031 -0.777948 -0.003200 0.007401 0.454556 0.890682
1630597584.511475 -361.692187 817.795500 -0.806521 -0.002296 0.008336 0.454513 0.890698
1630597584.615112 -361.993763 819.534910 -0.834248 -0.002696 0.009155 0.454639 0.890625
1630597584.718872 -362.297283 821.280711 -0.863172 -0.003625 0.010115 0.454813 0.890522
1630597584.822510 -362.602741 823.024596 -0.895632 -0.003829 0.010449 0.455004 0.890420
1630597584.926148 -362.908219 824.769146 -0.929329 -0.003235 0.011221 0.455357 0.890233
1630597585.029907 -363.216299 826.518424 -0.962436 -0.003022 0.011691 0.455814 0.889993
1630597585.133545 -363.526490 828.270153 -0.994621 -0.003830 0.012522 0.456390 0.889684
1630597585.237305 -363.840343 830.024242 -1.029250 -0.004250 0.013054 0.456789 0.889469
1630597585.340820 -364.157481 831.774393 -1.065605 -0.004432 0.012589 0.457179 0.889274
1630597585.444580 -364.478878 833.530678 -1.103031 -0.004979 0.011711 0.457568 0.889084
1630597585.548340 -364.801427 835.288156 -1.141490 -0.005260 0.011434 0.457898 0.888915
1630597585.652100 -365.123854 837.046550 -1.180187 -0.005136 0.011525 0.458233 0.888742
1630597585.755860 -365.446672 838.806346 -1.218273 -0.004850 0.011627 0.458648 0.888529
1630597585.859497 -365.771296 840.566381 -1.255424 -0.004901 0.011832 0.458972 0.888359
1630597585.963257 -366.099124 842.331004 -1.293015 -0.005411 0.011823 0.459251 0.888212
1630597586.066895 -366.428611 844.094968 -1.332413 -0.005800 0.011677 0.459532 0.888066
1630597586.170654 -366.760876 845.862306 -1.373351 -0.006082 0.011132 0.459850 0.887906
1630597586.274414 -367.096436 847.630672 -1.414722 -0.006145 0.010296 0.460271 0.887697
1630597586.378174 -367.435635 849.403053 -1.456779 -0.007264 0.009062 0.460720 0.887469
1630597586.481690 -367.773226 851.175131 -1.500761 -0.008381 0.009195 0.461151 0.887235
1630597586.585449 -368.111726 852.952294 -1.548444 -0.008684 0.010154 0.461718 0.886926
1630597586.689209 -368.452345 854.729198 -1.597354 -0.007972 0.010138 0.462482 0.886535
1630597586.792847 -368.795088 856.505444 -1.645150 -0.007044 0.010575 0.463075 0.886228
1630597586.896485 -369.142468 858.286328 -1.689996 -0.007394 0.010510 0.463687 0.885906
1630597587.000244 -369.490374 860.070787 -1.734481 -0.006774 0.011886 0.464291 0.885577
1630597587.104004 -369.844703 861.857940 -1.779269 -0.007215 0.011881 0.465107 0.885146
1630597587.207764 -370.203633 863.646581 -1.824249 -0.007642 0.011320 0.465896 0.884734
1630597587.311524 -370.563535 865.433211 -1.870280 -0.006325 0.011705 0.466319 0.884516
1630597587.415039 -370.924701 867.220287 -1.913566 -0.005926 0.011960 0.466940 0.884189
1630597587.518799 -371.290213 869.017812 -1.955860 -0.007463 0.012579 0.467682 0.883776
1630597587.622559 -371.658844 870.815309 -2.002578 -0.008389 0.013621 0.468246 0.883453
1630597587.726196 -372.030261 872.608041 -2.053380 -0.008274 0.013827 0.468843 0.883135
1630597587.830078 -372.405441 874.403564 -2.104702 -0.007504 0.013339 0.469447 0.882828
1630597587.933838 -372.783144 876.198569 -2.152722 -0.007274 0.013012 0.469966 0.882558
1630597588.037354 -373.161652 877.991019 -2.198546 -0.007380 0.013281 0.470433 0.882305
1630597588.141113 -373.542946 879.787895 -2.244131 -0.007534 0.013330 0.470859 0.882075
1630597588.244873 -373.926136 881.584371 -2.290515 -0.007729 0.013239 0.471148 0.881921
1630597588.348633 -374.311364 883.382548 -2.338392 -0.008510 0.013242 0.471322 0.881821
1630597588.452393 -374.698314 885.182402 -2.389774 -0.010054 0.013506 0.471423 0.881746
1630597588.555908 -375.085083 886.975575 -2.445685 -0.010763 0.013019 0.471517 0.881695
1630597588.659790 -375.472585 888.771825 -2.503605 -0.010229 0.012476 0.471587 0.881672
1630597588.763428 -375.858656 890.564235 -2.558593 -0.009626 0.012161 0.471571 0.881692
1630597588.867066 -376.245083 892.356456 -2.609992 -0.009584 0.011525 0.471583 0.881694
1630597588.970703 -376.630978 894.143359 -2.657262 -0.007291 0.010534 0.471500 0.881773
1630597589.074463 -377.015828 895.937661 -2.697782 -0.006293 0.011097 0.471001 0.882040
1630597589.178223 -377.403756 897.740397 -2.734976 -0.010619 0.010913 0.470764 0.882128
1630597589.281860 -377.787619 899.538313 -2.782100 -0.012943 0.011369 0.470546 0.882207
1630597589.385498 -378.168339 901.328527 -2.840384 -0.013222 0.011430 0.470186 0.882394
1630597589.489258 -378.548060 903.114271 -2.903068 -0.011228 0.010431 0.469908 0.882583
1630597589.592896 -378.925885 904.897588 -2.960439 -0.009703 0.009670 0.469572 0.882788
1630597589.696655 -379.301191 906.685663 -3.010617 -0.009270 0.009867 0.469189 0.882994
1630597589.800415 -379.674906 908.474672 -3.056179 -0.009789 0.010035 0.468795 0.883196
1630597589.904175 -380.047725 910.259269 -3.101435 -0.009460 0.009567 0.468354 0.883438
1630597590.007935 -380.419993 912.039696 -3.145487 -0.008578 0.008403 0.467750 0.883780
1630597590.111572 -380.789789 913.817539 -3.186950 -0.008129 0.006459 0.467069 0.884160
1630597590.215332 -381.155812 915.601041 -3.226689 -0.009281 0.006257 0.466143 0.884639
1630597590.319092 -381.516182 917.385512 -3.269690 -0.010802 0.006991 0.465201 0.885112
1630597590.422730 -381.871346 919.164894 -3.318205 -0.011524 0.007168 0.464411 0.885516
1630597590.526611 -382.223060 920.944354 -3.369928 -0.011072 0.007007 0.463622 0.885936
1630597590.630127 -382.569723 922.714592 -3.420151 -0.009784 0.006986 0.462813 0.886374
1630597590.733887 -382.912624 924.488880 -3.465688 -0.008637 0.007103 0.462055 0.886781
1630597590.837402 -383.250862 926.260340 -3.506827 -0.008448 0.007505 0.461382 0.887130
1630597590.941162 -383.586615 928.036542 -3.547215 -0.008634 0.008330 0.460788 0.887429
1630597591.044922 -383.921147 929.811616 -3.589722 -0.009132 0.008812 0.460364 0.887639
1630597591.148438 -384.254668 931.580300 -3.634984 -0.009437 0.009160 0.460077 0.887782
1630597591.252197 -384.588118 933.350893 -3.681836 -0.009466 0.008927 0.459846 0.887903
1630597591.355835 -384.918153 935.116780 -3.728241 -0.008971 0.009221 0.459723 0.887969
1630597591.459595 -385.245592 936.881691 -3.772020 -0.007663 0.009715 0.459711 0.887982
1630597591.563233 -385.570625 938.641656 -3.811108 -0.005982 0.010585 0.459726 0.887978
1630597591.666870 -385.893510 940.399855 -3.845031 -0.003999 0.011560 0.459658 0.888012
1630597591.770630 -386.215746 942.162712 -3.875228 -0.003803 0.014031 0.459458 0.888081
1630597591.874390 -386.546430 943.925150 -3.905882 -0.005722 0.013047 0.459680 0.887970
1630597591.978027 -386.884445 945.683788 -3.942523 -0.008951 0.010673 0.459865 0.887880
1630597592.081787 -387.228169 947.439618 -3.987529 -0.011520 0.006807 0.459771 0.887937
1630597592.185547 -387.565611 949.190514 -4.038639 -0.012020 0.004942 0.459551 0.888056
1630597592.289185 -387.889423 950.934813 -4.089593 -0.009510 0.005775 0.459408 0.888156
1630597592.393067 -388.205465 952.683234 -4.132544 -0.006802 0.008213 0.459565 0.888080
1630597592.496826 -388.523839 954.429093 -4.166119 -0.005254 0.009340 0.459749 0.887984
1630597592.600464 -388.849841 956.170561 -4.194255 -0.004703 0.008674 0.459604 0.888069
1630597592.704102 -389.179454 957.911023 -4.221125 -0.005221 0.007199 0.459260 0.888257
1630597592.807861 -389.505365 959.651147 -4.249330 -0.005349 0.006700 0.459000 0.888395
1630597592.911499 -389.823348 961.385354 -4.277923 -0.003784 0.007615 0.458812 0.888492
1630597593.015137 -390.139015 963.116399 -4.302581 -0.002166 0.008237 0.458731 0.888534
1630597593.118897 -390.457217 964.845904 -4.321524 -0.000693 0.007560 0.458609 0.888606
1630597593.222656 -390.777306 966.575639 -4.335293 -0.000672 0.006912 0.458287 0.888777
1630597593.326416 -391.095778 968.305952 -4.347984 -0.001877 0.007357 0.457940 0.888951
1630597593.429932 -391.411642 970.026998 -4.363716 -0.002141 0.006943 0.457844 0.889003
1630597593.533692 -391.726058 971.746420 -4.381489 -0.001286 0.006452 0.457848 0.889006
1630597593.637207 -392.039168 973.459911 -4.397345 -0.000793 0.006373 0.457734 0.889066
1630597593.740967 -392.352372 975.175720 -4.411422 -0.000811 0.006503 0.457644 0.889111
1630597593.844727 -392.663710 976.889832 -4.425213 -0.001067 0.007133 0.457785 0.889034
1630597593.948242 -392.973936 978.596143 -4.439953 -0.001308 0.007670 0.458283 0.888772
1630597594.052002 -393.286932 980.300368 -4.455454 -0.000950 0.007556 0.458818 0.888498
1630597594.155762 -393.601604 981.997810 -4.469237 -0.000302 0.007186 0.459189 0.888309
1630597594.259400 -393.916033 983.688012 -4.480228 0.000042 0.007416 0.459655 0.888067
1630597594.363037 -394.231470 985.369782 -4.488266 0.000362 0.006553 0.460477 0.887648
1630597594.466797 -394.546682 987.049723 -4.496368 -0.001234 0.008707 0.461403 0.887147
1630597594.570557 -394.865086 988.718051 -4.506542 -0.002857 0.009539 0.462639 0.886491
1630597594.674317 -395.183974 990.367622 -4.523249 -0.002000 0.009907 0.463976 0.885790
1630597594.777954 -395.506752 992.001015 -4.539379 -0.000901 0.009777 0.465189 0.885157
1630597594.881592 -395.834866 993.621251 -4.551691 -0.000131 0.008423 0.466464 0.884500
1630597594.985474 -396.165802 995.235057 -4.560398 -0.000576 0.008137 0.467614 0.883895
1630597595.089111 -396.496983 996.833020 -4.567751 -0.001336 0.007854 0.468732 0.883305
1630597595.192871 -396.825217 998.417256 -4.576866 -0.000900 0.009056 0.469946 0.882648
1630597595.296631 -397.155423 999.984649 -4.585516 0.000396 0.009213 0.471249 0.881952
1630597595.400269 -397.489261 1001.536149 -4.591750 0.000820 0.008376 0.472521 0.881279
1630597595.503906 -397.826614 1003.076503 -4.595613 0.000001 0.008270 0.473384 0.880818
1630597595.607788 -398.167516 1004.604715 -4.599906 -0.000996 0.007306 0.474219 0.880376
1630597595.711426 -398.504500 1006.112913 -4.606493 -0.000537 0.006552 0.475064 0.879927
1630597595.815186 -398.837563 1007.608742 -4.612708 0.000278 0.007059 0.475886 0.879479
1630597595.918945 -399.168484 1009.091496 -4.617691 0.000402 0.008299 0.476648 0.879055
1630597596.022461 -399.497466 1010.557316 -4.621385 0.000487 0.009457 0.477405 0.878632
1630597596.126221 -399.829286 1012.009271 -4.625300 0.000425 0.009324 0.478114 0.878248
1630597596.229859 -400.162397 1013.442396 -4.628876 0.000982 0.008460 0.478625 0.877978
1630597596.333618 -400.496609 1014.861011 -4.631096 0.001004 0.006998 0.478970 0.877803
1630597596.437256 -400.828460 1016.263202 -4.631942 0.001052 0.005141 0.479225 0.877676
1630597596.540894 -401.155475 1017.652243 -4.631722 0.000102 0.004632 0.479284 0.877648
1630597596.644653 -401.477210 1019.027792 -4.632205 -0.000277 0.004546 0.479051 0.877775
1630597596.748291 -401.792827 1020.386077 -4.634213 -0.000562 0.004695 0.478387 0.878136
1630597596.852051 -402.104749 1021.730643 -4.636907 -0.000963 0.003704 0.477437 0.878657
1630597596.955811 -402.408482 1023.061679 -4.640617 -0.001374 0.003875 0.476289 0.879279
1630597597.059448 -402.706909 1024.378472 -4.645396 -0.002010 0.003243 0.474987 0.879985
1630597597.163330 -402.998829 1025.687046 -4.651326 -0.002371 0.002974 0.473964 0.880536
1630597597.266968 -403.281679 1026.981671 -4.658859 -0.001808 0.003161 0.473073 0.881016
1630597597.370606 -403.560071 1028.263891 -4.665564 -0.000998 0.002988 0.472021 0.881582
1630597597.474365 -403.836378 1029.536076 -4.670311 -0.000034 0.001612 0.471156 0.882049
1630597597.578125 -404.106980 1030.802370 -4.672667 -0.000503 0.001787 0.470085 0.882619
1630597597.681641 -404.372481 1032.056397 -4.671949 -0.002385 0.001601 0.468633 0.883388
1630597597.785401 -404.630584 1033.299756 -4.675108 -0.002675 0.001369 0.467439 0.884020
1630597597.889038 -404.881831 1034.530759 -4.681613 -0.002791 0.000734 0.466222 0.884663
1630597597.992676 -405.125460 1035.754428 -4.689256 -0.002646 0.001121 0.464577 0.885528
1630597598.096436 -405.362944 1036.972732 -4.697406 -0.002272 0.001421 0.462711 0.886505
1630597598.200073 -405.592776 1038.183899 -4.705017 -0.001453 0.002021 0.461350 0.887215
1630597598.303833 -405.815278 1039.390517 -4.710950 0.000148 0.003333 0.460469 0.887669
1630597598.407471 -406.041802 1040.590762 -4.715483 0.000472 0.001822 0.459914 0.887962
1630597598.511231 -406.267026 1041.792966 -4.718795 -0.001011 0.002383 0.459194 0.888332
1630597598.614990 -406.490707 1042.990134 -4.722498 -0.002460 0.001986 0.458384 0.888749
1630597598.718506 -406.710931 1044.175586 -4.729987 -0.002292 0.001292 0.457514 0.889199
1630597598.822388 -406.925052 1045.361005 -4.738802 -0.001148 0.001030 0.457000 0.889465
1630597598.926026 -407.132178 1046.542048 -4.745488 -0.000194 0.002588 0.456608 0.889664
1630597599.029663 -407.338394 1047.722535 -4.751824 0.000015 0.004062 0.456398 0.889767
1630597599.133423 -407.547666 1048.902221 -4.757238 -0.001209 0.005071 0.456386 0.889766
1630597599.237061 -407.759633 1050.073306 -4.764323 -0.001593 0.004411 0.456462 0.889731
1630597599.340820 -407.970854 1051.236366 -4.772813 -0.000682 0.003206 0.456323 0.889808
1630597599.444580 -408.178658 1052.391943 -4.779148 0.000923 0.002335 0.456251 0.889848
1630597599.548340 -408.380377 1053.541861 -4.781054 0.002003 0.003548 0.456144 0.889896
1630597599.652100 -408.577453 1054.685641 -4.779809 0.002156 0.005687 0.456218 0.889847
1630597599.755737 -408.768746 1055.817797 -4.777819 0.002108 0.009356 0.456407 0.889719
1630597599.859497 -408.960469 1056.937814 -4.778422 0.001900 0.011360 0.456562 0.889617
1630597599.963257 -409.151977 1058.044240 -4.781294 0.001745 0.013354 0.456678 0.889530
1630597600.066895 -409.345083 1059.134545 -4.785472 0.001367 0.014140 0.456835 0.889438
1630597600.170654 -409.541234 1060.211206 -4.791564 0.000366 0.013470 0.456981 0.889374
1630597600.274414 -409.737349 1061.272480 -4.798100 -0.000695 0.012143 0.457078 0.889344
1630597600.378052 -409.932988 1062.314505 -4.804455 -0.001703 0.009606 0.457173 0.889324
1630597600.481690 -410.119585 1063.339152 -4.812091 -0.000704 0.010002 0.456994 0.889413
1630597600.585449 -410.301504 1064.348545 -4.818001 0.000221 0.009952 0.456980 0.889421
1630597600.689087 -410.480117 1065.342706 -4.821391 0.000805 0.010272 0.456822 0.889499
1630597600.792725 -410.654940 1066.324172 -4.823909 0.000706 0.010368 0.456942 0.889436
1630597600.896485 -410.829309 1067.294266 -4.826840 0.000387 0.010509 0.456950 0.889430
1630597601.000244 -411.004474 1068.250576 -4.830964 -0.000662 0.009848 0.456855 0.889486
1630597601.104004 -411.176858 1069.191739 -4.835025 -0.000560 0.009398 0.456782 0.889529
1630597601.207764 -411.344739 1070.117989 -4.840196 0.000760 0.009016 0.456611 0.889620
1630597601.311279 -411.509598 1071.031557 -4.845060 0.001478 0.008477 0.456652 0.889604
1630597601.415039 -411.673141 1071.938381 -4.847122 0.000778 0.008151 0.456644 0.889612
1630597601.518799 -411.834316 1072.835488 -4.848600 -0.000411 0.008626 0.456673 0.889593
1630597601.622437 -411.991827 1073.717761 -4.851835 -0.000756 0.009258 0.456543 0.889653
1630597601.726318 -412.147318 1074.588045 -4.856761 0.000163 0.009051 0.456373 0.889743
1630597601.829956 -412.300812 1075.445493 -4.862806 0.001401 0.008858 0.456371 0.889744
1630597601.933716 -412.454173 1076.295851 -4.867150 0.001714 0.008479 0.456316 0.889776
1630597602.037354 -412.606756 1077.137871 -4.868822 0.000985 0.008024 0.456373 0.889752
1630597602.140991 -412.758027 1077.967895 -4.870232 0.000419 0.007561 0.456139 0.889876
1630597602.244751 -412.907316 1078.785368 -4.872401 0.000685 0.005911 0.455932 0.889995
1630597602.348389 -413.046987 1079.592896 -4.876088 0.001738 0.007557 0.455766 0.890066
1630597602.452149 -413.185415 1080.390668 -4.878803 0.002238 0.008106 0.455437 0.890229
1630597602.555908 -413.324254 1081.178619 -4.878316 0.001976 0.008265 0.455052 0.890424
1630597602.659546 -413.459225 1081.953800 -4.878288 0.002153 0.008582 0.454970 0.890463
1630597602.763184 -413.591562 1082.717436 -4.879921 0.002286 0.009022 0.454847 0.890521
1630597602.866943 -413.722753 1083.471134 -4.881635 0.002085 0.009322 0.454717 0.890585
1630597602.970581 -413.851907 1084.211579 -4.882293 0.001729 0.009399 0.454512 0.890689
1630597603.074341 -413.978852 1084.940065 -4.883041 0.001500 0.009506 0.454306 0.890794
1630597603.177979 -414.103028 1085.655125 -4.885054 0.001723 0.009691 0.454263 0.890813
1630597603.281738 -414.225936 1086.358860 -4.887532 0.001626 0.009642 0.454198 0.890847
1630597603.385376 -414.347608 1087.050031 -4.889049 0.001310 0.009246 0.454295 0.890802
1630597603.489014 -414.466158 1087.729665 -4.890276 0.001351 0.009292 0.454575 0.890659
1630597603.592774 -414.582037 1088.398463 -4.892584 0.001264 0.009641 0.454570 0.890658
1630597603.696411 -414.697058 1089.054247 -4.895694 0.001099 0.009608 0.454529 0.890679
1630597603.800171 -414.810776 1089.698977 -4.897795 0.000932 0.009422 0.454711 0.890589
1630597603.903931 -414.920241 1090.331863 -4.899577 0.000864 0.010375 0.454722 0.890573
1630597604.007568 -415.027761 1090.949391 -4.902013 0.000844 0.010252 0.454687 0.890592
1630597604.111328 -415.133354 1091.553075 -4.904472 0.001344 0.010372 0.454862 0.890501
1630597604.215210 -415.237575 1092.142399 -4.906193 0.001264 0.010189 0.454999 0.890433
1630597604.318848 -415.337054 1092.711614 -4.908431 0.000868 0.010731 0.455050 0.890401
1630597604.422608 -415.432555 1093.258224 -4.910061 0.000091 0.011128 0.455192 0.890324
1630597604.526367 -415.523758 1093.777094 -4.910668 -0.000761 0.011497 0.455337 0.890245
1630597604.630005 -415.610143 1094.262648 -4.910690 -0.001089 0.011528 0.455299 0.890263
1630597604.733765 -415.690043 1094.714292 -4.911514 -0.000589 0.011480 0.455247 0.890291
1630597604.837402 -415.764154 1095.132879 -4.912470 0.000243 0.011208 0.455406 0.890213
1630597604.941162 -415.832899 1095.523009 -4.912819 0.001284 0.011008 0.455588 0.890122
1630597605.044678 -415.894961 1095.888152 -4.914735 0.001954 0.011764 0.455623 0.890093
1630597605.148438 -415.953645 1096.229039 -4.915979 0.002037 0.012092 0.455476 0.890164
1630597605.252197 -416.009692 1096.543601 -4.916145 0.001965 0.012244 0.455397 0.890202
1630597605.355835 -416.064690 1096.832347 -4.915174 0.001858 0.010969 0.455602 0.890114
1630597605.459473 -416.115505 1097.099771 -4.913834 0.001997 0.010292 0.455684 0.890080
1630597605.563233 -416.161110 1097.350264 -4.913065 0.002309 0.009886 0.455786 0.890032
1630597605.666992 -416.202142 1097.586599 -4.912039 0.002527 0.010130 0.455820 0.890011
1630597605.770508 -416.240588 1097.808634 -4.910407 0.002288 0.010520 0.455795 0.890020
1630597605.874268 -416.275207 1098.016483 -4.910053 0.002291 0.011106 0.455982 0.889917
1630597605.978027 -416.306739 1098.208870 -4.912115 0.003145 0.011522 0.456024 0.889887
1630597606.081665 -416.337732 1098.388273 -4.914275 0.004146 0.011674 0.455814 0.889989
1630597606.185425 -416.368836 1098.558838 -4.914879 0.004652 0.011311 0.455865 0.889965
1630597606.289063 -416.399225 1098.722741 -4.914427 0.004677 0.010954 0.455931 0.889935
1630597606.392822 -416.428541 1098.881366 -4.914185 0.004741 0.010792 0.455765 0.890022
1630597606.496582 -416.456082 1099.034761 -4.913914 0.004744 0.010709 0.455691 0.890061
1630597606.600342 -416.482388 1099.183023 -4.913465 0.004761 0.010774 0.455694 0.890058
1630597606.704102 -416.509061 1099.327141 -4.912992 0.004763 0.010575 0.455596 0.890111
1630597606.807861 -416.535547 1099.468334 -4.912519 0.004727 0.010214 0.455617 0.890105
1630597606.911499 -416.560826 1099.607322 -4.912060 0.004728 0.010084 0.455694 0.890067
1630597607.015137 -416.585180 1099.744642 -4.911936 0.004874 0.010046 0.455680 0.890074
1630597607.118775 -416.609119 1099.880441 -4.911892 0.004994 0.010101 0.455621 0.890103
1630597607.222534 -416.633062 1100.014754 -4.911695 0.005032 0.010089 0.455600 0.890113
1630597607.326172 -416.657223 1100.146823 -4.911494 0.004929 0.009951 0.455616 0.890107
1630597607.429810 -416.681234 1100.275522 -4.911155 0.004768 0.009685 0.455616 0.890111
1630597607.533447 -416.703656 1100.399688 -4.911100 0.004841 0.009583 0.455618 0.890111
1630597607.637207 -416.724105 1100.519171 -4.911512 0.004984 0.009706 0.455627 0.890104
1630597607.740967 -416.743357 1100.634029 -4.911836 0.005150 0.010063 0.455553 0.890137
1630597607.844483 -416.762906 1100.744604 -4.911877 0.005206 0.010125 0.455443 0.890192
1630597607.948242 -416.782797 1100.852153 -4.911484 0.005089 0.009937 0.455434 0.890200
1630597608.052002 -416.802329 1100.956736 -4.910884 0.004922 0.009795 0.455467 0.890185
1630597608.155640 -416.820622 1101.057912 -4.910486 0.004783 0.009768 0.455421 0.890210
1630597608.259400 -416.837236 1101.155555 -4.910465 0.004936 0.009870 0.455407 0.890215
1630597608.363159 -416.852666 1101.250258 -4.910769 0.005337 0.010168 0.455448 0.890188
1630597608.466797 -416.868339 1101.342758 -4.910866 0.005511 0.010339 0.455421 0.890199
1630597608.570557 -416.884976 1101.433647 -4.910735 0.005394 0.010228 0.455370 0.890227
1630597608.674194 -416.901602 1101.523105 -4.910516 0.005281 0.010105 0.455435 0.890196
1630597608.778076 -416.917871 1101.611795 -4.910266 0.005241 0.009943 0.455501 0.890164
1630597608.881592 -416.933386 1101.699430 -4.910133 0.005289 0.009993 0.455467 0.890181
1630597608.985352 -416.948384 1101.786350 -4.910056 0.005342 0.010064 0.455452 0.890187
1630597609.089111 -416.963245 1101.872361 -4.909952 0.005415 0.010138 0.455486 0.890169
1630597609.192871 -416.978598 1101.957539 -4.909700 0.005378 0.010068 0.455469 0.890178
1630597609.296631 -416.994048 1102.041943 -4.909469 0.005324 0.009998 0.455420 0.890205
1630597609.400269 -417.009026 1102.125542 -4.909372 0.005331 0.009961 0.455439 0.890195
1630597609.504028 -417.023436 1102.208432 -4.909308 0.005367 0.009995 0.455432 0.890198
1630597609.607666 -417.037579 1102.290102 -4.909117 0.005358 0.010109 0.455355 0.890237
1630597609.711426 -417.051566 1102.370493 -4.908877 0.005349 0.010209 0.455319 0.890254
1630597609.815186 -417.065508 1102.449310 -4.908813 0.005347 0.010182 0.455321 0.890253
1630597609.918945 -417.079510 1102.527158 -4.909001 0.005447 0.010135 0.455277 0.890276
1630597610.022461 -417.093706 1102.605203 -4.909243 0.005546 0.009997 0.455240 0.890295
1630597610.126221 -417.108239 1102.684597 -4.909164 0.005586 0.009894 0.455212 0.890310
1630597610.229859 -417.123249 1102.765279 -4.908719 0.005534 0.009742 0.455171 0.890333
1630597610.333618 -417.138476 1102.847362 -4.908154 0.005371 0.009595 0.455159 0.890342
1630597610.437256 -417.153498 1102.930535 -4.907780 0.005300 0.009528 0.455201 0.890322
1630597610.541016 -417.168486 1103.015085 -4.907678 0.005298 0.009526 0.455226 0.890309
1630597610.644653 -417.183410 1103.100946 -4.907787 0.005365 0.009602 0.455234 0.890304
1630597610.748291 -417.198490 1103.188051 -4.907846 0.005422 0.009669 0.455274 0.890282
1630597610.852173 -417.214001 1103.276488 -4.907850 0.005520 0.009703 0.455274 0.890281
1630597610.955811 -417.229978 1103.365804 -4.907726 0.005569 0.009632 0.455291 0.890273
1630597611.059570 -417.246331 1103.456408 -4.907499 0.005539 0.009580 0.455327 0.890256
1630597611.163330 -417.262837 1103.548055 -4.907270 0.005475 0.009536 0.455369 0.890235
1630597611.266968 -417.279058 1103.640475 -4.906985 0.005455 0.009566 0.455437 0.890200
1630597611.370606 -417.294981 1103.734155 -4.906829 0.005464 0.009742 0.455482 0.890175
1630597611.474365 -417.310918 1103.829080 -4.906771 0.005436 0.009976 0.455514 0.890156
1630597611.578125 -417.327616 1103.924483 -4.906795 0.005485 0.010011 0.455529 0.890148
1630597611.681885 -417.345145 1104.020469 -4.906975 0.005564 0.009937 0.455558 0.890133
1630597611.785523 -417.363062 1104.116988 -4.906943 0.005542 0.009720 0.455609 0.890109
1630597611.889282 -417.380562 1104.214032 -4.906662 0.005509 0.009688 0.455640 0.890094
1630597611.992920 -417.397575 1104.310921 -4.906457 0.005488 0.009733 0.455664 0.890082
1630597612.096558 -417.414541 1104.407399 -4.906279 0.005536 0.009778 0.455666 0.890080
1630597612.200440 -417.431704 1104.503491 -4.906191 0.005497 0.009754 0.455676 0.890075
1630597612.303955 -417.448623 1104.598073 -4.906369 0.005527 0.009748 0.455705 0.890060
1630597612.407715 -417.465221 1104.691222 -4.906545 0.005630 0.009716 0.455712 0.890057
1630597612.511475 -417.481348 1104.782631 -4.906486 0.005647 0.009737 0.455747 0.890038
1630597612.615235 -417.497413 1104.872041 -4.906307 0.005555 0.009718 0.455768 0.890028
1630597612.718872 -417.513504 1104.959052 -4.906129 0.005483 0.009554 0.455760 0.890034
1630597612.822632 -417.529291 1105.044141 -4.906049 0.005513 0.009408 0.455809 0.890011
1630597612.926270 -417.544446 1105.127769 -4.906096 0.005494 0.009346 0.455860 0.889985
1630597613.030029 -417.559330 1105.210218 -4.906205 0.005450 0.009293 0.455837 0.889998
1630597613.133789 -417.574234 1105.291067 -4.906242 0.005435 0.009215 0.455827 0.890004
1630597613.237427 -417.589106 1105.370097 -4.906214 0.005364 0.008993 0.455899 0.889970
1630597613.341187 -417.603521 1105.447701 -4.906198 0.005328 0.008839 0.455964 0.889938
1630597613.444946 -417.616927 1105.523812 -4.906189 0.005398 0.008860 0.455984 0.889928
1630597613.548584 -417.629569 1105.598486 -4.906283 0.005411 0.008991 0.456013 0.889911
1630597613.652344 -417.642101 1105.671996 -4.906429 0.005491 0.009151 0.456066 0.889882
1630597613.756104 -417.654848 1105.744290 -4.906486 0.005557 0.009190 0.456089 0.889869
1630597613.859863 -417.667495 1105.815505 -4.906499 0.005508 0.009187 0.456098 0.889865
1630597613.963501 -417.679694 1105.885327 -4.906476 0.005543 0.009285 0.456154 0.889835
1630597614.067261 -417.691828 1105.953687 -4.906483 0.005535 0.009294 0.456226 0.889798
1630597614.170899 -417.703777 1106.020327 -4.906574 0.005446 0.009308 0.456246 0.889788
1630597614.274536 -417.715369 1106.085224 -4.906761 0.005401 0.009317 0.456267 0.889778
1630597614.378296 -417.726575 1106.148567 -4.906975 0.005405 0.009388 0.456279 0.889771
1630597614.481934 -417.737639 1106.210161 -4.907219 0.005332 0.009355 0.456312 0.889755
1630597614.585693 -417.748534 1106.269891 -4.907540 0.005347 0.009352 0.456343 0.889739
1630597614.689331 -417.759296 1106.327393 -4.907880 0.005293 0.009224 0.456353 0.889735
1630597614.792969 -417.769612 1106.382558 -4.908184 0.005206 0.009157 0.456403 0.889711
1630597614.896729 -417.779500 1106.435121 -4.908425 0.005193 0.009036 0.456425 0.889701
1630597615.000366 -417.788661 1106.484785 -4.908597 0.005127 0.009018 0.456392 0.889718
1630597615.104004 -417.796947 1106.531503 -4.908745 0.005151 0.009055 0.456407 0.889710
1630597615.207886 -417.804443 1106.575101 -4.908972 0.005175 0.009095 0.456454 0.889685
1630597615.311524 -417.811241 1106.615090 -4.909217 0.005232 0.009233 0.456413 0.889705
1630597615.415283 -417.817457 1106.651483 -4.909448 0.005343 0.009300 0.456386 0.889717
1630597615.519165 -417.822920 1106.684068 -4.909655 0.005402 0.009370 0.456434 0.889692
1630597615.622803 -417.827992 1106.712647 -4.909870 0.005475 0.009410 0.456430 0.889693
1630597615.726563 -417.832702 1106.738472 -4.910008 0.005578 0.009359 0.456374 0.889721
1630597615.830200 -417.836777 1106.762681 -4.910188 0.005585 0.009425 0.456399 0.889708
1630597615.933960 -417.840696 1106.785289 -4.910307 0.005574 0.009460 0.456432 0.889691
1630597616.037598 -417.844585 1106.806044 -4.910429 0.005626 0.009425 0.456395 0.889709
1630597616.141358 -417.848150 1106.825546 -4.910701 0.005639 0.009403 0.456402 0.889706
1630597616.245117 -417.851233 1106.844043 -4.910879 0.005650 0.009428 0.456464 0.889674
1630597616.348755 -417.854309 1106.861842 -4.910919 0.005709 0.009445 0.456433 0.889689
1630597616.452393 -417.857474 1106.879667 -4.911007 0.005703 0.009479 0.456401 0.889706
1630597616.556152 -417.860754 1106.897539 -4.911126 0.005675 0.009455 0.456446 0.889683
1630597616.659912 -417.864214 1106.915345 -4.911182 0.005679 0.009443 0.456443 0.889684
1630597616.763428 -417.867870 1106.933429 -4.911222 0.005626 0.009359 0.456422 0.889697
1630597616.867188 -417.871408 1106.951938 -4.911365 0.005629 0.009350 0.456421 0.889697
1630597616.970947 -417.875013 1106.970858 -4.911449 0.005558 0.009308 0.456443 0.889687
1630597617.074585 -417.878747 1106.989920 -4.911538 0.005520 0.009268 0.456435 0.889691
1630597617.178345 -417.882430 1107.008337 -4.911683 0.005441 0.009210 0.456440 0.889690
1630597617.281983 -417.885809 1107.025441 -4.911813 0.005407 0.009164 0.456463 0.889679
1630597617.385742 -417.888941 1107.041415 -4.911969 0.005422 0.009121 0.456490 0.889665
1630597617.489502 -417.891890 1107.056366 -4.912181 0.005380 0.009080 0.456501 0.889660
1630597617.593140 -417.894692 1107.070365 -4.912356 0.005390 0.009037 0.456509 0.889656
1630597617.696900 -417.897199 1107.083505 -4.912549 0.005378 0.009003 0.456515 0.889654
1630597617.800781 -417.899452 1107.095611 -4.912718 0.005338 0.008992 0.456515 0.889654
1630597617.904419 -417.901542 1107.106700 -4.912819 0.005355 0.008985 0.456506 0.889659
1630597618.008057 -417.903523 1107.116822 -4.912908 0.005309 0.008955 0.456529 0.889648
1630597618.111817 -417.905341 1107.125954 -4.913062 0.005295 0.008933 0.456533 0.889646
1630597618.215576 -417.906872 1107.134365 -4.913188 0.005320 0.008927 0.456531 0.889647
1630597618.319092 -417.908193 1107.142084 -4.913314 0.005293 0.008933 0.456538 0.889643
1630597618.422852 -417.909471 1107.149166 -4.913458 0.005318 0.008948 0.456548 0.889638
1630597618.526611 -417.910766 1107.155565 -4.913622 0.005300 0.008901 0.456553 0.889636
1630597618.630249 -417.911843 1107.161264 -4.913709 0.005284 0.008899 0.456556 0.889635
1630597618.733887 -417.912719 1107.166326 -4.913828 0.005295 0.008897 0.456567 0.889629
1630597618.837647 -417.913665 1107.171081 -4.914051 0.005332 0.008881 0.456543 0.889641
1630597618.941406 -417.914732 1107.176508 -4.914183 0.005367 0.008869 0.456543 0.889641
1630597619.044922 -417.915915 1107.183188 -4.914360 0.005411 0.008855 0.456569 0.889628
1630597619.148682 -417.917334 1107.191261 -4.914522 0.005412 0.008889 0.456548 0.889638
1630597619.252319 -417.919015 1107.200238 -4.914489 0.005355 0.008870 0.456561 0.889632
1630597619.355957 -417.920824 1107.209914 -4.914562 0.005400 0.008858 0.456574 0.889625
1630597619.459839 -417.922892 1107.220568 -4.914612 0.005346 0.008806 0.456576 0.889625
1630597619.563477 -417.924910 1107.231874 -4.914677 0.005352 0.008822 0.456579 0.889623
1630597619.667236 -417.926849 1107.243847 -4.914804 0.005400 0.008831 0.456576 0.889624
1630597619.770996 -417.928948 1107.256716 -4.914850 0.005383 0.008873 0.456564 0.889630
1630597619.874634 -417.931323 1107.270167 -4.914813 0.005400 0.008891 0.456559 0.889633
1630597619.978394 -417.933903 1107.284048 -4.914810 0.005377 0.008859 0.456556 0.889634
1630597620.082031 -417.936630 1107.298728 -4.914950 0.005441 0.008820 0.456568 0.889628
1630597620.185791 -417.939413 1107.314512 -4.914993 0.005436 0.008834 0.456580 0.889622
1630597620.289551 -417.942297 1107.330918 -4.915025 0.005424 0.008833 0.456573 0.889626
1630597620.393189 -417.945327 1107.347744 -4.914970 0.005439 0.008862 0.456573 0.889625
1630597620.496826 -417.948506 1107.364802 -4.914850 0.005386 0.008829 0.456590 0.889617
1630597620.600586 -417.951592 1107.381276 -4.914624 0.005285 0.008843 0.456591 0.889617
1630597620.704224 -417.954406 1107.395834 -4.914160 0.005058 0.008819 0.456590 0.889619
1630597620.807984 -417.956641 1107.407248 -4.913698 0.004866 0.008828 0.456607 0.889612
1630597620.911743 -417.957719 1107.412768 -4.913518 0.004794 0.008837 0.456630 0.889600
1630597621.015381 -417.957745 1107.412884 -4.913514 0.004756 0.008835 0.456622 0.889604
1630597621.119141 -417.957733 1107.412877 -4.913514 0.004805 0.008863 0.456609 0.889610
1630597621.222778 -417.957730 1107.412846 -4.913513 0.004911 0.008819 0.456638 0.889595
1630597621.326660 -417.957723 1107.412839 -4.913515 0.004960 0.008828 0.456668 0.889579
1630597621.430176 -417.957719 1107.412843 -4.913514 0.004956 0.008848 0.456639 0.889594
1630597621.533814 -417.957737 1107.412863 -4.913515 0.004864 0.008822 0.456621 0.889604
1630597621.637573 -417.957730 1107.412847 -4.913514 0.004922 0.008817 0.456645 0.889592
1630597621.741211 -417.957730 1107.412828 -4.913515 0.004994 0.008779 0.456649 0.889589
1630597621.844971 -417.957723 1107.412852 -4.913514 0.004918 0.008848 0.456633 0.889598
1630597621.948609 -417.957720 1107.412848 -4.913514 0.004938 0.008852 0.456640 0.889594
1630597622.052246 -417.957726 1107.412833 -4.913515 0.004983 0.008804 0.456634 0.889597
1630597622.156006 -417.957733 1107.412845 -4.913514 0.004926 0.008806 0.456644 0.889592
1630597622.259766 -417.957731 1107.412842 -4.913514 0.004948 0.008800 0.456643 0.889593
1630597622.363526 -417.957725 1107.412851 -4.913515 0.004924 0.008835 0.456639 0.889595
1630597622.467285 -417.957727 1107.412844 -4.913514 0.004943 0.008818 0.456646 0.889591
1630597622.570923 -417.957728 1107.412841 -4.913515 0.004948 0.008808 0.456644 0.889592
1630597622.674561 -417.957729 1107.412854 -4.913514 0.004900 0.008834 0.456630 0.889600
1630597622.778443 -417.957728 1107.412841 -4.913514 0.004953 0.008812 0.456635 0.889597
1630597622.882080 -417.957727 1107.412853 -4.913515 0.004911 0.008835 0.456627 0.889601
1630597622.985840 -417.957731 1107.412850 -4.913515 0.004918 0.008817 0.456624 0.889603
1630597623.089478 -417.957730 1107.412846 -4.913514 0.004933 0.008813 0.456618 0.889605
1630597623.193237 -417.957727 1107.412852 -4.913514 0.004912 0.008832 0.456624 0.889603
1630597623.296875 -417.957728 1107.412843 -4.913515 0.004943 0.008815 0.456617 0.889606
1630597623.400635 -417.957732 1107.412856 -4.913514 0.004893 0.008827 0.456622 0.889603
1630597623.504395 -417.957731 1107.412847 -4.913514 0.004929 0.008811 0.456616 0.889607
1630597623.608032 -417.957728 1107.412854 -4.913515 0.004912 0.008828 0.456617 0.889606
1630597623.711914 -417.957730 1107.412853 -4.913515 0.004908 0.008826 0.456621 0.889604
1630597623.815430 -417.957729 1107.412847 -4.913515 0.004930 0.008815 0.456619 0.889605
1630597623.919190 -417.957728 1107.412857 -4.913514 0.004893 0.008839 0.456610 0.889610
1630597624.022949 -417.957731 1107.412846 -4.913514 0.004930 0.008812 0.456610 0.889609
1630597624.126465 -417.957730 1107.412857 -4.913514 0.004891 0.008833 0.456594 0.889618
1630597624.230225 -417.957727 1107.412849 -4.913514 0.004930 0.008829 0.456599 0.889615
1630597624.333985 -417.957732 1107.412852 -4.913515 0.004910 0.008814 0.456598 0.889616
1630597624.437500 -417.957729 1107.412853 -4.913515 0.004908 0.008829 0.456605 0.889612
1630597624.541382 -417.957732 1107.412844 -4.913514 0.004932 0.008801 0.456611 0.889609
1630597624.645020 -417.957728 1107.412856 -4.913514 0.004896 0.008841 0.456619 0.889605
1630597624.748779 -417.957730 1107.412844 -4.913514 0.004940 0.008813 0.456621 0.889604
1630597624.852539 -417.957737 1107.412854 -4.913515 0.004896 0.008803 0.456617 0.889606
1630597624.956177 -417.957737 1107.412844 -4.913514 0.004927 0.008787 0.456599 0.889615
1630597625.059937 -417.957728 1107.412846 -4.913514 0.004937 0.008816 0.456601 0.889614
1630597625.163574 -417.957725 1107.412857 -4.913515 0.004901 0.008848 0.456600 0.889615
1630597625.267334 -417.957734 1107.412842 -4.913515 0.004937 0.008793 0.456608 0.889611
1630597625.370972 -417.957735 1107.412852 -4.913513 0.004896 0.008810 0.456593 0.889619
1630597625.474610 -417.957729 1107.412847 -4.913514 0.004931 0.008820 0.456597 0.889616
1630597625.578369 -417.957733 1107.412852 -4.913515 0.004909 0.008812 0.456602 0.889614
1630597625.682129 -417.957732 1107.412848 -4.913514 0.004919 0.008810 0.456596 0.889617
1630597625.785645 -417.957737 1107.412845 -4.913514 0.004919 0.008785 0.456598 0.889616
1630597625.889404 -417.957727 1107.412855 -4.913514 0.004901 0.008840 0.456588 0.889621
1630597625.993164 -417.957731 1107.412841 -4.913515 0.004946 0.008805 0.456597 0.889616
1630597626.096802 -417.957736 1107.412854 -4.913514 0.004889 0.008807 0.456601 0.889614
1630597626.200562 -417.957733 1107.412846 -4.913514 0.004929 0.008802 0.456601 0.889614
1630597626.304199 -417.957732 1107.412852 -4.913515 0.004909 0.008812 0.456604 0.889613
1630597626.407959 -417.957728 1107.412848 -4.913515 0.004924 0.008824 0.456601 0.889614
1630597626.511719 -417.957732 1107.412844 -4.913514 0.004935 0.008802 0.456611 0.889609
1630597626.615479 -417.957735 1107.412852 -4.913513 0.004901 0.008812 0.456610 0.889610
1630597626.719238 -417.957730 1107.412843 -4.913515 0.004940 0.008809 0.456610 0.889610
1630597626.822754 -417.957731 1107.412851 -4.913515 0.004913 0.008818 0.456602 0.889614
1630597626.926514 -417.957732 1107.412852 -4.913514 0.004909 0.008818 0.456606 0.889612
1630597627.030274 -417.957739 1107.412844 -4.913514 0.004926 0.008780 0.456595 0.889618
1630597627.134033 -417.957729 1107.412856 -4.913514 0.004896 0.008831 0.456592 0.889619
1630597627.237793 -417.957731 1107.412843 -4.913515 0.004937 0.008805 0.456598 0.889616
1630597627.341431 -417.957732 1107.412854 -4.913514 0.004900 0.008825 0.456595 0.889617
1630597627.445191 -417.957731 1107.412846 -4.913514 0.004929 0.008811 0.456595 0.889617
1630597627.548828 -417.957731 1107.412851 -4.913515 0.004913 0.008815 0.456588 0.889621
1630597627.652466 -417.957726 1107.412852 -4.913515 0.004915 0.008836 0.456594 0.889618
1630597627.756226 -417.957735 1107.412844 -4.913514 0.004929 0.008792 0.456596 0.889617
1630597627.859863 -417.957733 1107.412856 -4.913514 0.004888 0.008822 0.456590 0.889620
1630597627.963623 -417.957729 1107.412844 -4.913515 0.004939 0.008813 0.456595 0.889617
1630597628.067383 -417.957735 1107.412851 -4.913514 0.004907 0.008801 0.456596 0.889617
1630597628.170899 -417.957733 1107.412850 -4.913515 0.004915 0.008812 0.456603 0.889613
1630597628.274658 -417.957739 1107.412846 -4.913514 0.004917 0.008779 0.456607 0.889612
1630597628.378418 -417.957730 1107.412853 -4.913515 0.004903 0.008819 0.456611 0.889609
1630597628.482178 -417.957734 1107.412842 -4.913514 0.004939 0.008790 0.456617 0.889606
1630597628.585816 -417.957736 1107.412850 -4.913514 0.004902 0.008802 0.456610 0.889610
1630597628.689453 -417.957735 1107.412842 -4.913514 0.004935 0.008788 0.456621 0.889604
1630597628.793213 -417.957738 1107.412844 -4.913515 0.004927 0.008777 0.456629 0.889600
1630597628.896851 -417.957731 1107.412849 -4.913514 0.004921 0.008813 0.456636 0.889596
1630597629.000610 -417.957737 1107.412839 -4.913515 0.004943 0.008777 0.456628 0.889601
1630597629.104370 -417.957737 1107.412851 -4.913514 0.004899 0.008798 0.456616 0.889607
1630597629.208008 -417.957737 1107.412840 -4.913514 0.004936 0.008777 0.456614 0.889608
1630597629.311768 -417.957737 1107.412848 -4.913514 0.004913 0.008794 0.456619 0.889605
1630597629.415527 -417.957731 1107.412849 -4.913515 0.004925 0.008817 0.456616 0.889606
1630597629.519287 -417.957736 1107.412846 -4.913514 0.004923 0.008788 0.456616 0.889607
1630597629.623047 -417.957731 1107.412853 -4.913514 0.004902 0.008818 0.456620 0.889605
1630597629.726685 -417.957730 1107.412845 -4.913515 0.004935 0.008810 0.456626 0.889602
1630597629.830444 -417.957732 1107.412854 -4.913514 0.004899 0.008821 0.456620 0.889605
1630597629.934082 -417.957731 1107.412846 -4.913514 0.004928 0.008812 0.456624 0.889602
1630597630.037842 -417.957733 1107.412851 -4.913514 0.004910 0.008810 0.456631 0.889599
1630597630.141602 -417.957729 1107.412849 -4.913515 0.004925 0.008822 0.456634 0.889597
1630597630.245117 -417.957735 1107.412848 -4.913515 0.004917 0.008795 0.456635 0.889597
1630597630.348877 -417.957729 1107.412853 -4.913514 0.004907 0.008829 0.456630 0.889599
1630597630.452637 -417.957730 1107.412842 -4.913514 0.004944 0.008807 0.456634 0.889598
1630597630.556275 -417.957731 1107.412853 -4.913515 0.004903 0.008823 0.456637 0.889596
1630597630.659912 -417.957725 1107.412847 -4.913515 0.004936 0.008832 0.456636 0.889596
1630597630.763672 -417.957733 1107.412848 -4.913514 0.004923 0.008804 0.456638 0.889595
1630597630.867432 -417.957725 1107.412849 -4.913514 0.004928 0.008838 0.456639 0.889595
1630597630.970947 -417.957731 1107.412843 -4.913515 0.004941 0.008800 0.456650 0.889589
1630597631.074829 -417.957728 1107.412851 -4.913514 0.004916 0.008828 0.456649 0.889590
1630597631.178467 -417.957729 1107.412842 -4.913514 0.004948 0.008813 0.456649 0.889589
1630597631.282227 -417.957733 1107.412851 -4.913514 0.004908 0.008812 0.456637 0.889596
1630597631.385986 -417.957727 1107.412847 -4.913515 0.004937 0.008821 0.456638 0.889595
1630597631.489624 -417.957731 1107.412847 -4.913515 0.004924 0.008808 0.456640 0.889594
1630597631.593384 -417.957732 1107.412845 -4.913514 0.004927 0.008808 0.456638 0.889596
1630597631.697144 -417.957729 1107.412841 -4.913514 0.004952 0.008808 0.456646 0.889591
1630597631.800903 -417.957730 1107.412849 -4.913515 0.004921 0.008817 0.456639 0.889595
1630597631.904663 -417.957729 1107.412839 -4.913515 0.004960 0.008802 0.456647 0.889591
1630597632.008301 -417.957733 1107.412846 -4.913515 0.004928 0.008801 0.456640 0.889594
1630597632.112061 -417.957726 1107.412842 -4.913515 0.004954 0.008820 0.456642 0.889593
1630597632.215820 -417.957731 1107.412840 -4.913514 0.004944 0.008797 0.456637 0.889596
1630597632.319458 -417.957727 1107.412843 -4.913514 0.004943 0.008819 0.456637 0.889596
1630597632.423096 -417.957730 1107.412839 -4.913515 0.004959 0.008800 0.456636 0.889596
1630597632.526856 -417.957730 1107.412846 -4.913514 0.004932 0.008812 0.456638 0.889595
1630597632.630371 -417.957727 1107.412839 -4.913515 0.004963 0.008808 0.456642 0.889593
1630597632.734253 -417.957731 1107.412846 -4.913515 0.004927 0.008809 0.456651 0.889589
1630597632.837891 -417.957726 1107.412842 -4.913515 0.004951 0.008820 0.456651 0.889588
1630597632.941651 -417.957724 1107.412842 -4.913514 0.004952 0.008826 0.456652 0.889588
1630597633.045288 -417.957729 1107.412845 -4.913514 0.004938 0.008817 0.456648 0.889590
1630597633.148926 -417.957729 1107.412840 -4.913515 0.004958 0.008802 0.456654 0.889587
1630597633.252686 -417.957732 1107.412846 -4.913515 0.004926 0.008806 0.456648 0.889590
1630597633.356201 -417.957724 1107.412840 -4.913514 0.004965 0.008822 0.456648 0.889590
1630597633.459961 -417.957730 1107.412843 -4.913514 0.004940 0.008807 0.456646 0.889591
1630597633.563721 -417.957728 1107.412847 -4.913515 0.004928 0.008821 0.456638 0.889595
1630597633.667481 -417.957726 1107.412839 -4.913515 0.004962 0.008814 0.456640 0.889594
1630597633.771240 -417.957731 1107.412848 -4.913513 0.004920 0.008814 0.456640 0.889595
1630597633.874878 -417.957729 1107.412840 -4.913514 0.004955 0.008804 0.456641 0.889594
1630597633.978638 -417.957735 1107.412846 -4.913515 0.004924 0.008792 0.456641 0.889594
1630597634.082276 -417.957727 1107.412843 -4.913515 0.004948 0.008818 0.456642 0.889593
1630597634.186035 -417.957729 1107.412840 -4.913514 0.004953 0.008804 0.456648 0.889590
1630597634.289795 -417.957732 1107.412848 -4.913514 0.004920 0.008812 0.456654 0.889587
1630597634.393555 -417.957728 1107.412839 -4.913515 0.004961 0.008806 0.456658 0.889585
1630597634.497193 -417.957734 1107.412848 -4.913514 0.004918 0.008800 0.456663 0.889582
1630597634.600952 -417.957726 1107.412849 -4.913514 0.004935 0.008831 0.456671 0.889578
1630597634.704590 -417.957729 1107.412845 -4.913515 0.004938 0.008813 0.456673 0.889577
1630597634.808350 -417.957730 1107.412855 -4.913515 0.004899 0.008826 0.456672 0.889578
1630597634.912110 -417.957725 1107.412845 -4.913515 0.004943 0.008827 0.456674 0.889576
1630597635.015625 -417.957727 1107.412853 -4.913514 0.004911 0.008838 0.456671 0.889578
1630597635.119385 -417.957720 1107.412847 -4.913515 0.004944 0.008850 0.456674 0.889577
1630597635.223145 -417.957725 1107.412851 -4.913516 0.004928 0.008836 0.456680 0.889573
1630597635.326782 -417.957717 1107.412856 -4.913514 0.004922 0.008875 0.456677 0.889575
1630597635.430420 -417.957722 1107.412847 -4.913514 0.004941 0.008841 0.456672 0.889577
1630597635.534058 -417.957725 1107.412854 -4.913515 0.004909 0.008843 0.456671 0.889578
1630597635.637818 -417.957723 1107.412846 -4.913515 0.004942 0.008836 0.456665 0.889581
1630597635.741455 -417.957731 1107.412853 -4.913514 0.004904 0.008825 0.456664 0.889582
1630597635.845215 -417.957726 1107.412850 -4.913514 0.004927 0.008832 0.456664 0.889582
1630597635.948853 -417.957730 1107.412849 -4.913515 0.004924 0.008817 0.456663 0.889582
1630597636.052490 -417.957729 1107.412854 -4.913514 0.004904 0.008831 0.456661 0.889583
1630597636.156250 -417.957726 1107.412847 -4.913514 0.004934 0.008827 0.456664 0.889582
1630597636.260010 -417.957731 1107.412855 -4.913514 0.004896 0.008827 0.456664 0.889582
1630597636.363770 -417.957727 1107.412849 -4.913514 0.004927 0.008827 0.456661 0.889583
1630597636.467529 -417.957732 1107.412856 -4.913515 0.004893 0.008822 0.456658 0.889585
1630597636.571289 -417.957729 1107.412853 -4.913515 0.004913 0.008827 0.456666 0.889581
1630597636.675049 -417.957729 1107.412852 -4.913515 0.004911 0.008824 0.456666 0.889581
1630597636.778809 -417.957731 1107.412854 -4.913514 0.004898 0.008822 0.456663 0.889582
1630597636.882446 -417.957729 1107.412850 -4.913514 0.004919 0.008825 0.456670 0.889579
1630597636.986084 -417.957733 1107.412856 -4.913514 0.004895 0.008822 0.456675 0.889576
1630597637.089844 -417.957728 1107.412851 -4.913515 0.004921 0.008825 0.456681 0.889573
1630597637.193360 -417.957730 1107.412855 -4.913515 0.004900 0.008827 0.456671 0.889578
1630597637.297241 -417.957728 1107.412850 -4.913514 0.004920 0.008827 0.456666 0.889581
1630597637.400879 -417.957731 1107.412852 -4.913514 0.004907 0.008821 0.456663 0.889582
1630597637.504517 -417.957728 1107.412854 -4.913514 0.004907 0.008836 0.456663 0.889582
1630597637.608276 -417.957727 1107.412855 -4.913515 0.004906 0.008838 0.456661 0.889584
1630597637.711914 -417.957731 1107.412853 -4.913515 0.004910 0.008823 0.456663 0.889582
1630597637.815674 -417.957732 1107.412852 -4.913515 0.004905 0.008815 0.456669 0.889580
1630597637.919434 -417.957727 1107.412858 -4.913514 0.004893 0.008846 0.456666 0.889581
1630597638.023193 -417.957731 1107.412844 -4.913515 0.004936 0.008810 0.456665 0.889581
1630597638.126709 -417.957731 1107.412855 -4.913514 0.004896 0.008825 0.456658 0.889585
1630597638.230469 -417.957732 1107.412856 -4.913514 0.004895 0.008823 0.456661 0.889583
1630597638.334229 -417.957727 1107.412847 -4.913515 0.004934 0.008825 0.456656 0.889586
1630597638.437866 -417.957735 1107.412851 -4.913514 0.004911 0.008805 0.456656 0.889586
1630597638.541626 -417.957733 1107.412853 -4.913514 0.004905 0.008813 0.456656 0.889586
1630597638.645264 -417.957729 1107.412845 -4.913515 0.004940 0.008811 0.456655 0.889586
1630597638.749024 -417.957736 1107.412851 -4.913515 0.004905 0.008799 0.456654 0.889587
1630597638.852783 -417.957733 1107.412853 -4.913514 0.004899 0.008818 0.456653 0.889588
1630597638.956421 -417.957732 1107.412843 -4.913515 0.004938 0.008796 0.456654 0.889587
1630597639.060181 -417.957737 1107.412855 -4.913514 0.004884 0.008802 0.456648 0.889591
1630597639.163818 -417.957731 1107.412849 -4.913514 0.004914 0.008819 0.456646 0.889591
1630597639.267578 -417.957734 1107.412849 -4.913514 0.004916 0.008804 0.456643 0.889593
1630597639.371216 -417.957735 1107.412859 -4.913514 0.004876 0.008821 0.456646 0.889592
1630597639.474976 -417.957735 1107.412850 -4.913514 0.004915 0.008803 0.456650 0.889589
1630597639.578613 -417.957734 1107.412855 -4.913515 0.004900 0.008814 0.456657 0.889586
1630597639.682373 -417.957732 1107.412859 -4.913515 0.004881 0.008829 0.456648 0.889590
1630597639.786011 -417.957735 1107.412852 -4.913514 0.004906 0.008799 0.456643 0.889593
1630597639.889771 -417.957737 1107.412857 -4.913514 0.004878 0.008807 0.456638 0.889595
1630597639.993530 -417.957733 1107.412854 -4.913514 0.004894 0.008821 0.456641 0.889594
1630597640.097168 -417.957727 1107.412853 -4.913515 0.004914 0.008836 0.456646 0.889591
1630597640.200928 -417.957728 1107.412862 -4.913513 0.004880 0.008847 0.456660 0.889584
1630597640.304566 -417.957726 1107.412853 -4.913514 0.004917 0.008839 0.456661 0.889583
1630597640.408203 -417.957731 1107.412858 -4.913516 0.004890 0.008830 0.456658 0.889585
1630597640.511963 -417.957732 1107.412855 -4.913514 0.004899 0.008820 0.456655 0.889587
1630597640.615723 -417.957729 1107.412853 -4.913514 0.004909 0.008823 0.456644 0.889592
1630597640.719360 -417.957732 1107.412856 -4.913514 0.004890 0.008826 0.456645 0.889592
1630597640.823120 -417.957733 1107.412848 -4.913515 0.004921 0.008810 0.456649 0.889590
1630597640.926758 -417.957727 1107.412860 -4.913514 0.004888 0.008848 0.456653 0.889587
1630597641.030518 -417.957732 1107.412849 -4.913514 0.004922 0.008805 0.456649 0.889590
1630597641.134277 -417.957734 1107.412857 -4.913514 0.004886 0.008815 0.456646 0.889591
1630597641.238037 -417.957729 1107.412849 -4.913515 0.004920 0.008823 0.456655 0.889587
1630597641.341553 -417.957729 1107.412852 -4.913514 0.004908 0.008826 0.456643 0.889593
1630597641.445313 -417.957726 1107.412853 -4.913514 0.004919 0.008839 0.456648 0.889590
1630597641.549072 -417.957734 1107.412849 -4.913515 0.004920 0.008805 0.456645 0.889592
1630597641.652832 -417.957729 1107.412858 -4.913515 0.004890 0.008835 0.456656 0.889586
1630597641.756592 -417.957730 1107.412847 -4.913514 0.004930 0.008811 0.456659 0.889584
1630597641.860230 -417.957731 1107.412859 -4.913514 0.004882 0.008831 0.456668 0.889580
1630597641.963867 -417.957734 1107.412849 -4.913514 0.004913 0.008809 0.456663 0.889583
1630597642.067627 -417.957731 1107.412859 -4.913515 0.004886 0.008828 0.456664 0.889582
1630597642.171387 -417.957727 1107.412858 -4.913514 0.004901 0.008846 0.456669 0.889579
1630597642.275147 -417.957734 1107.412852 -4.913515 0.004908 0.008806 0.456675 0.889576
1630597642.378662 -417.957727 1107.412864 -4.913515 0.004873 0.008851 0.456678 0.889575
1630597642.482422 -417.957730 1107.412850 -4.913514 0.004917 0.008819 0.456685 0.889571
1630597642.586182 -417.957733 1107.412857 -4.913514 0.004884 0.008825 0.456680 0.889574
1630597642.689942 -417.957729 1107.412854 -4.913514 0.004908 0.008832 0.456685 0.889571
1630597642.793579 -417.957733 1107.412853 -4.913515 0.004907 0.008810 0.456699 0.889564
1630597642.897217 -417.957727 1107.412862 -4.913515 0.004882 0.008851 0.456695 0.889566
1630597643.000977 -417.957728 1107.412850 -4.913515 0.004926 0.008827 0.456705 0.889561
1630597643.104736 -417.957722 1107.412863 -4.913515 0.004887 0.008867 0.456703 0.889561
1630597643.208496 -417.957720 1107.412858 -4.913514 0.004903 0.008867 0.456702 0.889562
1630597643.312256 -417.957727 1107.412856 -4.913514 0.004903 0.008841 0.456714 0.889556
1630597643.416016 -417.957730 1107.412864 -4.913514 0.004870 0.008847 0.456709 0.889559
1630597643.519776 -417.957731 1107.412854 -4.913514 0.004907 0.008822 0.456710 0.889558
1630597643.623413 -417.957730 1107.412862 -4.913514 0.004882 0.008835 0.456712 0.889557
1630597643.727173 -417.957728 1107.412857 -4.913514 0.004896 0.008837 0.456715 0.889556
1630597643.830811 -417.957726 1107.412855 -4.913515 0.004908 0.008842 0.456712 0.889557
1630597643.934448 -417.957726 1107.412861 -4.913514 0.004886 0.008852 0.456721 0.889552
1630597644.038330 -417.957727 1107.412853 -4.913513 0.004917 0.008833 0.456728 0.889549
1630597644.141846 -417.957723 1107.412868 -4.913515 0.004869 0.008876 0.456720 0.889553
1630597644.245606 -417.957728 1107.412852 -4.913515 0.004918 0.008828 0.456728 0.889549
1630597644.349243 -417.957727 1107.412863 -4.913514 0.004878 0.008852 0.456729 0.889549
1630597644.452881 -417.957726 1107.412856 -4.913514 0.004903 0.008844 0.456736 0.889545
1630597644.556641 -417.957731 1107.412860 -4.913514 0.004879 0.008835 0.456721 0.889553
1630597644.660278 -417.957723 1107.412858 -4.913515 0.004906 0.008859 0.456730 0.889548
1630597644.764038 -417.957734 1107.412856 -4.913514 0.004895 0.008815 0.456741 0.889543
1630597644.867798 -417.957725 1107.412864 -4.913514 0.004879 0.008856 0.456737 0.889544
1630597644.971436 -417.957727 1107.412852 -4.913515 0.004919 0.008831 0.456737 0.889544
1630597645.075195 -417.957729 1107.412862 -4.913515 0.004876 0.008844 0.456729 0.889548
1630597645.178833 -417.957729 1107.412853 -4.913514 0.004908 0.008832 0.456737 0.889545
1630597645.282471 -417.957732 1107.412857 -4.913514 0.004891 0.008824 0.456739 0.889544
1630597645.386231 -417.957728 1107.412860 -4.913515 0.004889 0.008844 0.456726 0.889550
1630597645.489990 -417.957732 1107.412853 -4.913515 0.004906 0.008814 0.456730 0.889548
1630597645.593750 -417.957731 1107.412862 -4.913514 0.004872 0.008834 0.456728 0.889549
1630597645.697388 -417.957730 1107.412851 -4.913514 0.004916 0.008822 0.456734 0.889546
1630597645.801148 -417.957736 1107.412853 -4.913515 0.004894 0.008805 0.456741 0.889543
1630597645.904785 -417.957731 1107.412854 -4.913514 0.004903 0.008824 0.456749 0.889538
1630597646.008545 -417.957735 1107.412846 -4.913514 0.004928 0.008795 0.456750 0.889538
1630597646.112305 -417.957729 1107.412858 -4.913514 0.004893 0.008834 0.456752 0.889537
1630597646.215943 -417.957730 1107.412850 -4.913515 0.004922 0.008814 0.456755 0.889535
1630597646.319702 -417.957733 1107.412855 -4.913514 0.004895 0.008815 0.456752 0.889537
1630597646.423340 -417.957728 1107.412851 -4.913514 0.004915 0.008832 0.456753 0.889536
1630597646.527100 -417.957731 1107.412850 -4.913514 0.004915 0.008814 0.456765 0.889530
1630597646.630737 -417.957724 1107.412860 -4.913515 0.004895 0.008859 0.456756 0.889535
1630597646.734497 -417.957728 1107.412846 -4.913515 0.004936 0.008818 0.456759 0.889533
1630597646.838135 -417.957729 1107.412857 -4.913514 0.004897 0.008836 0.456769 0.889528
1630597646.941651 -417.957725 1107.412849 -4.913515 0.004933 0.008829 0.456774 0.889525
1630597647.045410 -417.957725 1107.412853 -4.913515 0.004914 0.008840 0.456783 0.889521
1630597647.149170 -417.957723 1107.412855 -4.913514 0.004914 0.008856 0.456790 0.889517
1630597647.252930 -417.957729 1107.412848 -4.913514 0.004931 0.008823 0.456785 0.889520
1630597647.356568 -417.957724 1107.412859 -4.913515 0.004899 0.008855 0.456783 0.889520
1630597647.460205 -417.957724 1107.412846 -4.913515 0.004946 0.008829 0.456787 0.889519
1630597647.563965 -417.957728 1107.412857 -4.913514 0.004897 0.008838 0.456791 0.889517
1630597647.667725 -417.957723 1107.412850 -4.913514 0.004930 0.008846 0.456791 0.889516
1630597647.771485 -417.957730 1107.412853 -4.913515 0.004907 0.008820 0.456800 0.889512
1630597647.875122 -417.957723 1107.412856 -4.913515 0.004911 0.008853 0.456798 0.889513
1630597647.978760 -417.957728 1107.412852 -4.913514 0.004920 0.008830 0.456803 0.889510
1630597648.082642 -417.957725 1107.412857 -4.913515 0.004901 0.008848 0.456806 0.889509
1630597648.186279 -417.957723 1107.412849 -4.913515 0.004936 0.008839 0.456815 0.889504
1630597648.290039 -417.957727 1107.412856 -4.913514 0.004902 0.008841 0.456806 0.889509
1630597648.393799 -417.957725 1107.412849 -4.913514 0.004930 0.008837 0.456808 0.889508
1630597648.497437 -417.957730 1107.412852 -4.913515 0.004912 0.008823 0.456805 0.889509
1630597648.601074 -417.957722 1107.412856 -4.913514 0.004915 0.008856 0.456814 0.889505
1630597648.704834 -417.957727 1107.412848 -4.913515 0.004933 0.008824 0.456806 0.889509
1630597648.808472 -417.957727 1107.412856 -4.913515 0.004901 0.008841 0.456803 0.889510
1630597648.912232 -417.957726 1107.412848 -4.913515 0.004935 0.008829 0.456793 0.889516
1630597649.015869 -417.957731 1107.412856 -4.913513 0.004896 0.008828 0.456797 0.889513
1630597649.119629 -417.957726 1107.412853 -4.913514 0.004919 0.008838 0.456801 0.889512
1630597649.223389 -417.957731 1107.412855 -4.913515 0.004902 0.008822 0.456807 0.889509
1630597649.326904 -417.957729 1107.412860 -4.913514 0.004889 0.008839 0.456812 0.889506
1630597649.430664 -417.957730 1107.412852 -4.913514 0.004918 0.008821 0.456815 0.889504
1630597649.534424 -417.957731 1107.412858 -4.913515 0.004886 0.008829 0.456814 0.889505
1630597649.638062 -417.957724 1107.412852 -4.913515 0.004921 0.008845 0.456818 0.889503
1630597649.741821 -417.957734 1107.412854 -4.913514 0.004898 0.008813 0.456819 0.889502
1630597649.845459 -417.957730 1107.412859 -4.913514 0.004889 0.008835 0.456819 0.889502
1630597649.949219 -417.957729 1107.412849 -4.913515 0.004927 0.008821 0.456825 0.889499
1630597650.052979 -417.957731 1107.412861 -4.913515 0.004882 0.008831 0.456819 0.889502
1630597650.156616 -417.957727 1107.412854 -4.913514 0.004915 0.008837 0.456809 0.889507
1630597650.260376 -417.957734 1107.412853 -4.913514 0.004901 0.008808 0.456811 0.889507
1630597650.364136 -417.957732 1107.412857 -4.913514 0.004890 0.008826 0.456803 0.889510
1630597650.467774 -417.957737 1107.412849 -4.913515 0.004910 0.008793 0.456801 0.889512
1630597650.571533 -417.957734 1107.412861 -4.913514 0.004874 0.008827 0.456802 0.889511
1630597650.675171 -417.957731 1107.412854 -4.913514 0.004908 0.008823 0.456797 0.889514
1630597650.778809 -417.957735 1107.412860 -4.913515 0.004876 0.008816 0.456807 0.889509
1630597650.882568 -417.957731 1107.412857 -4.913515 0.004892 0.008828 0.456808 0.889508
1630597650.986328 -417.957738 1107.412856 -4.913513 0.004885 0.008803 0.456797 0.889514
1630597651.089966 -417.957732 1107.412861 -4.913514 0.004879 0.008832 0.456791 0.889517
1630597651.193604 -417.957734 1107.412851 -4.913515 0.004911 0.008805 0.456804 0.889510
1630597651.297363 -417.957732 1107.412861 -4.913515 0.004878 0.008827 0.456795 0.889515
1630597651.401123 -417.957729 1107.412850 -4.913514 0.004924 0.008822 0.456792 0.889516
1630597651.504639 -417.957736 1107.412854 -4.913515 0.004892 0.008805 0.456792 0.889516
1630597651.608399 -417.957732 1107.412853 -4.913514 0.004900 0.008817 0.456789 0.889518
1630597651.712158 -417.957735 1107.412850 -4.913514 0.004909 0.008801 0.456793 0.889516
1630597651.815796 -417.957744 1107.412858 -4.913513 0.004869 0.008788 0.456788 0.889519
1630597651.919556 -417.957746 1107.412844 -4.913514 0.004914 0.008754 0.456797 0.889514
1630597652.023316 -417.957726 1107.412854 -4.913515 0.004908 0.008823 0.456814 0.889505
1630597652.126953 -417.957700 1107.412855 -4.913515 0.004954 0.008933 0.456788 0.889517
1630597652.230713 -417.957710 1107.412860 -4.913514 0.004919 0.008903 0.456783 0.889520
1630597652.334351 -417.957726 1107.412860 -4.913515 0.004889 0.008855 0.456795 0.889515
1630597652.438110 -417.957738 1107.412849 -4.913515 0.004911 0.008791 0.456764 0.889531
1630597652.541748 -417.957742 1107.412861 -4.913513 0.004862 0.008800 0.456775 0.889526
1630597652.645508 -417.957732 1107.412851 -4.913514 0.004917 0.008814 0.456804 0.889510
1630597652.749268 -417.957742 1107.412849 -4.913515 0.004903 0.008774 0.456779 0.889524
1630597652.852905 -417.957736 1107.412860 -4.913515 0.004872 0.008809 0.456785 0.889520
1630597652.956543 -417.957735 1107.412848 -4.913514 0.004922 0.008797 0.456793 0.889516
1630597653.060303 -417.957739 1107.412855 -4.913514 0.004883 0.008799 0.456770 0.889528
1630597653.163941 -417.957732 1107.412851 -4.913514 0.004910 0.008815 0.456786 0.889519
1630597653.267822 -417.957733 1107.412853 -4.913515 0.004904 0.008809 0.456782 0.889522
1630597653.371460 -417.957731 1107.412857 -4.913514 0.004897 0.008833 0.456770 0.889527
1630597653.475098 -417.957730 1107.412849 -4.913514 0.004924 0.008817 0.456786 0.889519
1630597653.578858 -417.957705 1107.412863 -4.913542 0.004871 0.008835 0.456782 0.889521
1630597653.682617 -417.957533 1107.412828 -4.913624 0.004908 0.008813 0.456788 0.889518
1630597653.786255 -417.957285 1107.413032 -4.913806 0.004927 0.008813 0.456786 0.889519
1630597653.889893 -417.957186 1107.413953 -4.914168 0.005036 0.008827 0.456782 0.889521
1630597653.993652 -417.957395 1107.415982 -4.914532 0.005115 0.008773 0.456780 0.889522
1630597654.097412 -417.957920 1107.419337 -4.914673 0.005144 0.008771 0.456799 0.889512
1630597654.201050 -417.958674 1107.424154 -4.914704 0.005219 0.008734 0.456787 0.889518
1630597654.304810 -417.959668 1107.430867 -4.914840 0.005264 0.008717 0.456771 0.889526
1630597654.408447 -417.961096 1107.440001 -4.915153 0.005411 0.008702 0.456785 0.889518
1630597654.512207 -417.963143 1107.452233 -4.915613 0.005642 0.008614 0.456793 0.889514
1630597654.615967 -417.965714 1107.468566 -4.916094 0.005877 0.008589 0.456785 0.889516
1630597654.719727 -417.968921 1107.490091 -4.916423 0.006189 0.008624 0.456764 0.889524
1630597654.823486 -417.973175 1107.517129 -4.916117 0.006144 0.008748 0.456762 0.889525
1630597654.927124 -417.978787 1107.547486 -4.914960 0.005734 0.008786 0.456812 0.889502
1630597655.030884 -417.985602 1107.581232 -4.914923 0.006052 0.008501 0.456775 0.889521
1630597655.134522 -417.993395 1107.621641 -4.915885 0.006549 0.008170 0.456797 0.889510
1630597655.238281 -418.002144 1107.670848 -4.916942 0.006946 0.008013 0.456817 0.889497
1630597655.342041 -418.012688 1107.730931 -4.917964 0.007529 0.007907 0.456787 0.889509
1630597655.445557 -418.025927 1107.803626 -4.918512 0.007929 0.007696 0.456781 0.889511
1630597655.549317 -418.042229 1107.890724 -4.918719 0.008209 0.007420 0.456788 0.889507
1630597655.653076 -418.061327 1107.993212 -4.918745 0.008337 0.007165 0.456829 0.889486
1630597655.756714 -418.082760 1108.111631 -4.918683 0.008373 0.007032 0.456900 0.889451
1630597655.860474 -418.106647 1108.245983 -4.918482 0.008436 0.007045 0.456928 0.889436
1630597655.964111 -418.133376 1108.395386 -4.918094 0.008515 0.006943 0.456937 0.889431
1630597656.067871 -418.163368 1108.560195 -4.917869 0.008603 0.006758 0.456811 0.889496
1630597656.171631 -418.196308 1108.740222 -4.918039 0.008493 0.006379 0.456502 0.889659
1630597656.275269 -418.230566 1108.934898 -4.918610 0.008486 0.006404 0.455950 0.889942
1630597656.378906 -418.266670 1109.143829 -4.918894 0.008524 0.006308 0.455348 0.890250
1630597656.482666 -418.304610 1109.367911 -4.918257 0.008491 0.006436 0.454940 0.890458
1630597656.586426 -418.346960 1109.606377 -4.917862 0.008364 0.005963 0.454458 0.890709
1630597656.690186 -418.392650 1109.858490 -4.917697 0.008469 0.005254 0.453778 0.891059
1630597656.793823 -418.437373 1110.125363 -4.916991 0.008572 0.005433 0.453424 0.891237
1630597656.897461 -418.482976 1110.406937 -4.916834 0.008425 0.005793 0.453279 0.891310
1630597657.001221 -418.531553 1110.700632 -4.917090 0.008855 0.006170 0.452989 0.891451
1630597657.104859 -418.584354 1111.006300 -4.916366 0.009026 0.005878 0.452799 0.891547
1630597657.208740 -418.640553 1111.325343 -4.914990 0.008723 0.005224 0.452607 0.891652
1630597657.312378 -418.697680 1111.654580 -4.914358 0.008465 0.004966 0.452464 0.891729
1630597657.416138 -418.755922 1111.993473 -4.913968 0.008378 0.004609 0.452280 0.891825
1630597657.519776 -418.816141 1112.340158 -4.912610 0.008285 0.004039 0.452066 0.891937
1630597657.623535 -418.878074 1112.695448 -4.910184 0.008261 0.003480 0.452213 0.891865
1630597657.727295 -418.940272 1113.059234 -4.908831 0.008531 0.003047 0.452349 0.891795
1630597657.830811 -418.999861 1113.434068 -4.908315 0.008122 0.004741 0.452441 0.891745
1630597657.934570 -419.062510 1113.818829 -4.908353 0.007128 0.005741 0.453133 0.891396
1630597658.038208 -419.132113 1114.209399 -4.908015 0.005899 0.005835 0.453936 0.890996
1630597658.141846 -419.207744 1114.605712 -4.906891 0.004551 0.004750 0.454761 0.890589
1630597658.245606 -419.284439 1115.008361 -4.905038 0.002796 0.003936 0.455650 0.890146
1630597658.349365 -419.362116 1115.415902 -4.902685 0.001003 0.003558 0.456472 0.889730
1630597658.453125 -419.437652 1115.825605 -4.902201 0.000117 0.003722 0.457553 0.889175
1630597658.556641 -419.510594 1116.234480 -4.904879 0.000639 0.004255 0.458807 0.888526
1630597658.660401 -419.586857 1116.644964 -4.908577 0.001341 0.004517 0.459683 0.888071
1630597658.764160 -419.667314 1117.057065 -4.911797 0.001702 0.004009 0.460596 0.887599
1630597658.867798 -419.749912 1117.471263 -4.914367 0.001460 0.003226 0.461916 0.886917
1630597658.971680 -419.834882 1117.886613 -4.916592 0.001200 0.002616 0.463312 0.886190
1630597659.075318 -419.919756 1118.299658 -4.918019 0.001227 0.002384 0.464876 0.885372
1630597659.178955 -420.003769 1118.711258 -4.918469 0.001320 0.002565 0.466926 0.884292
1630597659.282715 -420.087863 1119.119901 -4.919038 0.001524 0.003308 0.469208 0.883080
1630597659.386475 -420.173519 1119.522017 -4.919889 0.001965 0.003921 0.471286 0.881970
1630597659.490112 -420.261426 1119.914764 -4.921344 0.002188 0.003586 0.473326 0.880878
1630597659.593872 -420.351521 1120.298560 -4.922515 0.002496 0.003138 0.475325 0.879801
1630597659.697510 -420.441055 1120.673683 -4.922267 0.002285 0.002820 0.477637 0.878550
1630597659.801270 -420.528735 1121.039773 -4.921283 0.002061 0.002734 0.480059 0.877230
1630597659.905029 -420.614759 1121.393835 -4.920944 0.002494 0.003028 0.482196 0.876054
1630597660.008667 -420.699662 1121.735063 -4.920686 0.002861 0.003318 0.484431 0.874818
1630597660.112427 -420.784394 1122.064168 -4.919980 0.003026 0.003132 0.486830 0.873486
1630597660.216187 -420.868751 1122.380340 -4.918447 0.003255 0.002838 0.489043 0.872249
1630597660.319824 -420.951939 1122.683919 -4.916402 0.003407 0.002353 0.491161 0.871059
1630597660.423462 -421.032626 1122.975865 -4.915199 0.003627 0.002078 0.493302 0.869848
1630597660.527222 -421.111865 1123.256077 -4.914762 0.003818 0.001684 0.495191 0.868774
1630597660.630860 -421.189568 1123.523539 -4.914042 0.003764 0.001291 0.496864 0.867820
1630597660.734619 -421.264916 1123.777639 -4.912730 0.003652 0.000671 0.498607 0.866820
1630597660.838379 -421.337371 1124.018476 -4.911014 0.003609 0.000101 0.500268 0.865863
1630597660.942017 -421.406493 1124.245894 -4.909091 0.003709 -0.000472 0.501659 0.865057
1630597661.045776 -421.471844 1124.460389 -4.906899 0.003944 -0.000848 0.502954 0.864304
1630597661.149414 -421.533016 1124.662749 -4.904822 0.004114 -0.000905 0.504316 0.863509
1630597661.253174 -421.591106 1124.853526 -4.902943 0.004025 -0.000901 0.505571 0.862775
1630597661.356812 -421.646797 1125.031058 -4.901180 0.004055 -0.001174 0.506587 0.862179
1630597661.460449 -421.699747 1125.196126 -4.899729 0.004055 -0.001567 0.507583 0.861592
1630597661.564209 -421.749615 1125.350347 -4.898782 0.004125 -0.002023 0.508664 0.860953
1630597661.667847 -421.796268 1125.494612 -4.898379 0.004372 -0.002266 0.509525 0.860442
1630597661.771607 -421.840191 1125.630078 -4.898298 0.004651 -0.002540 0.510265 0.860001
1630597661.875244 -421.881549 1125.757583 -4.898090 0.005091 -0.002718 0.511084 0.859511
1630597661.979004 -421.921332 1125.878422 -4.897197 0.005231 -0.002972 0.511878 0.859037
1630597662.082764 -421.959857 1125.993057 -4.895971 0.005226 -0.003237 0.512585 0.858615
1630597662.186279 -421.996748 1126.101456 -4.894867 0.005246 -0.003555 0.513304 0.858183
1630597662.290039 -422.032032 1126.204243 -4.893908 0.005226 -0.003939 0.514041 0.857741
1630597662.393799 -422.065667 1126.301611 -4.892861 0.005262 -0.004269 0.514718 0.857333
1630597662.497315 -422.097612 1126.394114 -4.891770 0.005348 -0.004552 0.515322 0.856968
1630597662.601196 -422.128375 1126.483849 -4.890643 0.005562 -0.004768 0.515966 0.856578
1630597662.704956 -422.158618 1126.571652 -4.889297 0.005667 -0.005004 0.516602 0.856192
1630597662.808594 -422.188582 1126.657339 -4.887774 0.005465 -0.005213 0.517180 0.855843
1630597662.912476 -422.218021 1126.740634 -4.886344 0.005309 -0.005459 0.517723 0.855515
1630597663.016113 -422.246502 1126.821360 -4.885055 0.005256 -0.005676 0.518314 0.855155
1630597663.119873 -422.274224 1126.899891 -4.883791 0.005144 -0.005879 0.518884 0.854809
1630597663.223633 -422.300839 1126.975642 -4.882784 0.005154 -0.006015 0.519391 0.854500
1630597663.327271 -422.326283 1127.048640 -4.882046 0.005239 -0.006058 0.519876 0.854204
1630597663.430908 -422.350980 1127.119298 -4.881289 0.005207 -0.006139 0.520402 0.853884
1630597663.534668 -422.374889 1127.187323 -4.880312 0.005140 -0.006155 0.520858 0.853606
1630597663.638428 -422.398124 1127.252108 -4.879311 0.005046 -0.006255 0.521220 0.853385
1630597663.741943 -422.420326 1127.313318 -4.878550 0.005020 -0.006436 0.521620 0.853139
1630597663.845703 -422.441243 1127.370951 -4.877928 0.005008 -0.006566 0.522057 0.852871
1630597663.949341 -422.461046 1127.424420 -4.877413 0.005075 -0.006818 0.522379 0.852671
1630597664.053223 -422.479523 1127.474553 -4.876778 0.005112 -0.006939 0.522655 0.852501
1630597664.156860 -422.497204 1127.523238 -4.876142 0.005289 -0.007120 0.523070 0.852244
1630597664.260498 -422.515454 1127.573780 -4.875508 0.005681 -0.007194 0.523547 0.851948
1630597664.364258 -422.535791 1127.627633 -4.874592 0.005847 -0.007466 0.523930 0.851709
1630597664.468018 -422.557605 1127.684921 -4.873566 0.005767 -0.007671 0.524384 0.851428
1630597664.571777 -422.580532 1127.745244 -4.872724 0.005669 -0.007912 0.525117 0.850974
1630597664.675415 -422.604519 1127.808610 -4.871886 0.005583 -0.008037 0.525864 0.850512
1630597664.779175 -422.630094 1127.875180 -4.871077 0.005441 -0.008238 0.526543 0.850091
1630597664.882813 -422.656612 1127.945078 -4.870316 0.005334 -0.008309 0.527347 0.849593
1630597664.986572 -422.684483 1128.018032 -4.869392 0.005188 -0.008461 0.528257 0.849027
1630597665.090210 -422.713417 1128.093876 -4.868607 0.005159 -0.008374 0.529235 0.848418
1630597665.193970 -422.743623 1128.173412 -4.868016 0.005272 -0.008304 0.530412 0.847683
1630597665.297608 -422.775339 1128.258178 -4.867880 0.005813 -0.008034 0.531844 0.846784
1630597665.401367 -422.810194 1128.351727 -4.868471 0.007050 -0.007680 0.533602 0.845671
1630597665.505005 -422.851142 1128.458818 -4.869170 0.008586 -0.007261 0.535616 0.844387
1630597665.608643 -422.901957 1128.583907 -4.869285 0.009343 -0.007097 0.538318 0.842660
1630597665.712402 -422.964844 1128.728812 -4.868602 0.009010 -0.007269 0.541943 0.840336
1630597665.815918 -423.039899 1128.892266 -4.867365 0.008144 -0.007763 0.546367 0.837470
1630597665.919678 -423.125324 1129.074040 -4.865822 0.007438 -0.007878 0.551884 0.833850
1630597666.023193 -423.220404 1129.272229 -4.863851 0.007062 -0.007514 0.558892 0.829176
1630597666.126953 -423.328522 1129.486223 -4.861956 0.006908 -0.006942 0.567335 0.823429
1630597666.230591 -423.452597 1129.713981 -4.860597 0.006831 -0.006684 0.576929 0.816739
1630597666.333985 -423.594051 1129.954578 -4.859372 0.006659 -0.006793 0.587509 0.809162
1630597666.437744 -423.753550 1130.209278 -4.858153 0.006463 -0.006872 0.599121 0.800603
1630597666.541382 -423.930787 1130.476877 -4.857909 0.006398 -0.006647 0.611756 0.790992
1630597666.645020 -424.126860 1130.757707 -4.858558 0.006152 -0.005702 0.625206 0.780415
1630597666.748657 -424.344245 1131.051618 -4.858845 0.005150 -0.003643 0.639395 0.768853
1630597666.852417 -424.591485 1131.351062 -4.861374 0.003537 -0.004001 0.653970 0.756502
1630597666.956177 -424.867563 1131.652044 -4.865704 0.001925 -0.004682 0.668677 0.743536
1630597667.059937 -425.168155 1131.956340 -4.869760 0.000793 -0.005789 0.683967 0.729490
1630597667.163696 -425.489392 1132.270139 -4.874025 -0.000272 -0.003834 0.699872 0.714258
1630597667.267700 -425.837576 1132.589511 -4.879282 -0.001851 -0.000811 0.715790 0.698313
1630597667.371582 -426.218158 1132.901257 -4.887080 -0.002957 0.000987 0.731187 0.682170
1630597667.475464 -426.634913 1133.196643 -4.898576 -0.002635 -0.000675 0.746255 0.665655
1630597667.579224 -427.082935 1133.483157 -4.910260 -0.002167 -0.003120 0.761364 0.648314
1630597667.683228 -427.558778 1133.771653 -4.921828 -0.002244 -0.003333 0.775970 0.630757
1630597667.787110 -428.061862 1134.058326 -4.934631 -0.002976 -0.001200 0.789601 0.613613
1630597667.890869 -428.596780 1134.330255 -4.948123 -0.003344 -0.000393 0.802434 0.596732
1630597667.994751 -429.162879 1134.586615 -4.960434 -0.003923 -0.000049 0.814621 0.579981
1630597668.098511 -429.754503 1134.825172 -4.971877 -0.004719 -0.000742 0.825988 0.563667
1630597668.202393 -430.369321 1135.043615 -4.985735 -0.003947 -0.002226 0.836565 0.547848
1630597668.306152 -431.005217 1135.247351 -5.001818 -0.003073 -0.002356 0.846406 0.532524
1630597668.409668 -431.662224 1135.437385 -5.017383 -0.002829 -0.002206 0.855880 0.517162
1630597668.513428 -432.344456 1135.611948 -5.030296 -0.004109 -0.001297 0.865000 0.501754
1630597668.616943 -433.046444 1135.765103 -5.043292 -0.004970 -0.000732 0.873594 0.486630
1630597668.720581 -433.768954 1135.894875 -5.058112 -0.004652 -0.000831 0.881807 0.471586
1630597668.824219 -434.512923 1136.002208 -5.074783 -0.004165 -0.001364 0.889198 0.457502
1630597668.927612 -435.274447 1136.090508 -5.092802 -0.003085 -0.001531 0.895620 0.444807
1630597669.031250 -436.059263 1136.160017 -5.108385 -0.002148 -0.002763 0.901290 0.433201
1630597669.134888 -436.864110 1136.213166 -5.123788 -0.001048 -0.004042 0.906106 0.423030
1630597669.238526 -437.691338 1136.257695 -5.140709 -0.001643 -0.004193 0.910076 0.414417
1630597669.342285 -438.543673 1136.293026 -5.159177 -0.004234 -0.003801 0.913159 0.407564
1630597669.446045 -439.416228 1136.315929 -5.178460 -0.006777 -0.004908 0.915497 0.402238
1630597669.549805 -440.302788 1136.327777 -5.199543 -0.006657 -0.006942 0.917386 0.397882
1630597669.653687 -441.203799 1136.339188 -5.225395 -0.006534 -0.005386 0.918887 0.394429
1630597669.757568 -442.120972 1136.346201 -5.253355 -0.005642 -0.004821 0.919959 0.391944
1630597669.861328 -443.055052 1136.347853 -5.277965 -0.005792 -0.004254 0.920613 0.390410
1630597669.965210 -444.004304 1136.347536 -5.300966 -0.005751 -0.004299 0.921148 0.389145
1630597670.068848 -444.963019 1136.346752 -5.323730 -0.006040 -0.003669 0.921447 0.388439
1630597670.172608 -445.933802 1136.343636 -5.346346 -0.005233 -0.002944 0.921704 0.387847
1630597670.276123 -446.914912 1136.339284 -5.367644 -0.004028 -0.002294 0.922031 0.387088
1630597670.379761 -447.910644 1136.335633 -5.387634 -0.003421 -0.001319 0.922291 0.386480
1630597670.483276 -448.921304 1136.334352 -5.406897 -0.005035 -0.000135 0.922182 0.386725
1630597670.586792 -449.943922 1136.333811 -5.424672 -0.005915 0.001189 0.921995 0.387155
1630597670.690308 -450.974171 1136.334996 -5.443176 -0.005086 0.003517 0.921906 0.387364
1630597670.793823 -452.013510 1136.339114 -5.461321 -0.002982 0.006964 0.921930 0.387282
1630597670.897339 -453.068584 1136.343414 -5.474984 -0.001784 0.009861 0.921804 0.387527
1630597671.000733 -454.139884 1136.345876 -5.483312 -0.002074 0.011649 0.921576 0.388018
1630597671.104492 -455.230176 1136.345661 -5.488762 -0.001662 0.012256 0.921394 0.388434
1630597671.208008 -456.335569 1136.346697 -5.495960 -0.003330 0.012824 0.921291 0.388649
1630597671.311768 -457.455178 1136.345944 -5.502119 -0.003339 0.011810 0.921169 0.388969
1630597671.415405 -458.574680 1136.344470 -5.506509 0.000022 0.012372 0.920956 0.389470
1630597671.519165 -459.699003 1136.342250 -5.509469 0.007111 0.014008 0.920652 0.390069
1630597671.622925 -460.841359 1136.341837 -5.498153 0.011306 0.014905 0.920374 0.390592
1630597671.726929 -462.005928 1136.341172 -5.472638 0.012718 0.013534 0.920192 0.391026
1630597671.830689 -463.179929 1136.343499 -5.442247 0.013421 0.012708 0.919994 0.391496
1630597671.934693 -464.362358 1136.349357 -5.411020 0.015260 0.013110 0.919756 0.391974
1630597672.038574 -465.548014 1136.356773 -5.378145 0.018959 0.014345 0.919493 0.392387
1630597672.142334 -466.745383 1136.366996 -5.339671 0.021083 0.015575 0.919261 0.392774
1630597672.246094 -467.962294 1136.377929 -5.294070 0.019340 0.015178 0.919157 0.393123
1630597672.349976 -469.194352 1136.383510 -5.246525 0.017464 0.011055 0.919063 0.393569
1630597672.453613 -470.430558 1136.390933 -5.206771 0.015871 0.009578 0.918987 0.393852
1630597672.557373 -471.673389 1136.398085 -5.173439 0.016423 0.006696 0.918831 0.394254
1630597672.660889 -472.918966 1136.410594 -5.143804 0.017165 0.007554 0.918633 0.394667
1630597672.764649 -474.177517 1136.423637 -5.112185 0.018475 0.006826 0.918479 0.394980
1630597672.868042 -475.445677 1136.442648 -5.077643 0.016891 0.007629 0.918364 0.395302
1630597672.971680 -476.727708 1136.461862 -5.042691 0.015209 0.007122 0.918182 0.395804
1630597673.075318 -478.014744 1136.483543 -5.011116 0.014596 0.007719 0.918008 0.396218
1630597673.178711 -479.303230 1136.507687 -4.981564 0.014272 0.008899 0.917843 0.396587
1630597673.282349 -480.600803 1136.532546 -4.951063 0.014392 0.009746 0.917676 0.396950
1630597673.385986 -481.904483 1136.557136 -4.918773 0.014143 0.009907 0.917506 0.397347
1630597673.489502 -483.211499 1136.582040 -4.885629 0.013553 0.009472 0.917304 0.397844
1630597673.593384 -484.525056 1136.609304 -4.852896 0.012723 0.009829 0.917056 0.398433
1630597673.697022 -485.835997 1136.638167 -4.821544 0.012905 0.010392 0.916814 0.398971
1630597673.800781 -487.152882 1136.672679 -4.790809 0.011918 0.011990 0.916607 0.399431
1630597673.904663 -488.478146 1136.706025 -4.760082 0.009148 0.011130 0.916422 0.399955
1630597674.008545 -489.802693 1136.735669 -4.732815 0.008373 0.009533 0.916220 0.400474
1630597674.112305 -491.119237 1136.763429 -4.709473 0.011128 0.008482 0.915971 0.401002
1630597674.216187 -492.433156 1136.793385 -4.682419 0.014993 0.009436 0.915642 0.401605
1630597674.319946 -493.746376 1136.825921 -4.644980 0.017898 0.009512 0.915329 0.402195
1630597674.423706 -495.062263 1136.864618 -4.597937 0.018193 0.009917 0.915067 0.402769
1630597674.527466 -496.380288 1136.905807 -4.548811 0.016439 0.009150 0.914839 0.403381
1630597674.631226 -497.695903 1136.949923 -4.502599 0.014569 0.009171 0.914596 0.404002
1630597674.735108 -499.006002 1136.993643 -4.462929 0.013646 0.008745 0.914360 0.404577
1630597674.838623 -500.304628 1137.036354 -4.427543 0.014173 0.008499 0.914108 0.405135
1630597674.942383 -501.601888 1137.079616 -4.392611 0.014486 0.007973 0.913871 0.405668
1630597675.045899 -502.891421 1137.124832 -4.355853 0.014666 0.007566 0.913606 0.406267
1630597675.149536 -504.177410 1137.173579 -4.318735 0.014706 0.007618 0.913369 0.406796
1630597675.253052 -505.456790 1137.226035 -4.280545 0.014146 0.008473 0.913173 0.407238
1630597675.356690 -506.734062 1137.279948 -4.243984 0.013619 0.009506 0.913044 0.407524
1630597675.460205 -508.006592 1137.331931 -4.208115 0.011578 0.008460 0.913009 0.407687
1630597675.563965 -509.274743 1137.382607 -4.175255 0.011165 0.008216 0.912930 0.407881
1630597675.667481 -510.532081 1137.432239 -4.145009 0.011374 0.007742 0.912811 0.408150
1630597675.771240 -511.786198 1137.483871 -4.115258 0.011673 0.007775 0.912726 0.408332
1630597675.874756 -513.032473 1137.538753 -4.085370 0.010694 0.008355 0.912703 0.408398
1630597675.978516 -514.274624 1137.594162 -4.055450 0.010077 0.009172 0.912660 0.408493
1630597676.082276 -515.507035 1137.649425 -4.026091 0.010475 0.010428 0.912587 0.408616
1630597676.185913 -516.730568 1137.702982 -3.996241 0.011327 0.011286 0.912513 0.408736
1630597676.289673 -517.951573 1137.757466 -3.963538 0.011116 0.011659 0.912441 0.408891
1630597676.393555 -519.170970 1137.812086 -3.930982 0.009293 0.011117 0.912447 0.408938
1630597676.497315 -520.381549 1137.865819 -3.900734 0.007510 0.010984 0.912331 0.409238
1630597676.601074 -521.580589 1137.921034 -3.875538 0.006901 0.011701 0.912170 0.409587
1630597676.704956 -522.769803 1137.976442 -3.852069 0.008034 0.012282 0.912059 0.409796
1630597676.808716 -523.949128 1138.033375 -3.826756 0.009054 0.013912 0.912049 0.409745
1630597676.912476 -525.124145 1138.088423 -3.798022 0.009445 0.014194 0.912032 0.409765
1630597677.016235 -526.294805 1138.143434 -3.766705 0.008600 0.014363 0.911991 0.409869
1630597677.119995 -527.458232 1138.194749 -3.736601 0.008429 0.013207 0.911940 0.410023
1630597677.223633 -528.611550 1138.246048 -3.708694 0.008454 0.012972 0.911909 0.410101
1630597677.327393 -529.757207 1138.296406 -3.681651 0.009358 0.012254 0.911898 0.410128
1630597677.430786 -530.890108 1138.345366 -3.653954 0.010942 0.011543 0.911863 0.410187
1630597677.534424 -532.016685 1138.393367 -3.623560 0.012492 0.011061 0.911793 0.410311
1630597677.638062 -533.135896 1138.442577 -3.590690 0.014158 0.011208 0.911705 0.410448
1630597677.741699 -534.250261 1138.492970 -3.554795 0.014424 0.010325 0.911661 0.410561
1630597677.845337 -535.358546 1138.547189 -3.518029 0.013503 0.011128 0.911627 0.410646
1630597677.948975 -536.459518 1138.601889 -3.483250 0.011955 0.011707 0.911593 0.410753
1630597678.052612 -537.551027 1138.656375 -3.451026 0.010673 0.011959 0.911540 0.410898
1630597678.156250 -538.629976 1138.711489 -3.420991 0.010098 0.012438 0.911483 0.411026
1630597678.259888 -539.693179 1138.768367 -3.392500 0.009833 0.013887 0.911380 0.411213
1630597678.363648 -540.740817 1138.826718 -3.363446 0.009588 0.016366 0.911271 0.411370
1630597678.467407 -541.773920 1138.883621 -3.333642 0.008905 0.017850 0.911163 0.411562
1630597678.571167 -542.792634 1138.940182 -3.302863 0.006961 0.018484 0.911122 0.411663
1630597678.675049 -543.794248 1138.992201 -3.273426 0.005775 0.017903 0.911070 0.411822
1630597678.778809 -544.773100 1139.042774 -3.247810 0.005298 0.018429 0.910971 0.412025
1630597678.882568 -545.729836 1139.093078 -3.224364 0.005574 0.018884 0.910920 0.412114
1630597678.986328 -546.663935 1139.142285 -3.200352 0.006475 0.019636 0.910899 0.412110
1630597679.090210 -547.577282 1139.191205 -3.175362 0.007440 0.020742 0.910982 0.411858
1630597679.193848 -548.468222 1139.237989 -3.149069 0.008079 0.021477 0.911114 0.411515
1630597679.297485 -549.338410 1139.279664 -3.120574 0.008586 0.021167 0.911260 0.411198
1630597679.401245 -550.187875 1139.316786 -3.091440 0.009175 0.019985 0.911358 0.411027
1630597679.504883 -551.013061 1139.352774 -3.063487 0.009885 0.019138 0.911552 0.410619
1630597679.608521 -551.814432 1139.386590 -3.035944 0.010969 0.018318 0.911698 0.410306
1630597679.712158 -552.593367 1139.417657 -3.008276 0.011954 0.016986 0.911728 0.410268
1630597679.815918 -553.350527 1139.448725 -2.981263 0.012163 0.016103 0.911805 0.410127
1630597679.919434 -554.083252 1139.478801 -2.954472 0.011946 0.014892 0.911859 0.410058
1630597680.023193 -554.794441 1139.507022 -2.928200 0.012133 0.013227 0.911780 0.410287
1630597680.126953 -555.483063 1139.535972 -2.904162 0.012260 0.012398 0.911664 0.410567
1630597680.230469 -556.149511 1139.566875 -2.881493 0.011893 0.012198 0.911554 0.410828
1630597680.334229 -556.799100 1139.598393 -2.859933 0.012664 0.012532 0.911425 0.411079
1630597680.437988 -557.433493 1139.628658 -2.838791 0.012997 0.012538 0.911280 0.411390
1630597680.541748 -558.055764 1139.657333 -2.818574 0.014342 0.012563 0.911155 0.411623
1630597680.645508 -558.670545 1139.685752 -2.797747 0.015473 0.012431 0.911053 0.411812
1630597680.749146 -559.269955 1139.713960 -2.772987 0.017446 0.012577 0.910964 0.411925
1630597680.852783 -559.839455 1139.744059 -2.741646 0.025636 0.016408 0.910698 0.411951
1630597680.956665 -560.393999 1139.775408 -2.709182 0.035768 0.021014 0.910243 0.411991
1630597681.060303 -560.949679 1139.807128 -2.681688 0.041802 0.024398 0.909838 0.412131
1630597681.164063 -561.518030 1139.835732 -2.657066 0.040362 0.023854 0.909745 0.412511
1630597681.267822 -562.100765 1139.863771 -2.612266 0.029777 0.018856 0.910137 0.412805
1630597681.371460 -562.680415 1139.895350 -2.552701 0.015316 0.013511 0.910474 0.413062
1630597681.475098 -563.235253 1139.928379 -2.502305 0.006693 0.010825 0.910559 0.413183
1630597681.578858 -563.762833 1139.958286 -2.477422 0.006481 0.010800 0.910437 0.413456
1630597681.682617 -564.279067 1139.991302 -2.476010 0.007030 0.013402 0.910247 0.413790
1630597681.786377 -564.799842 1140.024804 -2.482992 0.006537 0.014246 0.910140 0.414003
1630597681.889893 -565.332866 1140.060368 -2.483287 -0.000339 0.013202 0.910046 0.414297
1630597681.993652 -565.877015 1140.091374 -2.472993 -0.009322 0.010261 0.909916 0.414560
1630597682.097168 -566.410952 1140.110294 -2.457438 -0.013480 0.004651 0.909860 0.414670
1630597682.200928 -566.923204 1140.133270 -2.448597 -0.007080 0.006129 0.909833 0.414868
1630597682.304688 -567.426120 1140.165434 -2.452096 0.003174 0.010490 0.909701 0.415119
1630597682.408325 -567.935013 1140.206038 -2.467169 0.014397 0.018185 0.909313 0.415467
1630597682.511963 -568.462355 1140.242233 -2.481736 0.023309 0.022916 0.908801 0.415948
1630597682.615723 -569.020368 1140.268807 -2.471712 0.025971 0.022109 0.908268 0.416996
1630597682.719483 -569.605422 1140.295288 -2.435788 0.022390 0.017348 0.908193 0.417591
1630597682.823242 -570.201307 1140.331143 -2.395518 0.017607 0.014829 0.908093 0.418135
1630597682.927002 -570.797980 1140.374701 -2.367440 0.015963 0.015326 0.907673 0.419094
1630597683.030762 -571.398215 1140.421434 -2.351968 0.017373 0.017175 0.907124 0.420154
1630597683.134400 -572.009609 1140.468019 -2.339298 0.019385 0.018809 0.906581 0.421166
1630597683.238159 -572.639457 1140.513369 -2.321200 0.020134 0.018767 0.906101 0.422166
1630597683.341797 -573.287256 1140.558591 -2.296936 0.019914 0.017305 0.905652 0.423201
1630597683.445557 -573.950958 1140.608270 -2.271076 0.018279 0.016388 0.905244 0.424181
1630597683.549317 -574.627786 1140.663465 -2.247627 0.017250 0.016628 0.904919 0.424909
1630597683.652832 -575.316489 1140.721617 -2.226596 0.016841 0.016873 0.904675 0.425434
1630597683.756592 -576.022312 1140.780096 -2.206415 0.016729 0.017034 0.904495 0.425815
1630597683.860108 -576.742979 1140.837731 -2.185616 0.016730 0.016554 0.904420 0.425993
1630597683.963867 -577.480893 1140.895718 -2.163899 0.016777 0.015590 0.904367 0.426141
1630597684.067383 -578.231938 1140.955601 -2.142254 0.016980 0.015174 0.904253 0.426390
1630597684.171143 -578.998973 1141.018694 -2.120650 0.017272 0.015405 0.904165 0.426556
1630597684.274780 -579.779254 1141.084065 -2.098292 0.017947 0.015724 0.904093 0.426669
1630597684.378540 -580.576211 1141.151705 -2.075142 0.018226 0.016285 0.903990 0.426854
1630597684.482178 -581.389091 1141.219420 -2.050981 0.018127 0.016084 0.904018 0.426807
1630597684.585938 -582.219265 1141.286981 -2.025302 0.017716 0.015439 0.904147 0.426576
1630597684.689697 -583.064473 1141.356243 -1.999159 0.017015 0.015484 0.904376 0.426116
1630597684.793457 -583.923923 1141.426143 -1.974220 0.016385 0.015912 0.904689 0.425460
1630597684.897095 -584.795802 1141.494471 -1.949558 0.017051 0.015705 0.905001 0.424777
1630597685.000977 -585.683389 1141.562681 -1.923903 0.017012 0.016242 0.905432 0.423838
1630597685.104736 -586.581949 1141.627014 -1.897019 0.018409 0.016003 0.906020 0.422532
1630597685.208496 -587.492599 1141.690755 -1.867475 0.019089 0.016246 0.906667 0.421102
1630597685.312134 -588.413182 1141.753275 -1.836205 0.019901 0.016939 0.907384 0.419490
1630597685.415772 -589.345804 1141.812464 -1.802559 0.019702 0.016895 0.908165 0.417808
1630597685.519531 -590.289602 1141.867786 -1.767019 0.018777 0.016427 0.909084 0.415866
1630597685.623291 -591.240875 1141.920168 -1.731560 0.017745 0.016274 0.910014 0.413878
1630597685.726807 -592.196658 1141.968883 -1.698092 0.017976 0.016376 0.910897 0.411917
1630597685.830567 -593.162985 1142.013322 -1.665190 0.018019 0.016133 0.911766 0.409997
1630597685.934082 -594.135270 1142.054202 -1.631734 0.017432 0.016219 0.912679 0.407982
1630597686.037842 -595.116486 1142.089633 -1.597883 0.017522 0.015640 0.913651 0.405821
1630597686.141602 -596.104005 1142.119262 -1.564549 0.018616 0.015605 0.914757 0.403275
1630597686.245239 -597.099500 1142.142893 -1.530995 0.019898 0.015089 0.915960 0.400491
1630597686.348877 -598.107117 1142.160942 -1.495402 0.020396 0.014993 0.917240 0.397529
1630597686.452393 -599.126138 1142.171579 -1.457853 0.019178 0.013932 0.918569 0.394549
1630597686.556152 -600.157083 1142.175821 -1.420475 0.017990 0.012978 0.920018 0.391248
1630597686.659912 -601.194926 1142.173039 -1.386323 0.017738 0.012633 0.921570 0.387602
1630597686.763672 -602.243416 1142.163305 -1.355201 0.017275 0.012339 0.923196 0.383742
1630597686.867310 -603.306769 1142.150082 -1.326484 0.013059 0.014563 0.924831 0.379876
1630597686.970947 -604.377877 1142.119043 -1.297757 0.011480 0.011880 0.926542 0.375828
1630597687.074707 -605.451343 1142.078717 -1.274066 0.011584 0.010888 0.928233 0.371659
1630597687.178467 -606.527076 1142.033810 -1.252670 0.014096 0.013285 0.929945 0.367189
1630597687.282227 -607.615126 1141.977122 -1.227235 0.014645 0.014069 0.931625 0.362852
1630597687.385986 -608.716710 1141.908547 -1.197174 0.013064 0.014814 0.933277 0.358613
1630597687.489746 -609.827845 1141.825516 -1.167133 0.011066 0.012712 0.935033 0.354160
1630597687.593384 -610.943295 1141.736720 -1.141916 0.009163 0.012577 0.936737 0.349687
1630597687.697266 -612.064619 1141.638073 -1.121102 0.007240 0.012462 0.938358 0.345364
1630597687.801026 -613.184046 1141.532281 -1.101928 0.005951 0.014751 0.939878 0.341140
1630597687.904663 -614.298586 1141.415697 -1.083433 0.007217 0.016771 0.941397 0.336805
1630597688.008423 -615.417445 1141.288648 -1.062989 0.007217 0.018390 0.942931 0.332401
1630597688.112183 -616.542852 1141.150671 -1.037977 0.004633 0.018911 0.944446 0.328091
1630597688.215820 -617.666213 1140.999532 -1.013100 0.002334 0.018765 0.945898 0.323914
1630597688.319580 -618.784913 1140.835288 -0.993861 0.002474 0.018249 0.947344 0.319687
1630597688.423096 -619.898668 1140.660778 -0.977731 0.003151 0.018111 0.948727 0.315562
1630597688.526856 -621.016081 1140.472892 -0.960842 0.004290 0.016638 0.949941 0.311955
1630597688.630615 -622.135268 1140.274147 -0.942899 0.005176 0.014434 0.950981 0.308869
1630597688.734131 -623.254067 1140.069975 -0.924877 0.005757 0.013212 0.951919 0.306011
1630597688.837891 -624.377677 1139.861544 -0.907362 0.005824 0.013006 0.952846 0.303118
1630597688.941406 -625.500420 1139.647099 -0.889758 0.006013 0.012750 0.953784 0.300161
1630597689.045288 -626.629014 1139.428597 -0.872157 0.005856 0.013744 0.954657 0.297332
1630597689.148926 -627.757724 1139.202902 -0.854675 0.006225 0.014111 0.955426 0.294827
1630597689.252564 -628.890879 1138.969040 -0.835839 0.005527 0.014559 0.956162 0.292423
1630597689.356323 -630.028622 1138.728324 -0.817134 0.004746 0.014553 0.956969 0.289786
1630597689.460083 -631.167912 1138.481210 -0.799839 0.004563 0.014744 0.957752 0.287182
1630597689.563843 -632.309072 1138.226355 -0.783172 0.004616 0.015048 0.958475 0.284742
1630597689.667603 -633.452654 1137.963044 -0.766213 0.005104 0.014811 0.959168 0.282401
1630597689.771240 -634.597590 1137.693567 -0.748212 0.005284 0.014623 0.959851 0.280078
1630597689.875000 -635.745810 1137.418887 -0.729180 0.006307 0.014873 0.960459 0.277952
1630597689.978638 -636.896355 1137.139783 -0.708820 0.006056 0.015843 0.960944 0.276223
1630597690.082276 -638.050943 1136.853476 -0.686663 0.006551 0.014771 0.961361 0.274816
1630597690.186157 -639.213285 1136.563961 -0.665284 0.005626 0.014498 0.961689 0.273703
1630597690.289795 -640.376095 1136.270554 -0.645403 0.005156 0.013766 0.961969 0.272765
1630597690.393555 -641.543211 1135.974231 -0.628037 0.004921 0.013323 0.962192 0.272001
1630597690.497315 -642.713745 1135.675284 -0.611576 0.004701 0.012976 0.962382 0.271348
1630597690.600952 -643.885747 1135.374478 -0.595768 0.004839 0.012657 0.962488 0.270984
1630597690.704834 -645.063792 1135.072772 -0.579930 0.004931 0.012914 0.962551 0.270747
1630597690.808472 -646.243484 1134.770929 -0.563982 0.004829 0.012975 0.962597 0.270583
1630597690.912110 -647.427894 1134.468355 -0.547229 0.003656 0.012991 0.962621 0.270516
1630597691.015869 -648.614900 1134.164027 -0.531666 0.003155 0.012486 0.962661 0.270405
1630597691.119385 -649.798428 1133.860708 -0.517779 0.003178 0.013190 0.962635 0.270463
1630597691.223145 -650.984797 1133.557784 -0.503288 0.003775 0.014060 0.962578 0.270615
1630597691.326660 -652.169314 1133.255354 -0.486529 0.004757 0.014509 0.962517 0.270790
1630597691.430420 -653.361661 1132.953466 -0.467680 0.004182 0.015603 0.962465 0.270924
1630597691.534058 -654.559222 1132.650383 -0.448361 0.002240 0.014836 0.962447 0.271055
1630597691.637818 -655.762893 1132.347206 -0.432958 -0.001281 0.014662 0.962369 0.271346
1630597691.741455 -656.962690 1132.044954 -0.423189 -0.003452 0.014753 0.962272 0.271666
1630597691.845215 -658.162407 1131.740935 -0.420585 -0.003163 0.014372 0.962199 0.271948
1630597691.948975 -659.363936 1131.440327 -0.416576 -0.004007 0.015607 0.962067 0.272338
1630597692.052612 -660.563688 1131.137809 -0.412835 -0.002198 0.015022 0.961967 0.272744
1630597692.156372 -661.767606 1130.834046 -0.406619 -0.001488 0.015441 0.961844 0.273158
1630597692.260132 -662.976398 1130.529282 -0.399315 -0.001364 0.014385 0.961771 0.273473
1630597692.363770 -664.186317 1130.225495 -0.390144 -0.001552 0.013821 0.961662 0.273886
1630597692.467529 -665.394301 1129.921846 -0.381893 0.000223 0.014194 0.961525 0.274350
1630597692.571289 -666.600351 1129.618035 -0.371819 0.003698 0.014603 0.961446 0.274581
1630597692.675049 -667.811349 1129.312670 -0.355634 0.006115 0.013621 0.961381 0.274817
1630597692.778809 -669.031997 1129.009973 -0.334182 0.005052 0.012970 0.961297 0.275162
1630597692.882446 -670.259832 1128.705871 -0.314090 0.001936 0.010898 0.961263 0.275409
1630597692.986084 -671.488669 1128.403692 -0.299214 -0.000909 0.009229 0.961289 0.275385
1630597693.089844 -672.713495 1128.105187 -0.295017 -0.001283 0.010072 0.961273 0.275411
1630597693.193482 -673.936623 1127.804437 -0.295426 -0.000435 0.009811 0.961234 0.275560
1630597693.297241 -675.166261 1127.502182 -0.294386 -0.001045 0.009718 0.961191 0.275711
1630597693.400879 -676.396573 1127.199494 -0.292025 -0.001557 0.009271 0.961164 0.275819
1630597693.504639 -677.627487 1126.897286 -0.290050 -0.001374 0.009228 0.961131 0.275936
1630597693.608276 -678.855929 1126.597789 -0.287697 -0.000408 0.010296 0.961095 0.276024
1630597693.711914 -680.085208 1126.299475 -0.282928 0.000399 0.011502 0.961055 0.276117
1630597693.815674 -681.318221 1125.999359 -0.274879 0.000925 0.011753 0.961070 0.276054
1630597693.919434 -682.553171 1125.697761 -0.264585 0.000437 0.011872 0.961099 0.275950
1630597694.023193 -683.788814 1125.393233 -0.255043 0.000035 0.010886 0.961182 0.275700
1630597694.126831 -685.022942 1125.087295 -0.247416 -0.000515 0.009750 0.961292 0.275359
1630597694.230591 -686.256545 1124.780826 -0.242345 -0.000581 0.009107 0.961416 0.274947
1630597694.334351 -687.488260 1124.474776 -0.238764 -0.000077 0.009030 0.961575 0.274393
1630597694.437988 -688.717846 1124.170351 -0.234160 0.000119 0.010015 0.961755 0.273727
1630597694.541748 -689.949232 1123.864393 -0.228640 0.000280 0.011023 0.961980 0.272898
1630597694.645386 -691.180518 1123.553674 -0.221527 -0.000872 0.010111 0.962214 0.272105
1630597694.749268 -692.412655 1123.238653 -0.213959 -0.000720 0.009742 0.962437 0.271330
1630597694.852783 -693.636978 1122.924269 -0.207758 -0.000226 0.009896 0.962620 0.270673
1630597694.956543 -694.863587 1122.609733 -0.202005 0.000480 0.010837 0.962784 0.270054
1630597695.060303 -696.093159 1122.294945 -0.194796 -0.000174 0.011666 0.962970 0.269357
1630597695.163941 -697.322437 1121.978686 -0.186941 -0.001593 0.012047 0.963174 0.268605
1630597695.267700 -698.549502 1121.659884 -0.180067 -0.001818 0.012333 0.963357 0.267934
1630597695.371338 -699.771277 1121.339145 -0.173918 -0.000521 0.013043 0.963513 0.267345
1630597695.475098 -700.994701 1121.017337 -0.165070 0.000292 0.014060 0.963644 0.266819
1630597695.578858 -702.218469 1120.691842 -0.153229 0.001326 0.013742 0.963804 0.266256
1630597695.682373 -703.442143 1120.365553 -0.139962 0.001115 0.013981 0.963960 0.265677
1630597695.786133 -704.672049 1120.035907 -0.126564 0.000143 0.013381 0.964134 0.265078
1630597695.889893 -705.903084 1119.704264 -0.115424 -0.001240 0.012771 0.964282 0.264568
1630597695.993530 -707.128912 1119.373865 -0.107251 -0.001164 0.013369 0.964430 0.263999
1630597696.097290 -708.353783 1119.040936 -0.101185 0.000471 0.014735 0.964572 0.263407
1630597696.200928 -709.583585 1118.703182 -0.092234 0.000337 0.013565 0.964756 0.262798
1630597696.304810 -710.821275 1118.359857 -0.080471 -0.000255 0.012065 0.964973 0.262071
1630597696.408447 -712.057204 1118.012463 -0.072583 -0.000391 0.010127 0.965165 0.261446
1630597696.512207 -713.296229 1117.663866 -0.067913 -0.000097 0.008955 0.965367 0.260743
1630597696.615967 -714.536240 1117.314719 -0.065695 0.000795 0.008824 0.965589 0.259923
1630597696.719483 -715.783271 1116.973184 -0.064818 -0.001538 0.010852 0.965812 0.259011
1630597696.823242 -717.041281 1116.626254 -0.063453 -0.005226 0.011410 0.966300 0.257112
1630597696.927002 -718.298854 1116.276381 -0.066267 -0.007509 0.015308 0.966874 0.254686
1630597697.030518 -719.543666 1115.912400 -0.069646 -0.006846 0.016557 0.967568 0.251976
1630597697.134277 -720.785766 1115.524420 -0.069921 -0.000923 0.013714 0.968401 0.249019
1630597697.237793 -722.036337 1115.126794 -0.062445 0.000682 0.010772 0.969097 0.246445
1630597697.341553 -723.301119 1114.720754 -0.051734 -0.001491 0.007377 0.969582 0.244652
1630597697.445313 -724.566770 1114.315988 -0.048240 -0.002630 0.005557 0.970055 0.242809
1630597697.549072 -725.832943 1113.915736 -0.054809 -0.003072 0.007709 0.970557 0.240728
1630597697.652832 -727.103807 1113.510968 -0.064116 -0.004279 0.009874 0.971021 0.238753
1630597697.756592 -728.378665 1113.095364 -0.072290 -0.005315 0.010902 0.971427 0.237029
1630597697.860352 -729.655891 1112.668742 -0.079750 -0.005881 0.010564 0.971793 0.235524
1630597697.964111 -730.937333 1112.234419 -0.087938 -0.006069 0.009692 0.972166 0.234014
1630597698.067871 -732.224300 1111.795053 -0.097548 -0.007062 0.008916 0.972568 0.232340
1630597698.171509 -733.513083 1111.353304 -0.110146 -0.008389 0.009376 0.972976 0.230565
1630597698.275269 -734.802820 1110.905275 -0.124787 -0.008605 0.009575 0.973380 0.228833
1630597698.378906 -736.090301 1110.451101 -0.139313 -0.008042 0.009840 0.973781 0.227134
1630597698.482666 -737.380651 1109.990080 -0.151901 -0.007553 0.010056 0.974143 0.225581
1630597698.586304 -738.670795 1109.522107 -0.162051 -0.007110 0.009389 0.974462 0.224241
1630597698.689942 -739.962785 1109.048853 -0.171632 -0.006359 0.008532 0.974750 0.223044
1630597698.793701 -741.258035 1108.571680 -0.180975 -0.005746 0.007291 0.975020 0.221922
1630597698.897339 -742.552411 1108.094322 -0.190529 -0.005619 0.007638 0.975185 0.221188
1630597699.001099 -743.848637 1107.614517 -0.199329 -0.004272 0.008748 0.975348 0.220455
1630597699.104736 -745.148229 1107.132533 -0.205903 -0.004164 0.008808 0.975545 0.219585
1630597699.208496 -746.459054 1106.648358 -0.212585 -0.006486 0.009504 0.975695 0.218832
1630597699.312134 -747.774552 1106.162641 -0.222309 -0.010206 0.009519 0.975807 0.218189
1630597699.415894 -749.090151 1105.676806 -0.238917 -0.012579 0.011639 0.975868 0.217688
1630597699.519531 -750.394769 1105.186141 -0.256892 -0.009660 0.012493 0.976047 0.216988
1630597699.623291 -751.697601 1104.691449 -0.269042 -0.004519 0.015325 0.976195 0.216307
1630597699.727051 -753.008285 1104.188086 -0.265683 -0.001921 0.015596 0.976212 0.216250
1630597699.830689 -754.326300 1103.679430 -0.251728 -0.000914 0.014171 0.976276 0.216066
1630597699.934326 -755.649915 1103.170246 -0.237577 -0.000665 0.012618 0.976426 0.215481
1630597700.038086 -756.979269 1102.662162 -0.227857 -0.000959 0.012486 0.976556 0.214901
1630597700.141724 -758.309592 1102.153265 -0.221580 -0.001294 0.012933 0.976632 0.214525
1630597700.245484 -759.644162 1101.639474 -0.216530 -0.001045 0.012523 0.976733 0.214091
1630597700.349121 -760.981389 1101.123920 -0.210597 -0.001477 0.012598 0.976823 0.213675
1630597700.452881 -762.322733 1100.606273 -0.204093 -0.001813 0.012932 0.976895 0.213321
1630597700.556519 -763.665664 1100.087398 -0.197567 -0.002024 0.013258 0.976976 0.212928
1630597700.660278 -765.013958 1099.565302 -0.191134 -0.002516 0.012975 0.977078 0.212471
1630597700.763916 -766.360836 1099.041017 -0.185299 -0.002499 0.013066 0.977171 0.212037
1630597700.867676 -767.708224 1098.513770 -0.179723 -0.001445 0.013507 0.977255 0.211633
1630597700.971314 -769.055774 1097.982858 -0.171029 -0.000347 0.012747 0.977339 0.211294
1630597701.074951 -770.407837 1097.448708 -0.160647 0.000024 0.011587 0.977442 0.210884
1630597701.178711 -771.766283 1096.912006 -0.150997 -0.001210 0.010533 0.977547 0.210452
1630597701.282471 -773.125460 1096.374288 -0.144818 -0.001492 0.009450 0.977646 0.210041
1630597701.386109 -774.484383 1095.840620 -0.142553 -0.002282 0.010762 0.977684 0.209791
1630597701.489868 -775.842657 1095.305940 -0.139248 -0.001319 0.012014 0.977727 0.209533
1630597701.593628 -777.199856 1094.772745 -0.131006 0.001630 0.015787 0.977730 0.209265
1630597701.697266 -778.559609 1094.235314 -0.111218 0.003059 0.017370 0.977720 0.209171
1630597701.801026 -779.928688 1093.690906 -0.083151 0.003337 0.016940 0.977777 0.208934
1630597701.904785 -781.302798 1093.141021 -0.054457 0.002437 0.014797 0.977897 0.208549
1630597702.008545 -782.677915 1092.588777 -0.031676 0.001754 0.013408 0.977969 0.208313
1630597702.112183 -784.050123 1092.036749 -0.014632 0.002783 0.012227 0.978016 0.208153
1630597702.215943 -785.423719 1091.485297 0.000830 0.004113 0.012639 0.978057 0.207913
1630597702.319580 -786.798338 1090.931459 0.020108 0.005496 0.011890 0.978164 0.207422
1630597702.423340 -788.181663 1090.374951 0.042233 0.004291 0.011225 0.978245 0.207102
1630597702.526856 -789.563671 1089.815007 0.063247 0.002745 0.009109 0.978309 0.206931
1630597702.630615 -790.945906 1089.254073 0.078228 0.003241 0.007844 0.978384 0.206623
1630597702.734131 -792.327900 1088.699526 0.089208 0.002450 0.009400 0.978423 0.206382
1630597702.837891 -793.710788 1088.142402 0.102215 0.003465 0.009862 0.978478 0.206084
1630597702.941651 -795.090396 1087.585487 0.118453 0.005562 0.011748 0.978537 0.205659
1630597703.045288 -796.470013 1087.023718 0.143651 0.007242 0.012439 0.978569 0.205415
1630597703.148926 -797.851934 1086.458923 0.175668 0.008208 0.012017 0.978593 0.205289
1630597703.252808 -799.237665 1085.894059 0.209675 0.009188 0.012089 0.978631 0.205061
1630597703.356445 -800.621276 1085.334546 0.244559 0.009179 0.013529 0.978668 0.204795
1630597703.460205 -802.008371 1084.776187 0.281059 0.008966 0.015502 0.978698 0.204521
1630597703.563965 -803.399687 1084.216101 0.318206 0.007104 0.016438 0.978747 0.204286
1630597703.667603 -804.789904 1083.650848 0.353976 0.005242 0.015630 0.978806 0.204126
1630597703.771485 -806.179011 1083.081155 0.385142 0.005235 0.014800 0.978811 0.204162
1630597703.875244 -807.564877 1082.511716 0.413495 0.006125 0.014041 0.978767 0.204402
1630597703.978760 -808.949443 1081.944764 0.442553 0.006640 0.013954 0.978687 0.204777
1630597704.082520 -810.340314 1081.377301 0.472090 0.006280 0.013344 0.978641 0.205049
1630597704.186279 -811.732861 1080.812117 0.501488 0.005956 0.013434 0.978582 0.205332
1630597704.289795 -813.121131 1080.248491 0.529935 0.006497 0.013322 0.978507 0.205678
1630597704.393555 -814.513246 1079.685470 0.559376 0.007417 0.013555 0.978385 0.206213
1630597704.497315 -815.907214 1079.123055 0.591058 0.008286 0.013335 0.978204 0.207051
1630597704.600952 -817.303169 1078.564849 0.624994 0.007759 0.014007 0.977966 0.208151
1630597704.704712 -818.702564 1078.011270 0.659787 0.007358 0.014969 0.977665 0.209505
1630597704.808350 -820.100161 1077.462968 0.694735 0.007908 0.015767 0.977297 0.211137
1630597704.912110 -821.500002 1076.919431 0.732212 0.008818 0.016932 0.976863 0.213011
1630597705.015747 -822.902475 1076.379645 0.772061 0.009027 0.016933 0.976368 0.215259
1630597705.119507 -824.309159 1075.843950 0.815373 0.009470 0.015646 0.975847 0.217690
1630597705.223145 -825.713578 1075.319778 0.856601 0.009791 0.017337 0.975255 0.220186
1630597705.326904 -827.124733 1074.801184 0.901745 0.009863 0.017513 0.974751 0.222390
1630597705.430664 -828.538081 1074.289357 0.947439 0.009934 0.016956 0.974298 0.224405
1630597705.534302 -829.955375 1073.779493 0.991557 0.009244 0.015530 0.973772 0.226808
1630597705.637940 -831.373374 1073.276628 1.033624 0.007938 0.014648 0.973308 0.228899
1630597705.741699 -832.788987 1072.782935 1.070564 0.009054 0.015842 0.972810 0.230887
1630597705.845215 -834.202571 1072.298628 1.109336 0.010216 0.017316 0.972343 0.232689
1630597705.948975 -835.622554 1071.818389 1.153357 0.011115 0.018298 0.971892 0.234450
1630597706.052612 -837.044174 1071.342546 1.201160 0.010912 0.018423 0.971487 0.236123
1630597706.156372 -838.470887 1070.869513 1.249962 0.010124 0.018216 0.971158 0.237526
1630597706.260010 -839.897721 1070.400141 1.295989 0.008679 0.017360 0.970913 0.238645
1630597706.363770 -841.325060 1069.934333 1.337459 0.007910 0.017366 0.970674 0.239643
1630597706.467529 -842.750965 1069.470430 1.375280 0.007864 0.017267 0.970424 0.240662
1630597706.571045 -844.172435 1069.005173 1.412956 0.009134 0.014781 0.970262 0.241431
1630597706.674805 -845.597103 1068.542382 1.450664 0.010340 0.013464 0.970047 0.242325
1630597706.778565 -847.022777 1068.080934 1.489481 0.010985 0.011986 0.969805 0.243339
1630597706.882202 -848.446751 1067.624077 1.529781 0.011582 0.011381 0.969635 0.244017
1630597706.986084 -849.873752 1067.173719 1.570081 0.012200 0.012539 0.969446 0.244679
1630597707.089722 -851.297354 1066.729642 1.612447 0.012755 0.013757 0.969244 0.245386
1630597707.193360 -852.722390 1066.286020 1.657675 0.013720 0.014252 0.969074 0.245975
1630597707.297241 -854.151908 1065.839678 1.706032 0.013546 0.013365 0.968959 0.246489
1630597707.401001 -855.579029 1065.394235 1.753961 0.013797 0.013181 0.968778 0.247195
1630597707.504639 -857.003820 1064.950449 1.800853 0.014264 0.011956 0.968587 0.247976
1630597707.608399 -858.430568 1064.512049 1.846952 0.014736 0.012069 0.968413 0.248623
1630597707.712280 -859.860534 1064.080577 1.893497 0.014086 0.013612 0.968237 0.249267
1630597707.815918 -861.288282 1063.653007 1.941027 0.013516 0.015097 0.968054 0.249922
1630597707.919678 -862.718546 1063.226854 1.989593 0.012600 0.016258 0.967875 0.250588
1630597708.023438 -864.146816 1062.801493 2.038417 0.012709 0.016828 0.967651 0.251410
1630597708.127197 -865.574375 1062.377967 2.087857 0.013391 0.017791 0.967417 0.252206
1630597708.230713 -867.003601 1061.959339 2.138173 0.010915 0.020181 0.967199 0.252981
1630597708.334473 -868.435784 1061.534765 2.188833 0.010847 0.017677 0.967049 0.253745
1630597708.438110 -869.862911 1061.112053 2.235799 0.011721 0.015535 0.966889 0.254455
1630597708.541748 -871.288981 1060.690463 2.281602 0.013331 0.013950 0.966664 0.255320
1630597708.645508 -872.719000 1060.271425 2.327362 0.013592 0.013004 0.966487 0.256026
1630597708.749024 -874.148153 1059.857931 2.372403 0.012926 0.012746 0.966350 0.256591
1630597708.852783 -875.581621 1059.447255 2.415452 0.012281 0.012794 0.966203 0.257170
1630597708.956421 -877.017591 1059.040774 2.455890 0.010298 0.012888 0.966093 0.257668
1630597709.060059 -878.453690 1058.636335 2.493876 0.008249 0.013275 0.966052 0.257875
1630597709.163818 -879.886131 1058.234374 2.528234 0.008240 0.016083 0.965986 0.257963
1630597709.267578 -881.317107 1057.828959 2.564804 0.009656 0.016041 0.965935 0.258105
1630597709.371216 -882.748494 1057.422780 2.605721 0.010266 0.015792 0.965925 0.258137
1630597709.474976 -884.180278 1057.016520 2.648619 0.010728 0.016283 0.965885 0.258237
1630597709.578613 -885.608328 1056.611967 2.692909 0.011960 0.017319 0.965829 0.258325
1630597709.682373 -887.039032 1056.208264 2.740956 0.012578 0.018383 0.965818 0.258262
1630597709.786133 -888.471605 1055.804048 2.792268 0.012253 0.018854 0.965873 0.258038
1630597709.889893 -889.904554 1055.397615 2.843758 0.011732 0.018471 0.965970 0.257728
1630597709.993652 -891.338001 1054.989907 2.892700 0.010519 0.018239 0.966068 0.257428
1630597710.097412 -892.771666 1054.581777 2.937641 0.009123 0.018127 0.966153 0.257170
1630597710.201172 -894.205011 1054.174165 2.978357 0.007718 0.018164 0.966236 0.256900
1630597710.304810 -895.634935 1053.766762 3.016964 0.007349 0.018979 0.966295 0.256630
1630597710.408447 -897.061286 1053.358621 3.055451 0.007450 0.019481 0.966337 0.256434
1630597710.512207 -898.486822 1052.950749 3.097128 0.009180 0.021163 0.966316 0.256323
1630597710.615967 -899.917641 1052.544951 3.141818 0.006683 0.024620 0.966275 0.256247
1630597710.719605 -901.348960 1052.126813 3.188320 0.007167 0.019607 0.966410 0.256157
1630597710.823364 -902.788180 1051.708791 3.226970 0.003251 0.015918 0.966471 0.256261
1630597710.927002 -904.220693 1051.290165 3.255229 0.002570 0.011812 0.966469 0.256499
1630597711.030762 -905.644879 1050.879113 3.273037 0.004332 0.013143 0.966362 0.256813
1630597711.134277 -907.063904 1050.473037 3.292963 0.006774 0.015657 0.966264 0.256989
1630597711.238037 -908.492674 1050.066239 3.322799 0.007406 0.016729 0.966213 0.257094
1630597711.341797 -909.926035 1049.655646 3.359235 0.006819 0.015590 0.966180 0.257307
1630597711.445313 -911.355261 1049.243812 3.394847 0.006636 0.014097 0.966128 0.257592
1630597711.549072 -912.784506 1048.832083 3.427072 0.007719 0.013642 0.966054 0.257863
1630597711.652832 -914.213871 1048.422561 3.458512 0.008875 0.013489 0.965991 0.258071
1630597711.756470 -915.646318 1048.017762 3.491383 0.008252 0.013892 0.965939 0.258265
1630597711.860230 -917.084886 1047.616083 3.523727 0.005192 0.014919 0.965865 0.258563
1630597711.963867 -918.516943 1047.214735 3.553634 0.004369 0.015097 0.965810 0.258775
1630597712.067627 -919.943438 1046.813665 3.581511 0.005954 0.016299 0.965722 0.258997
1630597712.171387 -921.369450 1046.411459 3.613267 0.006643 0.016579 0.965618 0.259351
1630597712.274902 -922.792401 1046.008123 3.649190 0.007022 0.015324 0.965548 0.259677
1630597712.378662 -924.217964 1045.604817 3.684853 0.006540 0.014027 0.965520 0.259869
1630597712.482422 -925.641252 1045.204774 3.717424 0.005600 0.013172 0.965491 0.260041
1630597712.586060 -927.057881 1044.809772 3.745793 0.005307 0.013714 0.965432 0.260239
1630597712.689819 -928.474232 1044.416088 3.771818 0.004160 0.013729 0.965393 0.260403
1630597712.793457 -929.886204 1044.023062 3.798078 0.003452 0.012893 0.965346 0.260632
1630597712.897217 -931.292557 1043.631466 3.821975 0.003203 0.012843 0.965258 0.260963
1630597713.000977 -932.692453 1043.242337 3.845412 0.003990 0.013546 0.965165 0.261260
1630597713.104614 -934.086133 1042.858075 3.870885 0.004557 0.014486 0.965081 0.261511
1630597713.208374 -935.478947 1042.476621 3.898579 0.004206 0.015650 0.965000 0.261750
1630597713.312134 -936.868252 1042.093616 3.928703 0.004131 0.015277 0.964951 0.261954
1630597713.415772 -938.248756 1041.712409 3.958626 0.004526 0.014755 0.964869 0.262279
1630597713.519531 -939.624868 1041.332412 3.988497 0.005404 0.014568 0.964741 0.262741
1630597713.623291 -940.996465 1040.955182 4.019494 0.005737 0.013888 0.964661 0.263064
1630597713.727051 -942.362619 1040.583946 4.050638 0.006033 0.014864 0.964572 0.263332
1630597713.830689 -943.721712 1040.216785 4.082640 0.005919 0.015691 0.964483 0.263610
1630597713.934448 -945.079439 1039.850123 4.115324 0.005717 0.014873 0.964427 0.263868
1630597714.038086 -946.431809 1039.486730 4.148076 0.004412 0.014951 0.964319 0.264284
1630597714.141724 -947.774358 1039.125637 4.178094 0.004687 0.015567 0.964174 0.264772
1630597714.245361 -949.110248 1038.767846 4.207635 0.005094 0.016826 0.964003 0.265308
1630597714.349121 -950.444411 1038.411083 4.239278 0.005309 0.016814 0.963811 0.266003
1630597714.452759 -951.773056 1038.057957 4.271638 0.005303 0.016255 0.963543 0.267006
1630597714.556519 -953.097608 1037.708086 4.303177 0.005582 0.015551 0.963155 0.268439
1630597714.660278 -954.417563 1037.363486 4.334022 0.005926 0.014999 0.962701 0.270087
1630597714.763916 -955.732618 1037.025933 4.364423 0.005730 0.014379 0.962245 0.271743
1630597714.867676 -957.044393 1036.694897 4.394147 0.005659 0.014175 0.961771 0.273429
1630597714.971436 -958.351250 1036.371396 4.422762 0.005739 0.014408 0.961265 0.275189
1630597715.075195 -959.654562 1036.054710 4.451131 0.005523 0.014992 0.960710 0.277093
1630597715.178955 -960.953770 1035.743157 4.479590 0.004989 0.013933 0.960109 0.279234
1630597715.282593 -962.247886 1035.439013 4.506814 0.004760 0.013694 0.959471 0.281433
1630597715.386353 -963.539081 1035.139586 4.533303 0.004421 0.011890 0.958849 0.283632
1630597715.489990 -964.824986 1034.850240 4.556288 0.004369 0.012414 0.958223 0.285719
1630597715.593628 -966.107399 1034.565354 4.577978 0.003466 0.010945 0.957634 0.287761
1630597715.697510 -967.386955 1034.288246 4.598204 0.003598 0.011171 0.956977 0.289927
1630597715.801026 -968.657093 1034.020912 4.616630 0.003660 0.011836 0.956196 0.292463
1630597715.904785 -969.930765 1033.764434 4.634730 0.002183 0.013085 0.955220 0.295598
1630597716.008423 -971.199040 1033.513247 4.653687 0.001779 0.011737 0.954191 0.298964
1630597716.112061 -972.460397 1033.275995 4.670149 0.001833 0.012556 0.953049 0.302550
1630597716.215820 -973.717084 1033.050729 4.687313 0.002614 0.013889 0.951768 0.306492
1630597716.319580 -974.969188 1032.840717 4.707691 0.003370 0.017028 0.950352 0.310693
1630597716.423096 -976.215395 1032.633051 4.731447 0.003922 0.015232 0.949163 0.314392
1630597716.526856 -977.466317 1032.424607 4.755948 0.004554 0.008173 0.948081 0.317892
1630597716.630615 -978.714212 1032.236992 4.776534 -0.000183 0.007211 0.946789 0.321773
1630597716.734253 -979.943518 1032.056636 4.788307 0.001243 0.005291 0.945312 0.326122
1630597716.838013 -981.162217 1031.894540 4.795931 0.003900 0.007528 0.944000 0.329837
1630597716.941651 -982.377196 1031.748402 4.807962 0.005469 0.009339 0.942998 0.332622
1630597717.045410 -983.594356 1031.612247 4.826885 0.004121 0.010550 0.942084 0.335184
1630597717.148926 -984.804699 1031.479758 4.847217 0.002639 0.010665 0.941225 0.337601
1630597717.252686 -986.009256 1031.348157 4.864611 0.002446 0.009659 0.940375 0.339993
1630597717.356445 -987.206511 1031.223072 4.877973 0.003064 0.009539 0.939565 0.342224
1630597717.460083 -988.399084 1031.108665 4.890351 0.002306 0.010257 0.938794 0.344319
1630597717.563721 -989.587859 1031.005288 4.902847 0.000627 0.012295 0.938128 0.346070
1630597717.667481 -990.769660 1030.908496 4.915134 -0.000519 0.015430 0.937652 0.347233
1630597717.771240 -991.937753 1030.804720 4.929469 0.002209 0.015411 0.937427 0.347833
1630597717.874756 -993.095626 1030.699896 4.945997 0.005066 0.015393 0.937175 0.348483
1630597717.978516 -994.255473 1030.592388 4.969129 0.005343 0.012851 0.936856 0.349437
1630597718.082276 -995.413227 1030.485800 4.993112 0.003512 0.009615 0.936529 0.350439
1630597718.185913 -996.561568 1030.386487 5.010856 0.001184 0.007596 0.936382 0.350899
1630597718.289673 -997.698869 1030.295559 5.020610 -0.000140 0.007844 0.936312 0.351082
1630597718.393433 -998.824031 1030.207250 5.024913 0.000070 0.008849 0.936217 0.351310
1630597718.497193 -999.941707 1030.119262 5.029630 -0.000126 0.010020 0.936171 0.351401
1630597718.600952 -1001.053051 1030.030399 5.036529 -0.000900 0.009887 0.936124 0.351530
1630597718.704712 -1002.156074 1029.942907 5.043409 -0.001976 0.009962 0.936092 0.351608
1630597718.808472 -1003.248436 1029.856385 5.048744 -0.002608 0.010174 0.936059 0.351688
1630597718.912110 -1004.328569 1029.771878 5.052389 -0.002922 0.011067 0.936096 0.351558
1630597719.015869 -1005.399887 1029.686941 5.055517 -0.003286 0.011286 0.936215 0.351232
1630597719.119629 -1006.460013 1029.599498 5.058976 -0.003681 0.011177 0.936411 0.350709
1630597719.223267 -1007.505775 1029.509282 5.062567 -0.003086 0.009612 0.936600 0.350255
1630597719.326904 -1008.538155 1029.420416 5.065285 -0.003158 0.009861 0.936811 0.349682
1630597719.430664 -1009.556870 1029.329460 5.069722 -0.002189 0.009043 0.936985 0.349245
1630597719.534424 -1010.560820 1029.241878 5.074408 -0.001510 0.009708 0.937190 0.348680
1630597719.637940 -1011.548108 1029.153148 5.080423 -0.000677 0.009322 0.937412 0.348096
1630597719.741699 -1012.527353 1029.063482 5.086719 -0.001680 0.008855 0.937689 0.347358
1630597719.845215 -1013.484361 1028.973743 5.095189 -0.001853 0.008316 0.937957 0.346648
1630597719.949097 -1014.421953 1028.888500 5.103590 0.000035 0.008909 0.938191 0.346004
1630597720.052735 -1015.334344 1028.804052 5.109861 0.002860 0.010843 0.938435 0.345273
1630597720.156494 -1016.234679 1028.717035 5.124739 0.004684 0.012085 0.938704 0.344480
1630597720.260254 -1017.124259 1028.632228 5.142589 0.003233 0.013076 0.938990 0.343682
1630597720.364014 -1018.000660 1028.544877 5.160815 0.001893 0.012221 0.939203 0.343140
1630597720.467774 -1018.861945 1028.457210 5.176396 0.000565 0.011165 0.939388 0.342673
1630597720.571411 -1019.703624 1028.371619 5.186565 0.000386 0.010934 0.939553 0.342229
1630597720.675171 -1020.530080 1028.288359 5.194241 0.000675 0.011396 0.939708 0.341786
1630597720.778809 -1021.340134 1028.207157 5.202225 0.000820 0.012181 0.939870 0.341313
1630597720.882568 -1022.136892 1028.126390 5.211646 0.000379 0.012417 0.940004 0.340937
1630597720.986328 -1022.919052 1028.046479 5.220965 -0.000825 0.012505 0.940150 0.340531
1630597721.090088 -1023.683671 1027.966361 5.229660 -0.002015 0.012109 0.940288 0.340158
1630597721.193726 -1024.429189 1027.886892 5.237236 -0.002795 0.011639 0.940442 0.339745
1630597721.297363 -1025.156041 1027.809129 5.242408 -0.003152 0.011601 0.940606 0.339287
1630597721.401123 -1025.865286 1027.732322 5.245918 -0.003294 0.011464 0.940747 0.338900
1630597721.504639 -1026.555828 1027.656608 5.249400 -0.003482 0.011264 0.940857 0.338598
1630597721.608399 -1027.230832 1027.582422 5.252776 -0.003646 0.011338 0.940986 0.338235
1630597721.712158 -1027.887974 1027.509289 5.255821 -0.003944 0.010966 0.941097 0.337937
1630597721.815674 -1028.526427 1027.436579 5.258328 -0.003855 0.010219 0.941154 0.337801
1630597721.919556 -1029.150264 1027.365915 5.260391 -0.004105 0.009826 0.941235 0.337583
1630597722.023193 -1029.754017 1027.297988 5.262315 -0.004287 0.009549 0.941348 0.337276
1630597722.126953 -1030.340079 1027.232120 5.263979 -0.004607 0.009412 0.941405 0.337115
1630597722.230713 -1030.906425 1027.167950 5.265468 -0.004806 0.009031 0.941470 0.336942
1630597722.334473 -1031.451135 1027.107384 5.266400 -0.004945 0.009426 0.941546 0.336717
1630597722.438110 -1031.972942 1027.048862 5.267739 -0.005179 0.009359 0.941613 0.336526
1630597722.541870 -1032.472514 1026.991742 5.268887 -0.005351 0.009300 0.941588 0.336597
1630597722.645508 -1032.948627 1026.937026 5.269576 -0.005045 0.009281 0.941633 0.336475
1630597722.749268 -1033.403538 1026.886326 5.269975 -0.005159 0.009715 0.941719 0.336220
1630597722.853027 -1033.836428 1026.838342 5.270554 -0.005101 0.009981 0.941801 0.335985
1630597722.956543 -1034.246523 1026.792649 5.271611 -0.005402 0.010442 0.941781 0.336021
1630597723.060303 -1034.636076 1026.747499 5.272509 -0.005105 0.010241 0.941800 0.335978
1630597723.163941 -1035.005409 1026.704854 5.273374 -0.005162 0.010332 0.941855 0.335822
1630597723.267700 -1035.354515 1026.664439 5.274380 -0.005137 0.010153 0.941935 0.335603
1630597723.371338 -1035.681667 1026.627015 5.274852 -0.005152 0.010440 0.941956 0.335535
1630597723.474976 -1035.988135 1026.591149 5.275195 -0.005147 0.010118 0.942016 0.335376
1630597723.578613 -1036.273412 1026.557228 5.275744 -0.005485 0.009890 0.942025 0.335351
1630597723.682373 -1036.537583 1026.525268 5.276327 -0.005302 0.009536 0.942034 0.335340
1630597723.786133 -1036.782342 1026.497136 5.276605 -0.005500 0.009534 0.942102 0.335147
1630597723.889771 -1037.007267 1026.471681 5.276926 -0.005715 0.009610 0.942146 0.335015
1630597723.993408 -1037.210962 1026.447523 5.277450 -0.005731 0.009461 0.942147 0.335017
1630597724.097290 -1037.393907 1026.425467 5.277441 -0.005698 0.009261 0.942187 0.334912
1630597724.200928 -1037.555617 1026.408486 5.276843 -0.006263 0.009680 0.942244 0.334727
1630597724.304688 -1037.696054 1026.393776 5.276102 -0.006267 0.009999 0.942207 0.334822
1630597724.408447 -1037.816757 1026.379943 5.276046 -0.005994 0.010376 0.942188 0.334869
1630597724.512207 -1037.919373 1026.366304 5.276611 -0.005876 0.009867 0.942272 0.334652
1630597724.615967 -1038.003958 1026.354400 5.276830 -0.005656 0.009398 0.942280 0.334645
1630597724.719727 -1038.070904 1026.345901 5.276686 -0.005525 0.009289 0.942240 0.334764
1630597724.823364 -1038.120909 1026.340913 5.276455 -0.005630 0.009433 0.942255 0.334715
1630597724.927124 -1038.154391 1026.337576 5.276287 -0.005567 0.009562 0.942280 0.334644
1630597725.030762 -1038.172820 1026.335161 5.276124 -0.005372 0.009654 0.942264 0.334688
1630597725.134522 -1038.179127 1026.334037 5.275806 -0.004979 0.009691 0.942265 0.334692
1630597725.238281 -1038.176758 1026.334465 5.275644 -0.004509 0.009911 0.942285 0.334636
1630597725.341797 -1038.171888 1026.335260 5.276732 -0.004008 0.010229 0.942278 0.334651
1630597725.445557 -1038.170145 1026.335584 5.277661 -0.003184 0.010605 0.942279 0.334646
1630597725.549072 -1038.173813 1026.335370 5.277051 -0.002521 0.011031 0.942277 0.334642
1630597725.652832 -1038.183979 1026.334054 5.276046 -0.002280 0.011043 0.942272 0.334657
1630597725.756470 -1038.200336 1026.331943 5.275652 -0.002369 0.010964 0.942266 0.334678
1630597725.860230 -1038.222043 1026.329153 5.276043 -0.002502 0.010790 0.942287 0.334622
1630597725.963867 -1038.248495 1026.325852 5.276494 -0.002542 0.010702 0.942293 0.334610
1630597726.067627 -1038.280208 1026.321995 5.276369 -0.002491 0.010700 0.942274 0.334662
1630597726.171387 -1038.318667 1026.317592 5.275428 -0.002154 0.010908 0.942259 0.334700
1630597726.275025 -1038.367763 1026.311856 5.273149 -0.001015 0.011485 0.942247 0.334720
1630597726.378906 -1038.434427 1026.303666 5.270301 0.000749 0.012282 0.942241 0.334709
1630597726.482544 -1038.525128 1026.292430 5.268326 0.002195 0.012854 0.942234 0.334702
1630597726.586304 -1038.643561 1026.277997 5.268001 0.002669 0.012890 0.942250 0.334650
1630597726.689942 -1038.788912 1026.260603 5.268818 0.002340 0.012680 0.942281 0.334575
1630597726.793701 -1038.959649 1026.239955 5.269544 0.002270 0.012468 0.942315 0.334486
1630597726.897461 -1039.154640 1026.216122 5.269656 0.002374 0.012339 0.942349 0.334395
1630597727.001221 -1039.374003 1026.188792 5.269471 0.002600 0.012015 0.942402 0.334256
1630597727.104981 -1039.617997 1026.158585 5.269515 0.002613 0.011728 0.942490 0.334019
1630597727.208496 -1039.885196 1026.126535 5.269675 0.002510 0.011634 0.942569 0.333801
1630597727.312256 -1040.176396 1026.093795 5.268895 0.002343 0.012210 0.942614 0.333654
1630597727.416016 -1040.490855 1026.057034 5.268223 0.002280 0.012316 0.942643 0.333568
1630597727.519531 -1040.826938 1026.015352 5.267765 0.002544 0.012168 0.942633 0.333599
1630597727.623413 -1041.186474 1025.970465 5.266908 0.003182 0.012051 0.942697 0.333416
1630597727.727051 -1041.568518 1025.923822 5.266843 0.003789 0.012176 0.942743 0.333276
1630597727.830811 -1041.976304 1025.874726 5.266997 0.003593 0.012389 0.942771 0.333191
1630597727.934326 -1042.408263 1025.818863 5.266502 0.003328 0.010866 0.942848 0.333030
1630597728.038086 -1042.864695 1025.762783 5.265236 0.002809 0.010763 0.942911 0.332858
1630597728.141724 -1043.342443 1025.708046 5.264330 0.003183 0.011942 0.942879 0.332907
1630597728.245484 -1043.846081 1025.651092 5.265115 0.003001 0.013099 0.942907 0.332785
1630597728.349121 -1044.374360 1025.586125 5.266985 0.002856 0.012495 0.942995 0.332561
1630597728.452881 -1044.927404 1025.515962 5.265749 0.002120 0.012778 0.942933 0.332731
1630597728.556641 -1045.502414 1025.441636 5.262683 0.003477 0.011514 0.942899 0.332861
1630597728.660278 -1046.101897 1025.369236 5.262109 0.003741 0.010874 0.943140 0.332197
1630597728.764038 -1046.726664 1025.294671 5.263011 0.002626 0.011235 0.943164 0.332128
1630597728.867676 -1047.372706 1025.214110 5.262516 0.002452 0.010644 0.943006 0.332598
1630597728.971436 -1048.040371 1025.133859 5.261522 0.001658 0.010781 0.943072 0.332410
1630597729.075195 -1048.724796 1025.051843 5.261754 0.000379 0.010491 0.943152 0.332195
1630597729.178955 -1049.422478 1024.968118 5.260486 -0.000433 0.011020 0.943075 0.332398
1630597729.282715 -1050.134539 1024.882332 5.257170 -0.000238 0.011421 0.943019 0.332542
1630597729.386231 -1050.862829 1024.795033 5.253654 -0.000412 0.011908 0.943085 0.332339
1630597729.489990 -1051.612030 1024.702157 5.250708 -0.001398 0.010811 0.943124 0.332263
1630597729.593750 -1052.379223 1024.607627 5.247024 -0.003203 0.009756 0.943186 0.332106
1630597729.697510 -1053.160850 1024.514749 5.241598 -0.004146 0.010408 0.943213 0.331999
1630597729.801148 -1053.956785 1024.414799 5.233693 -0.003296 0.009768 0.943170 0.332151
1630597729.904785 -1054.768678 1024.312343 5.223980 -0.001117 0.009851 0.943054 0.332493
1630597730.008545 -1055.599738 1024.215428 5.216974 -0.000220 0.013211 0.942934 0.332717
1630597730.112305 -1056.454634 1024.101145 5.210904 0.002435 0.007924 0.943111 0.332375
1630597730.216065 -1057.330149 1023.991476 5.206732 0.002233 0.008253 0.942944 0.332842
1630597730.319580 -1058.222832 1023.888595 5.209120 0.000425 0.009105 0.943128 0.332305
1630597730.423340 -1059.129659 1023.779308 5.206094 -0.000180 0.010745 0.942892 0.332926
1630597730.527100 -1060.048826 1023.662726 5.203670 0.000440 0.007893 0.942865 0.333081
1630597730.630737 -1060.978397 1023.551780 5.203652 -0.000440 0.008409 0.942814 0.333213
1630597730.734375 -1061.917289 1023.442942 5.199891 -0.000308 0.009717 0.942752 0.333352
1630597730.838135 -1062.869967 1023.331166 5.197300 -0.001612 0.008997 0.942578 0.333861
1630597730.941895 -1063.834206 1023.217805 5.194534 -0.003290 0.008340 0.942479 0.334144
1630597731.045654 -1064.806151 1023.102290 5.188469 -0.003725 0.007817 0.942351 0.334515
1630597731.149292 -1065.783828 1022.985930 5.179608 -0.003266 0.007540 0.942235 0.334853
1630597731.253174 -1066.772193 1022.869420 5.170331 -0.002253 0.007418 0.942112 0.335210
1630597731.356812 -1067.768457 1022.754094 5.162358 -0.001388 0.008079 0.941999 0.335514
1630597731.460571 -1068.776886 1022.638681 5.156519 -0.000150 0.008722 0.941874 0.335853
1630597731.564209 -1069.795471 1022.522750 5.153213 0.000839 0.009134 0.941779 0.336109
1630597731.667969 -1070.827144 1022.406924 5.151771 0.001613 0.009905 0.941649 0.336446
1630597731.771729 -1071.872090 1022.291037 5.151921 0.001579 0.010477 0.941535 0.336747
1630597731.875244 -1072.929005 1022.174145 5.152614 0.000965 0.010681 0.941412 0.337089
1630597731.979004 -1074.002183 1022.055796 5.152865 0.000079 0.010276 0.941324 0.337348
1630597732.082642 -1075.086659 1021.936807 5.150799 -0.000842 0.010269 0.941253 0.337544
1630597732.186401 -1076.184432 1021.816013 5.146404 -0.001591 0.009937 0.941205 0.337687
1630597732.290039 -1077.292310 1021.693269 5.140856 -0.001928 0.009308 0.941175 0.337787
1630597732.393677 -1078.410175 1021.569051 5.134573 -0.002279 0.009264 0.941163 0.337819
1630597732.497315 -1079.536322 1021.442186 5.128451 -0.001856 0.008442 0.941149 0.337881
1630597732.601074 -1080.673371 1021.309905 5.121913 -0.001934 0.005913 0.941214 0.337753
1630597732.704834 -1081.818876 1021.186026 5.115076 -0.003538 0.007716 0.941108 0.338001
1630597732.808594 -1082.967366 1021.062862 5.107375 -0.003623 0.007884 0.941058 0.338135
1630597732.912232 -1084.120020 1020.939147 5.098322 -0.002639 0.009949 0.941038 0.338143
1630597733.015869 -1085.284619 1020.815662 5.092662 -0.003993 0.010347 0.941225 0.337599
1630597733.119629 -1086.458992 1020.686569 5.086995 -0.005548 0.009501 0.941296 0.337402
1630597733.223389 -1087.637081 1020.552559 5.077603 -0.006771 0.008372 0.941338 0.337294
1630597733.327149 -1088.816959 1020.416175 5.064152 -0.006493 0.007375 0.941432 0.337060
1630597733.430908 -1090.000888 1020.281226 5.048757 -0.006633 0.007051 0.941510 0.336845
1630597733.534546 -1091.188066 1020.145945 5.033759 -0.006887 0.006408 0.941614 0.336562
1630597733.638184 -1092.375649 1020.012736 5.020036 -0.006133 0.008059 0.941638 0.336476
1630597733.741943 -1093.565193 1019.877500 5.007655 -0.002630 0.009308 0.941740 0.336204
1630597733.845703 -1094.763653 1019.739439 5.001392 -0.000733 0.010219 0.941851 0.335873
1630597733.949463 -1095.972972 1019.597587 5.001947 -0.000437 0.009564 0.942051 0.335332
1630597734.052979 -1097.186882 1019.455220 5.003566 -0.001071 0.009373 0.942230 0.334834
1630597734.156738 -1098.409372 1019.309485 5.002843 -0.001282 0.008569 0.942503 0.334084
1630597734.260498 -1099.637201 1019.165070 4.999953 -0.002404 0.009640 0.942859 0.333043
1630597734.364014 -1100.865944 1019.018890 4.995982 -0.003189 0.010739 0.943322 0.331689
1630597734.467774 -1102.101453 1018.865917 4.991805 -0.004099 0.011077 0.943918 0.329970
1630597734.571289 -1103.337741 1018.706092 4.987083 -0.005167 0.010706 0.944606 0.327992
1630597734.675171 -1104.579997 1018.538898 4.980298 -0.005823 0.010207 0.945324 0.325922
1630597734.778809 -1105.820056 1018.367182 4.971136 -0.006258 0.010599 0.946050 0.323787
1630597734.882568 -1107.063236 1018.189075 4.961227 -0.006501 0.010641 0.946831 0.321489
1630597734.986084 -1108.305415 1018.004865 4.951541 -0.006789 0.010642 0.947687 0.318951
1630597735.089844 -1109.552849 1017.813567 4.941043 -0.007330 0.010557 0.948538 0.316401
1630597735.193604 -1110.801979 1017.617181 4.929894 -0.008580 0.011389 0.949303 0.314039
1630597735.297241 -1112.048177 1017.408058 4.917637 -0.008153 0.010019 0.950225 0.311297
1630597735.401001 -1113.295637 1017.195084 4.905283 -0.008379 0.010842 0.951135 0.308470
1630597735.504883 -1114.544155 1016.973493 4.894313 -0.007315 0.010949 0.952036 0.305704
1630597735.608521 -1115.790736 1016.743915 4.885419 -0.007273 0.011242 0.952867 0.303091
1630597735.712402 -1117.041965 1016.507130 4.877241 -0.007216 0.011004 0.953698 0.300477
1630597735.816162 -1118.293970 1016.263415 4.867716 -0.008206 0.010460 0.954489 0.297950
1630597735.919922 -1119.547839 1016.013284 4.855812 -0.009710 0.009792 0.955241 0.295507
1630597736.023682 -1120.801662 1015.755686 4.839550 -0.010304 0.008084 0.956002 0.293068
1630597736.127442 -1122.054639 1015.496229 4.819765 -0.012601 0.009210 0.956638 0.290861
1630597736.231079 -1123.303791 1015.228583 4.797450 -0.012566 0.008945 0.957388 0.288392
1630597736.334839 -1124.554974 1014.952403 4.775692 -0.012549 0.009037 0.958163 0.285804
1630597736.438477 -1125.805123 1014.666942 4.753723 -0.013305 0.008521 0.958897 0.283315
1630597736.542114 -1127.053439 1014.371922 4.730534 -0.012409 0.007401 0.959605 0.280979
1630597736.645752 -1128.301224 1014.071358 4.706037 -0.011518 0.006504 0.960323 0.278575
1630597736.749390 -1129.550651 1013.767698 4.682180 -0.011198 0.006717 0.961049 0.276069
1630597736.853027 -1130.802126 1013.460361 4.659247 -0.011699 0.007568 0.961766 0.273517
1630597736.956787 -1132.055765 1013.146070 4.637073 -0.012217 0.008302 0.962480 0.270952
1630597737.060547 -1133.309278 1012.824107 4.614762 -0.012558 0.009093 0.963194 0.268360
1630597737.164185 -1134.560991 1012.494072 4.592741 -0.012424 0.009185 0.963871 0.265921
1630597737.267822 -1135.812686 1012.157036 4.571191 -0.012578 0.010331 0.964494 0.263604
1630597737.371460 -1137.064169 1011.810699 4.550750 -0.011710 0.009802 0.965199 0.261072
1630597737.475220 -1138.320247 1011.459126 4.530499 -0.012381 0.010293 0.965852 0.258595
1630597737.578858 -1139.578219 1011.102044 4.510092 -0.014226 0.010077 0.966384 0.256511
1630597737.682617 -1140.836056 1010.734668 4.487251 -0.015009 0.008682 0.966931 0.254447
1630597737.786499 -1142.090070 1010.358914 4.462125 -0.012948 0.008061 0.967459 0.252569
1630597737.890137 -1143.338509 1009.976993 4.437592 -0.011366 0.005850 0.967924 0.250918
1630597737.993897 -1144.590352 1009.588920 4.415546 -0.009749 0.004427 0.968321 0.249479
1630597738.097656 -1145.848466 1009.200622 4.394504 -0.011030 0.003607 0.968716 0.247901
1630597738.201416 -1147.106286 1008.809509 4.372085 -0.011508 0.002036 0.969117 0.246323
1630597738.305176 -1148.361510 1008.416909 4.344344 -0.011449 0.001973 0.969503 0.244805
1630597738.408936 -1149.618408 1008.020315 4.314743 -0.011910 0.001950 0.969854 0.243388
1630597738.512695 -1150.880393 1007.620444 4.282586 -0.014416 0.001381 0.970084 0.242338
1630597738.616333 -1152.145641 1007.223825 4.245922 -0.020211 0.004622 0.970045 0.242040
1630597738.720093 -1153.401998 1006.816774 4.205461 -0.018841 0.000452 0.970122 0.241883
1630597738.823731 -1154.652750 1006.421780 4.161073 -0.017594 0.005426 0.969983 0.242473
1630597738.927490 -1155.898375 1006.014937 4.126925 -0.013505 0.002080 0.969850 0.243320
1630597739.031006 -1157.144982 1005.614621 4.098314 -0.010014 0.002871 0.969684 0.244140
1630597739.134766 -1158.407181 1005.212388 4.075948 -0.012480 -0.000317 0.969475 0.244874
1630597739.238526 -1159.670883 1004.813600 4.051851 -0.014557 -0.002160 0.969270 0.245560
1630597739.342041 -1160.921471 1004.421998 4.018340 -0.014529 -0.002428 0.969073 0.246333
1630597739.445801 -1162.168927 1004.035388 3.979572 -0.012367 -0.000543 0.968943 0.246976
1630597739.549317 -1163.414472 1003.652026 3.945140 -0.011001 0.000089 0.968806 0.247575
1630597739.653076 -1164.665432 1003.270884 3.916134 -0.011286 0.001813 0.968607 0.248333
1630597739.756592 -1165.911513 1002.885108 3.890873 -0.011481 -0.000779 0.968505 0.248727
1630597739.860352 -1167.158069 1002.502356 3.865953 -0.011403 -0.001087 0.968410 0.249100
1630597739.963989 -1168.398680 1002.122846 3.839332 -0.011349 -0.001041 0.968275 0.249626
1630597740.067749 -1169.636690 1001.746634 3.811552 -0.010359 -0.000613 0.968154 0.250140
1630597740.171509 -1170.872738 1001.375274 3.785087 -0.009789 0.000276 0.968022 0.250673
1630597740.275147 -1172.106876 1001.007081 3.760994 -0.010008 0.001381 0.967862 0.251279
1630597740.379028 -1173.343702 1000.638214 3.738433 -0.011193 0.000903 0.967684 0.251916
1630597740.482788 -1174.577402 1000.271820 3.714730 -0.012144 0.000467 0.967486 0.252632
1630597740.586426 -1175.804922 999.907712 3.688002 -0.012279 -0.000273 0.967250 0.253527
1630597740.690186 -1177.030837 999.547017 3.658204 -0.012135 -0.000341 0.966984 0.254547
1630597740.793945 -1178.255450 999.188855 3.628279 -0.012024 -0.001004 0.966725 0.255532
1630597740.897827 -1179.480205 998.834257 3.598113 -0.012256 -0.001551 0.966462 0.256513
1630597741.001465 -1180.701235 998.485318 3.567209 -0.013067 -0.001342 0.966157 0.257620
1630597741.105225 -1181.920758 998.137820 3.535892 -0.013125 -0.002083 0.965834 0.258822
1630597741.208985 -1183.136361 997.795244 3.503573 -0.012786 -0.001691 0.965468 0.260203
1630597741.312744 -1184.349448 997.456185 3.471569 -0.011668 -0.001651 0.965066 0.261741
1630597741.416382 -1185.563737 997.122428 3.440414 -0.012946 -0.002461 0.964563 0.263525
1630597741.520020 -1186.772286 996.794013 3.412090 -0.011261 -0.001927 0.964032 0.265541
1630597741.623779 -1187.975662 996.471955 3.383157 -0.009080 -0.001855 0.963408 0.267880
1630597741.727295 -1189.180588 996.156129 3.359996 -0.008172 -0.002010 0.962720 0.270369
1630597741.831055 -1190.393495 995.845289 3.339672 -0.010048 -0.003914 0.961969 0.272944
1630597741.934815 -1191.605176 995.542062 3.314365 -0.011116 -0.005716 0.961121 0.275845
1630597742.038330 -1192.810013 995.248975 3.282319 -0.011211 -0.006511 0.960099 0.279360
1630597742.142090 -1194.014935 994.966528 3.246996 -0.009781 -0.006406 0.958891 0.283535
1630597742.245728 -1195.220232 994.698320 3.213292 -0.008542 -0.005326 0.957557 0.288067
1630597742.349365 -1196.432121 994.442424 3.183184 -0.009039 -0.004726 0.956145 0.292715
1630597742.453247 -1197.654422 994.197364 3.154269 -0.010732 -0.005339 0.954633 0.297544
1630597742.556885 -1198.876280 993.963927 3.123270 -0.013013 -0.006313 0.953021 0.302559
1630597742.660645 -1200.096275 993.740878 3.086676 -0.012540 -0.007347 0.951331 0.307827
1630597742.764404 -1201.315411 993.531251 3.046816 -0.011325 -0.008031 0.949580 0.313218
1630597742.868042 -1202.535321 993.335379 3.008660 -0.009879 -0.008626 0.947770 0.318685
1630597742.971802 -1203.759965 993.155246 2.972948 -0.009075 -0.008622 0.945924 0.324147
1630597743.075440 -1204.986845 992.991494 2.939606 -0.008825 -0.008669 0.944066 0.329524
1630597743.179077 -1206.216657 992.843912 2.907203 -0.009204 -0.007602 0.942226 0.334765
1630597743.282837 -1207.450310 992.709971 2.874538 -0.009351 -0.006542 0.940418 0.339830
1630597743.386475 -1208.687281 992.591003 2.840618 -0.011552 -0.005870 0.938538 0.344933
1630597743.490112 -1209.928870 992.483925 2.804886 -0.013217 -0.005649 0.936640 0.349999
1630597743.593750 -1211.171631 992.389019 2.766560 -0.014655 -0.005897 0.934704 0.355075
1630597743.697388 -1212.412138 992.308067 2.724589 -0.013701 -0.004816 0.932815 0.360063
1630597743.801026 -1213.653012 992.240847 2.682947 -0.012513 -0.003188 0.930885 0.365084
1630597743.904785 -1214.898541 992.186056 2.645731 -0.011029 -0.001848 0.928928 0.370092
1630597744.008545 -1216.147964 992.142740 2.613356 -0.009886 -0.001387 0.926969 0.375005
1630597744.112305 -1217.402146 992.112185 2.584021 -0.009490 -0.001195 0.924996 0.379856
1630597744.215943 -1218.660202 992.096242 2.555473 -0.010482 -0.000668 0.923075 0.384476
1630597744.319702 -1219.923248 992.093049 2.525323 -0.011972 -0.000325 0.921326 0.388607
1630597744.423462 -1221.187042 992.100477 2.492030 -0.012908 0.000187 0.919759 0.392270
1630597744.527100 -1222.451290 992.112897 2.455997 -0.012582 -0.001297 0.918291 0.395704
1630597744.630860 -1223.718648 992.138766 2.419578 -0.013843 -0.000921 0.916611 0.399540
1630597744.734497 -1224.983197 992.171577 2.382926 -0.012221 -0.001229 0.914916 0.403457
1630597744.838135 -1226.249917 992.217412 2.347715 -0.011734 -0.000267 0.913187 0.407372
1630597744.942017 -1227.523002 992.277149 2.315418 -0.012245 0.000979 0.911446 0.411236
1630597745.045654 -1228.792665 992.347255 2.283652 -0.012011 0.001914 0.909679 0.415134
1630597745.149536 -1230.064482 992.424431 2.252535 -0.010120 0.001713 0.907870 0.419126
1630597745.253174 -1231.335721 992.509462 2.223892 -0.008483 0.000164 0.905938 0.423325
1630597745.356934 -1232.608636 992.608423 2.199520 -0.008069 0.000035 0.903814 0.427848
1630597745.460693 -1233.882127 992.721091 2.175530 -0.007800 -0.000526 0.901480 0.432751
1630597745.564331 -1235.157160 992.852258 2.152993 -0.009885 -0.000837 0.899234 0.437355
1630597745.668091 -1236.431174 992.997257 2.127125 -0.011530 -0.000933 0.897006 0.441866
1630597745.771851 -1237.698763 993.152132 2.096162 -0.011441 -0.000836 0.894744 0.446432
1630597745.875488 -1238.960496 993.316672 2.063799 -0.010385 -0.001079 0.892443 0.451040
1630597745.979248 -1240.221291 993.493178 2.033395 -0.009324 -0.001914 0.890150 0.455567
1630597746.082764 -1241.477197 993.684403 2.005310 -0.009153 -0.002086 0.887872 0.459995
1630597746.186524 -1242.733553 993.890480 1.978576 -0.009709 -0.002091 0.885623 0.464298
1630597746.290283 -1243.985140 994.109765 1.951367 -0.010142 -0.001347 0.883383 0.468540
1630597746.394043 -1245.230313 994.340056 1.923779 -0.009760 -0.000606 0.881167 0.472704
1630597746.497559 -1246.467605 994.580832 1.896565 -0.009163 0.000011 0.878953 0.476821
1630597746.601318 -1247.704547 994.833747 1.871505 -0.009122 0.000563 0.876727 0.480902
1630597746.704956 -1248.935702 995.096252 1.847846 -0.009193 0.000719 0.874474 0.484985
1630597746.808716 -1250.162959 995.367935 1.824426 -0.008645 0.000543 0.872239 0.489003
1630597746.912476 -1251.384442 995.649537 1.801824 -0.007803 0.000318 0.870032 0.492933
1630597747.016113 -1252.598876 995.940513 1.780525 -0.006808 0.000250 0.867787 0.496889
1630597747.119873 -1253.804882 996.243021 1.763120 -0.005540 0.000938 0.865451 0.500962
1630597747.223633 -1255.000869 996.555604 1.749538 -0.002375 0.001369 0.862923 0.505328
1630597747.327271 -1256.188679 996.879603 1.744855 -0.000722 0.002014 0.860255 0.509859
1630597747.431152 -1257.374530 997.218626 1.743861 -0.000498 0.002113 0.857488 0.514499
1630597747.534912 -1258.554447 997.572246 1.743002 -0.003191 0.003066 0.854589 0.519286
1630597747.638550 -1259.724306 997.935702 1.737707 -0.005806 0.003333 0.851733 0.523934
1630597747.742432 -1260.882200 998.310220 1.725384 -0.007111 0.004229 0.849035 0.528271
1630597747.846069 -1262.024191 998.689317 1.708805 -0.006534 0.004851 0.846592 0.532180
1630597747.949707 -1263.156890 999.071382 1.693326 -0.005862 0.003150 0.844250 0.535909
1630597748.053467 -1264.277404 999.462488 1.681042 -0.005348 0.002989 0.841834 0.539702
1630597748.156983 -1265.383381 999.855627 1.669891 -0.004585 0.001044 0.839421 0.543461
1630597748.260742 -1266.476692 1000.260287 1.661022 -0.005705 0.001531 0.837103 0.547014
1630597748.364258 -1267.550004 1000.668235 1.652596 -0.004849 0.001346 0.834762 0.550587
1630597748.467896 -1268.607090 1001.084464 1.643095 -0.005121 0.003413 0.832284 0.554315
1630597748.571533 -1269.650601 1001.503226 1.636983 -0.005152 0.003140 0.829923 0.557845
1630597748.675293 -1270.679198 1001.926770 1.628882 -0.005866 0.003088 0.827695 0.561139
1630597748.779053 -1271.691131 1002.354112 1.618726 -0.006348 0.003742 0.825524 0.564319
1630597748.882568 -1272.685840 1002.782577 1.607047 -0.007078 0.004327 0.823232 0.567645
1630597748.986328 -1273.668269 1003.212555 1.593993 -0.008160 0.003922 0.820920 0.570971
1630597749.090088 -1274.632108 1003.645572 1.580793 -0.008072 0.004001 0.818601 0.574292
1630597749.193848 -1275.575055 1004.085167 1.566201 -0.008164 0.006285 0.816063 0.577872
1630597749.297608 -1276.499277 1004.531338 1.551790 -0.007631 0.010183 0.813341 0.581648
1630597749.401489 -1277.406558 1004.979200 1.542154 -0.007845 0.013190 0.810715 0.585240
1630597749.505127 -1278.289261 1005.416343 1.536427 -0.003426 0.013337 0.808465 0.588383
1630597749.608887 -1279.154188 1005.849244 1.532974 0.001046 0.012641 0.806119 0.591618
1630597749.712647 -1280.009053 1006.283738 1.534801 0.002118 0.011811 0.803629 0.595009
1630597749.816406 -1280.859979 1006.713283 1.545077 -0.001866 0.006070 0.801115 0.598477
1630597749.920166 -1281.685187 1007.143828 1.553920 -0.005015 0.004161 0.798706 0.601687
1630597750.023926 -1282.471467 1007.574839 1.554797 -0.004518 0.005851 0.796262 0.604907
1630597750.127564 -1283.225962 1007.996774 1.547378 0.000155 0.007566 0.793772 0.608169
1630597750.231201 -1283.960812 1008.415603 1.544664 0.002568 0.008373 0.791608 0.610967
1630597750.334961 -1284.678666 1008.834829 1.551388 0.001593 0.009722 0.789713 0.613397
1630597750.438599 -1285.376438 1009.244265 1.561346 -0.000333 0.009640 0.787793 0.615864
1630597750.542236 -1286.049278 1009.641424 1.568755 -0.001364 0.009280 0.785709 0.618525
1630597750.645996 -1286.695290 1010.029803 1.571560 -0.001487 0.009266 0.783983 0.620711
1630597750.749512 -1287.315134 1010.407609 1.571380 -0.001793 0.009244 0.782313 0.622814
1630597750.853272 -1287.913625 1010.776194 1.571117 -0.003225 0.009297 0.780618 0.624931
1630597750.956787 -1288.486778 1011.134623 1.571630 -0.005405 0.009189 0.779298 0.626563
1630597751.060547 -1289.032361 1011.481888 1.572805 -0.006138 0.010326 0.778205 0.627895
1630597751.164063 -1289.546695 1011.809154 1.574057 -0.003943 0.011074 0.777057 0.629320
1630597751.267822 -1290.036291 1012.120062 1.573585 -0.000422 0.011467 0.775930 0.630714
1630597751.371582 -1290.503594 1012.418968 1.570730 0.002770 0.011453 0.774982 0.631873
1630597751.475098 -1290.948068 1012.709952 1.570164 0.003858 0.012588 0.774052 0.632985
1630597751.578980 -1291.372398 1012.991615 1.576352 0.002610 0.013674 0.773098 0.634134
1630597751.682739 -1291.773577 1013.257390 1.587116 0.000540 0.014179 0.772091 0.635353
1630597751.786499 -1292.149237 1013.505206 1.595266 -0.000432 0.013907 0.771302 0.636317
1630597751.890381 -1292.496063 1013.736908 1.598570 0.000193 0.014575 0.770656 0.637085
1630597751.994141 -1292.816689 1013.953252 1.598955 0.001377 0.015320 0.769779 0.638125
1630597752.097778 -1293.113998 1014.155412 1.599752 0.001856 0.016112 0.769013 0.639028
1630597752.201538 -1293.390137 1014.343003 1.603420 0.001609 0.016337 0.768546 0.639584
1630597752.305420 -1293.645240 1014.516395 1.608202 0.001274 0.016453 0.768125 0.640088
1630597752.409180 -1293.878596 1014.674043 1.610658 0.001318 0.016302 0.767541 0.640792
1630597752.512818 -1294.090381 1014.817750 1.611391 0.001695 0.016532 0.766961 0.641479
1630597752.616577 -1294.282502 1014.950146 1.612986 0.001849 0.016688 0.766623 0.641878
1630597752.720215 -1294.455328 1015.072335 1.615993 0.001293 0.017352 0.766370 0.642164
1630597752.823731 -1294.608916 1015.180603 1.618613 0.000944 0.017993 0.765905 0.642701
1630597752.927490 -1294.744965 1015.274896 1.620065 0.001072 0.018224 0.765517 0.643156
1630597753.031128 -1294.865413 1015.357355 1.620878 0.001412 0.018058 0.765402 0.643298
1630597753.134766 -1294.972726 1015.430237 1.621370 0.002015 0.017912 0.765192 0.643550
1630597753.238281 -1295.071698 1015.497334 1.621061 0.003471 0.017747 0.764836 0.643971
1630597753.342041 -1295.168244 1015.565030 1.621108 0.005071 0.018041 0.764681 0.644136
1630597753.445679 -1295.266075 1015.635137 1.622312 0.006002 0.018618 0.764487 0.644343
1630597753.549317 -1295.367487 1015.706752 1.623998 0.006081 0.018864 0.764135 0.644752
1630597753.653076 -1295.471705 1015.779241 1.625243 0.005730 0.018866 0.763865 0.645075
1630597753.756714 -1295.577189 1015.851531 1.626027 0.005563 0.018533 0.763731 0.645245
1630597753.860474 -1295.683510 1015.924542 1.626898 0.005542 0.018316 0.763523 0.645497
1630597753.964234 -1295.790359 1015.999381 1.627867 0.005578 0.018370 0.763240 0.645830
1630597754.067993 -1295.898123 1016.076543 1.628610 0.005628 0.018760 0.763049 0.646044
1630597754.171875 -1296.008983 1016.155943 1.628641 0.006073 0.019267 0.762865 0.646242
1630597754.275635 -1296.126717 1016.238552 1.627759 0.007270 0.019460 0.762599 0.646538
1630597754.379273 -1296.255821 1016.328534 1.626470 0.009056 0.019625 0.762356 0.646797
1630597754.482910 -1296.401188 1016.430377 1.625729 0.010728 0.019780 0.762108 0.647059
1630597754.586670 -1296.566787 1016.547317 1.626009 0.011594 0.020025 0.761797 0.647402
1630597754.690430 -1296.753743 1016.680336 1.627502 0.011594 0.020419 0.761509 0.647729
1630597754.794190 -1296.961319 1016.827732 1.630149 0.011087 0.020507 0.761191 0.648108
1630597754.897949 -1297.187007 1016.987276 1.633591 0.010489 0.020559 0.760788 0.648590
1630597755.001465 -1297.427426 1017.158021 1.637811 0.010178 0.020582 0.760473 0.648964
1630597755.105225 -1297.684907 1017.342388 1.640568 0.009650 0.020844 0.760094 0.649407
1630597755.208985 -1297.960657 1017.539447 1.641165 0.008668 0.021000 0.759670 0.649911
1630597755.312500 -1298.252499 1017.747585 1.642107 0.008008 0.020866 0.759287 0.650372
1630597755.416260 -1298.560859 1017.968850 1.644622 0.007601 0.021078 0.758991 0.650715
1630597755.519776 -1298.884442 1018.202767 1.647666 0.007476 0.021289 0.758525 0.651253
1630597755.623535 -1299.225853 1018.452545 1.649376 0.006862 0.022568 0.757927 0.651913
1630597755.727173 -1299.586076 1018.714858 1.651765 0.005848 0.022488 0.757336 0.652612
1630597755.831055 -1299.966004 1018.989495 1.651286 0.005781 0.021972 0.756606 0.653477
1630597755.934570 -1300.363462 1019.275679 1.648393 0.005833 0.021301 0.755830 0.654396
1630597756.038452 -1300.780129 1019.576931 1.647450 0.006191 0.020098 0.754896 0.655507
1630597756.142090 -1301.211337 1019.894414 1.649135 0.006703 0.019777 0.753904 0.656653
1630597756.245850 -1301.658473 1020.228120 1.651158 0.007682 0.020111 0.752728 0.657980
1630597756.349732 -1302.123216 1020.575597 1.651479 0.009427 0.019541 0.751345 0.659553
1630597756.453369 -1302.604929 1020.935632 1.650466 0.011740 0.018242 0.749739 0.661378
1630597756.557129 -1303.105744 1021.314521 1.652051 0.012652 0.017418 0.747966 0.663388
1630597756.661011 -1303.624015 1021.711814 1.658239 0.012415 0.016176 0.746102 0.665520
1630597756.764649 -1304.151997 1022.123634 1.668735 0.011411 0.015580 0.744070 0.667822
1630597756.868408 -1304.687460 1022.549208 1.679361 0.010489 0.015550 0.741850 0.670304
1630597756.972290 -1305.229425 1022.989918 1.685139 0.010084 0.016307 0.739690 0.672675
1630597757.075928 -1305.780954 1023.443058 1.687869 0.009603 0.016892 0.737456 0.675116
1630597757.179688 -1306.348828 1023.908473 1.693081 0.007415 0.015545 0.735229 0.677600
1630597757.283203 -1306.924623 1024.386693 1.698931 0.005567 0.014447 0.732944 0.680113
1630597757.386841 -1307.505078 1024.880842 1.701702 0.004510 0.014394 0.730650 0.682586
1630597757.490479 -1308.094686 1025.387913 1.698670 0.004578 0.013247 0.728201 0.685220
1630597757.594116 -1308.692191 1025.910033 1.694755 0.004978 0.013991 0.725527 0.688034
1630597757.697754 -1309.298208 1026.445524 1.693894 0.006885 0.013322 0.723093 0.690588
1630597757.801514 -1309.915828 1026.995093 1.693739 0.009557 0.011384 0.720482 0.693314
1630597757.905151 -1310.546470 1027.562034 1.693501 0.011245 0.009199 0.717964 0.695928
1630597758.008789 -1311.191371 1028.150922 1.697391 0.009326 0.007047 0.715537 0.698478
1630597758.112549 -1311.844103 1028.758527 1.705161 0.007495 0.005916 0.712906 0.701195
1630597758.216065 -1312.498302 1029.379266 1.710344 0.005658 0.005446 0.709960 0.704198
1630597758.319824 -1313.154846 1030.014756 1.710641 0.004765 0.005178 0.707020 0.707159
1630597758.423584 -1313.811615 1030.664659 1.709935 0.004362 0.005545 0.704222 0.709945
1630597758.527344 -1314.462449 1031.328316 1.709524 0.005445 0.008310 0.701270 0.712826
1630597758.631104 -1315.107977 1031.997703 1.712422 0.009356 0.010900 0.698225 0.715734
1630597758.734741 -1315.757214 1032.671798 1.718466 0.014463 0.010299 0.695154 0.718641
1630597758.838623 -1316.414814 1033.367188 1.730250 0.015946 0.011120 0.692312 0.721336
1630597758.942383 -1317.082243 1034.080633 1.750651 0.011543 0.011471 0.689587 0.724020
1630597759.046021 -1317.754314 1034.799668 1.770868 0.007400 0.008312 0.686508 0.727037
1630597759.149902 -1318.424442 1035.527849 1.779640 0.006933 0.005751 0.683339 0.730046
1630597759.253662 -1319.090363 1036.270291 1.780112 0.007013 0.004368 0.680216 0.732965
1630597759.357300 -1319.754065 1037.032131 1.779696 0.005811 0.005571 0.677082 0.735863
1630597759.460938 -1320.419444 1037.809227 1.779764 0.003161 0.006602 0.673940 0.738750
1630597759.564697 -1321.086492 1038.595784 1.778592 0.001771 0.005795 0.670915 0.741510
1630597759.668457 -1321.748247 1039.388006 1.775538 0.003801 0.004254 0.667937 0.744196
1630597759.772095 -1322.402161 1040.186815 1.775072 0.007739 0.004655 0.664794 0.746972
1630597759.875733 -1323.055042 1040.999122 1.777412 0.011949 0.004939 0.661554 0.749786
1630597759.979370 -1323.712483 1041.832960 1.790154 0.010740 0.005379 0.658533 0.752456
1630597760.083008 -1324.376984 1042.680300 1.805934 0.006681 0.003169 0.655912 0.754801
1630597760.186646 -1325.035359 1043.536207 1.815872 0.004268 0.003166 0.653193 0.757173
1630597760.290283 -1325.686056 1044.395616 1.817519 0.005368 0.002978 0.650221 0.759721
1630597760.394043 -1326.332686 1045.264124 1.815976 0.007668 0.003023 0.647001 0.762445
1630597760.497803 -1326.976515 1046.148347 1.819514 0.007938 0.003534 0.644049 0.764935
1630597760.601441 -1327.617186 1047.044906 1.827140 0.007034 0.004652 0.641200 0.767327
1630597760.705200 -1328.256851 1047.949933 1.834979 0.005748 0.004885 0.638456 0.769621
1630597760.808960 -1328.894700 1048.857762 1.840602 0.005512 0.003509 0.635783 0.771840
1630597760.912598 -1329.529009 1049.768530 1.844928 0.006015 0.000243 0.633056 0.774083
1630597761.016358 -1330.147207 1050.694348 1.849439 0.008047 0.005451 0.629915 0.776603
1630597761.120117 -1330.766256 1051.624888 1.857365 0.007353 0.004388 0.626996 0.778975
1630597761.223877 -1331.375693 1052.565862 1.867514 0.008973 0.006579 0.624468 0.780971
1630597761.327637 -1331.979429 1053.514310 1.879932 0.009534 0.007800 0.621914 0.782988
1630597761.431397 -1332.583450 1054.469417 1.891071 0.010960 0.007998 0.619082 0.785209
1630597761.535034 -1333.188861 1055.435532 1.902654 0.008790 0.007995 0.616352 0.787381
1630597761.638794 -1333.791636 1056.412284 1.913858 0.005653 0.008229 0.613801 0.789397
1630597761.742432 -1334.385254 1057.392166 1.919075 0.003411 0.009089 0.611133 0.791468
1630597761.846192 -1334.972793 1058.374222 1.918940 0.003022 0.008766 0.608499 0.793501
1630597761.949829 -1335.553421 1059.355634 1.917687 0.004245 0.007840 0.605924 0.795473
1630597762.053467 -1336.126826 1060.339587 1.918508 0.006847 0.006821 0.603207 0.797526
1630597762.157227 -1336.697127 1061.331180 1.924160 0.008414 0.004590 0.600035 0.799916
1630597762.260864 -1337.258393 1062.331549 1.936027 0.009374 0.005089 0.596497 0.802545
1630597762.364502 -1337.816334 1063.339506 1.949285 0.008388 0.003760 0.593055 0.805109
1630597762.468262 -1338.362957 1064.356676 1.963131 0.007594 0.003505 0.589526 0.807706
1630597762.572022 -1338.893664 1065.379213 1.975264 0.008767 0.005491 0.585655 0.810494
1630597762.675781 -1339.416276 1066.407009 1.984979 0.010177 0.006268 0.581450 0.813495
1630597762.779419 -1339.928542 1067.448206 1.995858 0.008969 0.008559 0.577670 0.816176
1630597762.883057 -1340.435401 1068.499178 2.006018 0.005946 0.010170 0.573893 0.818846
1630597762.986817 -1340.937672 1069.553250 2.011298 0.003804 0.010037 0.570053 0.821538
1630597763.090454 -1341.433224 1070.603535 2.011438 0.004205 0.007679 0.566136 0.824265
1630597763.194214 -1341.921485 1071.658455 2.010082 0.005870 0.004556 0.561698 0.827309
1630597763.297852 -1342.400588 1072.724170 2.012111 0.006387 0.001656 0.556618 0.830743
1630597763.401611 -1342.873515 1073.807681 2.016177 0.003636 -0.000267 0.551353 0.834264
1630597763.505371 -1343.329233 1074.900229 2.021203 0.001266 -0.004103 0.546007 0.837769
1630597763.609131 -1343.749477 1076.000345 2.020256 0.005969 0.001568 0.540537 0.841297
1630597763.712769 -1344.164915 1077.101909 2.023626 0.009158 0.001057 0.535156 0.844703
1630597763.816651 -1344.570945 1078.223066 2.035075 0.011709 0.002257 0.530655 0.847504
1630597763.920288 -1344.968817 1079.356991 2.053586 0.010237 0.003289 0.526570 0.850064
1630597764.024048 -1345.359831 1080.498314 2.070783 0.009409 0.003573 0.521912 0.852940
1630597764.127686 -1345.742642 1081.641730 2.083241 0.011038 0.002194 0.517051 0.855881
1630597764.231445 -1346.113564 1082.799015 2.095951 0.011632 0.001608 0.512331 0.858708
1630597764.334961 -1346.465717 1083.973974 2.108998 0.010348 0.004485 0.507847 0.861373
1630597764.438721 -1346.806224 1085.165802 2.121259 0.007509 0.009103 0.503256 0.864057
1630597764.542359 -1347.145226 1086.351596 2.130278 0.007562 0.007006 0.498863 0.866619
1630597764.645996 -1347.472638 1087.537725 2.135236 0.010562 0.005393 0.494425 0.869139
1630597764.749756 -1347.794542 1088.735137 2.147867 0.011314 0.002659 0.489727 0.871798
1630597764.853516 -1348.104373 1089.944291 2.165706 0.010297 0.001574 0.485022 0.874440
1630597764.957276 -1348.397076 1091.161503 2.182933 0.009459 0.002003 0.480492 0.876946
1630597765.060913 -1348.673796 1092.381068 2.197569 0.009749 0.002856 0.475970 0.879403
1630597765.164551 -1348.938446 1093.604234 2.210910 0.010499 0.002963 0.471381 0.881862
1630597765.268311 -1349.191808 1094.834904 2.225694 0.010620 0.003069 0.466691 0.884351
1630597765.372070 -1349.431222 1096.073137 2.240735 0.009793 0.004352 0.461875 0.886880
1630597765.475830 -1349.657958 1097.315489 2.254776 0.008682 0.005730 0.457027 0.889392
1630597765.579590 -1349.871322 1098.556336 2.266803 0.009287 0.005368 0.452253 0.891825
1630597765.683350 -1350.067371 1099.801966 2.275868 0.010715 0.008014 0.447508 0.894180
1630597765.786865 -1350.260857 1101.046683 2.290466 0.009389 0.005496 0.442970 0.896470
1630597765.890625 -1350.442497 1102.294744 2.303831 0.010223 0.003969 0.438742 0.898546
1630597765.994385 -1350.617182 1103.546377 2.319722 0.009251 0.001413 0.434501 0.900623
1630597766.097901 -1350.776975 1104.801646 2.334026 0.007577 0.001080 0.430695 0.902465
1630597766.201660 -1350.923947 1106.062189 2.346690 0.005731 0.001256 0.427039 0.904214
1630597766.305420 -1351.057869 1107.320076 2.354471 0.006108 0.001501 0.423228 0.906001
1630597766.409180 -1351.179009 1108.576752 2.361774 0.007727 0.001413 0.419388 0.907773
1630597766.512695 -1351.284611 1109.836238 2.369799 0.008561 0.002904 0.415290 0.909644
1630597766.616455 -1351.380977 1111.100754 2.382897 0.007829 0.004688 0.411305 0.911452
1630597766.720215 -1351.473695 1112.362678 2.394302 0.008567 0.002984 0.407415 0.913198
1630597766.823975 -1351.554886 1113.627761 2.407651 0.008464 0.002835 0.403380 0.914989
1630597766.927612 -1351.624293 1114.892367 2.421785 0.009217 0.003318 0.398910 0.916938
1630597767.031250 -1351.682535 1116.158143 2.433804 0.008885 0.002191 0.394539 0.918834
1630597767.135132 -1351.723231 1117.430827 2.446212 0.008718 0.003422 0.390531 0.920542
1630597767.238770 -1351.752728 1118.701369 2.457867 0.008181 0.004040 0.386466 0.922259
1630597767.342529 -1351.774226 1119.972507 2.467910 0.008335 0.003803 0.382263 0.924008
1630597767.446289 -1351.787002 1121.242930 2.477990 0.008489 0.002541 0.378111 0.925718
1630597767.550049 -1351.785711 1122.513840 2.488903 0.009726 0.002716 0.373844 0.927437
1630597767.653809 -1351.772441 1123.785608 2.502638 0.010098 0.002016 0.369656 0.929112
1630597767.757324 -1351.745827 1125.055659 2.518378 0.010787 0.002893 0.365391 0.930787
1630597767.861084 -1351.712152 1126.332292 2.534847 0.009723 0.001825 0.361179 0.932444
1630597767.964844 -1351.666017 1127.610102 2.550676 0.008507 0.002355 0.356858 0.934117
1630597768.068482 -1351.610387 1128.882244 2.563686 0.007873 0.000572 0.352261 0.935869
1630597768.172241 -1351.540839 1130.151936 2.575985 0.009463 -0.000553 0.347533 0.937620
1630597768.275879 -1351.455483 1131.419747 2.591558 0.010766 -0.001442 0.343011 0.939269
1630597768.379639 -1351.354927 1132.689420 2.611737 0.011762 -0.000950 0.338420 0.940921
1630597768.483399 -1351.240658 1133.959205 2.634157 0.012349 0.000087 0.333658 0.942613
1630597768.587158 -1351.114622 1135.229044 2.657028 0.012126 0.000889 0.328813 0.944317
1630597768.690796 -1350.975716 1136.496297 2.678133 0.011917 0.001673 0.324003 0.945979
1630597768.794434 -1350.819549 1137.765080 2.695267 0.011191 0.005804 0.319136 0.947625
1630597768.898193 -1350.658147 1139.032245 2.711443 0.009977 0.004625 0.314482 0.949200
1630597769.001953 -1350.486431 1140.288380 2.723974 0.011460 0.003458 0.309447 0.950841
1630597769.105591 -1350.305397 1141.541267 2.740137 0.013041 0.000262 0.303995 0.952584
1630597769.209229 -1350.107546 1142.800288 2.762392 0.011983 -0.000533 0.298840 0.954228
1630597769.312988 -1349.889989 1144.063686 2.785008 0.009635 0.000877 0.293677 0.955856
1630597769.416626 -1349.658083 1145.320361 2.802837 0.009237 0.001950 0.288423 0.957457
1630597769.520386 -1349.412387 1146.571042 2.815561 0.010865 0.001375 0.283134 0.959018
1630597769.624024 -1349.153304 1147.818550 2.829264 0.012376 0.001053 0.277838 0.960548
1630597769.727783 -1348.880561 1149.067089 2.848367 0.013331 0.000826 0.272635 0.962025
1630597769.831543 -1348.594121 1150.315008 2.869762 0.012514 0.000551 0.267512 0.963473
1630597769.935059 -1348.294373 1151.556183 2.894007 0.014162 0.001022 0.262246 0.964897
1630597770.038818 -1347.984922 1152.795773 2.918753 0.014267 -0.000853 0.256841 0.966348
1630597770.142456 -1347.660465 1154.033410 2.945270 0.014282 -0.000966 0.251274 0.967810
1630597770.246216 -1347.320525 1155.273226 2.972656 0.012548 -0.000926 0.245805 0.969238
1630597770.349976 -1346.966418 1156.507731 2.996893 0.011808 -0.001049 0.240290 0.970629
1630597770.453613 -1346.598457 1157.734646 3.017250 0.011892 -0.001686 0.234768 0.971977
1630597770.557373 -1346.213589 1158.959400 3.037727 0.012229 -0.001528 0.229265 0.973286
1630597770.661133 -1345.816350 1160.180479 3.059733 0.012131 -0.001768 0.223695 0.974582
1630597770.764893 -1345.407621 1161.395764 3.083085 0.012609 -0.003283 0.218216 0.975813
1630597770.868652 -1344.985180 1162.607070 3.107834 0.012988 -0.004648 0.212816 0.976995
1630597770.972168 -1344.548466 1163.813231 3.135448 0.012685 -0.005075 0.207177 0.978208
1630597771.075928 -1344.094250 1165.019924 3.162694 0.011711 -0.005034 0.201498 0.979406
1630597771.179688 -1343.622746 1166.223122 3.187850 0.009908 -0.002465 0.196093 0.980532
1630597771.283203 -1343.146132 1167.415258 3.210333 0.009300 -0.004125 0.190481 0.981638
1630597771.387085 -1342.656116 1168.599500 3.230751 0.010807 -0.006365 0.184480 0.982756
1630597771.490723 -1342.152229 1169.776412 3.256202 0.012332 -0.006871 0.178714 0.983800
1630597771.594483 -1341.630144 1170.951484 3.285849 0.012201 -0.006058 0.173615 0.984719
1630597771.698120 -1341.090192 1172.119261 3.315079 0.012750 -0.004174 0.168931 0.985537
1630597771.801880 -1340.536731 1173.283918 3.340864 0.012936 -0.000913 0.164117 0.986356
1630597771.905518 -1339.981926 1174.440555 3.364966 0.012435 -0.001715 0.159422 0.987131
1630597772.009277 -1339.419741 1175.589736 3.386696 0.013812 -0.003687 0.154825 0.987838
1630597772.113037 -1338.846098 1176.736363 3.413356 0.014188 -0.004629 0.150187 0.988545
1630597772.216553 -1338.260316 1177.877208 3.443295 0.013639 -0.004679 0.145647 0.989232
1630597772.320313 -1337.658573 1179.014727 3.472281 0.013287 -0.003063 0.141161 0.989893
1630597772.424072 -1337.046718 1180.148503 3.497531 0.011698 -0.002227 0.136760 0.990533
1630597772.527832 -1336.424986 1181.273627 3.520048 0.011922 -0.000180 0.132490 0.991113
1630597772.631592 -1335.800942 1182.387641 3.540983 0.013863 -0.002058 0.128463 0.991615
1630597772.735108 -1335.170773 1183.492045 3.565552 0.016544 -0.003427 0.124570 0.992067
1630597772.838867 -1334.528297 1184.598931 3.598385 0.017171 -0.003833 0.121086 0.992486
1630597772.942627 -1333.877628 1185.703530 3.634539 0.016093 -0.004091 0.117768 0.992902
1630597773.046387 -1333.220682 1186.802954 3.668372 0.015614 -0.004740 0.114458 0.993294
1630597773.150025 -1332.556136 1187.895519 3.700089 0.015521 -0.003759 0.111123 0.993678
1630597773.253784 -1331.888136 1188.985684 3.731300 0.015196 -0.005797 0.107934 0.994025
1630597773.357422 -1331.213319 1190.067894 3.762971 0.014988 -0.005853 0.104811 0.994362
1630597773.461182 -1330.531692 1191.146331 3.795818 0.015058 -0.006750 0.101632 0.994685
1630597773.564942 -1329.843274 1192.219466 3.830066 0.014892 -0.006988 0.098500 0.995001
1630597773.668457 -1329.148517 1193.283617 3.864451 0.015387 -0.006812 0.095496 0.995288
1630597773.772217 -1328.445947 1194.344848 3.899130 0.015494 -0.006736 0.092465 0.995573
1630597773.875977 -1327.736965 1195.400324 3.933811 0.015938 -0.006263 0.089504 0.995839
1630597773.979614 -1327.022239 1196.449224 3.968336 0.016595 -0.005329 0.086712 0.996081
1630597774.083252 -1326.302927 1197.493485 4.002695 0.016628 -0.004636 0.084120 0.996306
1630597774.186890 -1325.579780 1198.532783 4.036387 0.017002 -0.004230 0.081692 0.996504
1630597774.290650 -1324.849701 1199.567723 4.069211 0.017430 -0.003118 0.079207 0.996701
1630597774.394287 -1324.110983 1200.597166 4.100164 0.018866 0.001331 0.076476 0.996892
1630597774.498047 -1323.374387 1201.626149 4.130562 0.016321 0.000622 0.074181 0.997111
1630597774.601807 -1322.634643 1202.640365 4.157356 0.018843 0.001389 0.072099 0.997219
1630597774.705444 -1321.900699 1203.652305 4.184731 0.019295 -0.001343 0.069802 0.997373
1630597774.809326 -1321.161754 1204.668880 4.217341 0.016444 -0.003179 0.067882 0.997553
1630597774.912964 -1320.416563 1205.676419 4.250622 0.014981 -0.001150 0.065831 0.997718
1630597775.016602 -1319.671422 1206.671940 4.280647 0.015451 -0.000910 0.063709 0.997849
1630597775.120484 -1318.923330 1207.654699 4.308045 0.018432 -0.001215 0.062166 0.997895
1630597775.224121 -1318.171595 1208.626489 4.338828 0.021404 -0.000944 0.060848 0.997917
1630597775.327881 -1317.414210 1209.597819 4.375619 0.022941 0.003253 0.059507 0.997959
1630597775.431641 -1316.667119 1210.568146 4.415300 0.022311 0.002771 0.058184 0.998053
1630597775.535156 -1315.926877 1211.526592 4.450084 0.023417 0.002490 0.057022 0.998095
1630597775.638916 -1315.189860 1212.482064 4.485733 0.023730 0.000864 0.055618 0.998170
1630597775.742676 -1314.455370 1213.431186 4.525003 0.023791 -0.001567 0.054118 0.998250
1630597775.846436 -1313.719278 1214.373861 4.566237 0.023540 -0.002323 0.052779 0.998326
1630597775.950073 -1312.980830 1215.310027 4.610027 0.022052 -0.001576 0.051617 0.998422
1630597776.053711 -1312.245185 1216.238038 4.651020 0.020926 -0.001052 0.050435 0.998508
1630597776.157471 -1311.514726 1217.157483 4.687906 0.020956 -0.001787 0.049341 0.998561
1630597776.261231 -1310.790323 1218.069258 4.723766 0.021105 -0.003692 0.048237 0.998606
1630597776.364746 -1310.070628 1218.973655 4.761784 0.020770 -0.005533 0.047090 0.998659
1630597776.468506 -1309.348926 1219.876028 4.802077 0.019274 -0.006248 0.045977 0.998737
1630597776.572144 -1308.626773 1220.771428 4.842311 0.017417 -0.005397 0.044913 0.998824
1630597776.675903 -1307.903227 1221.659229 4.878459 0.016270 -0.004281 0.043852 0.998896
1630597776.779541 -1307.180473 1222.536921 4.909179 0.015579 -0.002243 0.042792 0.998960
1630597776.883179 -1306.466580 1223.403877 4.939212 0.016390 -0.002653 0.041864 0.998985
1630597776.986817 -1305.759998 1224.260493 4.967067 0.019436 -0.004742 0.040918 0.998962
1630597777.090576 -1305.052919 1225.117135 5.000331 0.019668 -0.006021 0.039887 0.998992
1630597777.194336 -1304.343526 1225.972761 5.039215 0.018130 -0.004857 0.038816 0.999070
1630597777.298218 -1303.635713 1226.823135 5.076655 0.016224 -0.003537 0.037754 0.999149
1630597777.401856 -1302.933451 1227.659413 5.107659 0.016106 -0.002773 0.036774 0.999190
1630597777.505615 -1302.235659 1228.486268 5.134587 0.016582 -0.002922 0.035903 0.999213
1630597777.609375 -1301.542439 1229.304198 5.161310 0.017192 -0.002845 0.034933 0.999238
1630597777.713135 -1300.853652 1230.114062 5.189722 0.017135 -0.002075 0.034009 0.999272
1630597777.816895 -1300.169774 1230.915129 5.217840 0.016699 -0.001248 0.032930 0.999317
1630597777.920654 -1299.490753 1231.706661 5.244195 0.015281 0.000912 0.031971 0.999372
1630597778.024170 -1298.823649 1232.483282 5.269090 0.015413 0.000620 0.030979 0.999401
1630597778.127930 -1298.162442 1233.244936 5.290431 0.017410 0.000415 0.030162 0.999393
1630597778.231690 -1297.508029 1233.997247 5.313396 0.018723 0.000215 0.029320 0.999395
1630597778.335449 -1296.862427 1234.744616 5.340141 0.017380 0.000423 0.028398 0.999445
1630597778.438965 -1296.226703 1235.479840 5.366037 0.016463 0.000166 0.027230 0.999494
1630597778.542725 -1295.597712 1236.203842 5.388793 0.015487 -0.000476 0.026155 0.999538
1630597778.646240 -1294.975470 1236.912688 5.409761 0.015407 -0.000575 0.025351 0.999560
1630597778.750000 -1294.358919 1237.611529 5.430728 0.014920 -0.000542 0.024583 0.999586
1630597778.853638 -1293.750698 1238.298188 5.451534 0.014718 -0.000073 0.023900 0.999606
1630597778.957276 -1293.151084 1238.973153 5.470920 0.014778 0.000301 0.023183 0.999622
1630597779.061035 -1292.558957 1239.638507 5.489088 0.014589 0.000577 0.022639 0.999637
1630597779.164673 -1291.976980 1240.292782 5.506375 0.014270 0.000682 0.022074 0.999654
1630597779.268433 -1291.404196 1240.936697 5.523123 0.013601 0.000535 0.021710 0.999672
1630597779.372193 -1290.838712 1241.566241 5.538577 0.014050 0.001662 0.021679 0.999665
1630597779.475830 -1290.285096 1242.182202 5.553082 0.014200 0.002510 0.021814 0.999658
1630597779.579590 -1289.740714 1242.787206 5.566433 0.014916 0.006141 0.022189 0.999624
1630597779.683350 -1289.214914 1243.382426 5.579181 0.012382 0.006138 0.023253 0.999634
1630597779.787110 -1288.709120 1243.955986 5.592501 0.012344 0.005260 0.024202 0.999617
1630597779.890869 -1288.222311 1244.507043 5.605272 0.013829 0.004171 0.025464 0.999571
1630597779.994507 -1287.757184 1245.039677 5.613154 0.015795 0.002247 0.026348 0.999526
1630597780.098267 -1287.306248 1245.560991 5.625144 0.015433 0.002000 0.027298 0.999506
1630597780.202026 -1286.867815 1246.068332 5.642920 0.012877 0.003221 0.028686 0.999500
1630597780.305664 -1286.445790 1246.556061 5.660025 0.010995 0.005287 0.029741 0.999483
1630597780.409424 -1286.043180 1247.022472 5.670789 0.010846 0.006226 0.030568 0.999454
1630597780.513184 -1285.658890 1247.468557 5.676598 0.011433 0.006413 0.031903 0.999405
1630597780.616821 -1285.293139 1247.896617 5.681742 0.011812 0.006405 0.033197 0.999358
1630597780.720459 -1284.946201 1248.307889 5.688018 0.011800 0.006281 0.033850 0.999338
1630597780.824219 -1284.615498 1248.702020 5.695038 0.011162 0.006273 0.034729 0.999315
1630597780.927979 -1284.301167 1249.076552 5.701920 0.010403 0.006543 0.036100 0.999273
1630597781.031738 -1284.004373 1249.429925 5.707698 0.010533 0.006800 0.037282 0.999226
1630597781.135254 -1283.725389 1249.762645 5.712152 0.011014 0.007232 0.037935 0.999193
1630597781.239014 -1283.463270 1250.078147 5.715586 0.011187 0.007232 0.038723 0.999161
1630597781.342651 -1283.218151 1250.379370 5.718405 0.010542 0.006662 0.040198 0.999114
1630597781.446289 -1282.989780 1250.668402 5.721088 0.008955 0.005692 0.041806 0.999069
1630597781.550049 -1282.775655 1250.944093 5.724171 0.006805 0.004020 0.042941 0.999046
1630597781.653687 -1282.567845 1251.196989 5.728396 0.007851 0.004750 0.043736 0.999001
1630597781.757446 -1282.366022 1251.429626 5.732468 0.010549 0.006082 0.044545 0.998933
1630597781.861084 -1282.173453 1251.648892 5.734840 0.013135 0.008285 0.045360 0.998850
1630597781.964844 -1281.995012 1251.862718 5.736411 0.013465 0.009459 0.046037 0.998804
1630597782.068604 -1281.832550 1252.069377 5.737866 0.012664 0.009972 0.046600 0.998784
1630597782.172241 -1281.691492 1252.266446 5.739898 0.010360 0.006842 0.047495 0.998794
1630597782.276001 -1281.562351 1252.448530 5.741195 0.009569 0.004085 0.048151 0.998786
1630597782.379761 -1281.438266 1252.613484 5.742873 0.009113 0.002548 0.048731 0.998767
1630597782.483399 -1281.317564 1252.760249 5.743677 0.010056 0.003049 0.049088 0.998739
1630597782.587158 -1281.204510 1252.892757 5.744037 0.011516 0.004368 0.049329 0.998707
1630597782.690918 -1281.100837 1253.013997 5.746425 0.012149 0.005698 0.050099 0.998654
1630597782.794678 -1281.008996 1253.126442 5.748350 0.012660 0.006113 0.050471 0.998627
1630597782.898438 -1280.926167 1253.232947 5.749690 0.013012 0.005674 0.050736 0.998611
1630597783.001953 -1280.846877 1253.335400 5.751070 0.013100 0.005003 0.051301 0.998585
1630597783.105835 -1280.767211 1253.436410 5.751887 0.013661 0.004758 0.051623 0.998562
1630597783.209473 -1280.686427 1253.537759 5.751753 0.014344 0.004502 0.051790 0.998545
1630597783.313233 -1280.603323 1253.640651 5.751027 0.014966 0.004482 0.052183 0.998515
1630597783.416748 -1280.519196 1253.745503 5.750931 0.015290 0.004647 0.052612 0.998487
1630597783.520508 -1280.434824 1253.852937 5.751563 0.015320 0.004760 0.052773 0.998478
1630597783.624268 -1280.349548 1253.961224 5.751419 0.015623 0.004663 0.053149 0.998453
1630597783.727783 -1280.264891 1254.071636 5.752901 0.015308 0.004570 0.053034 0.998465
1630597783.831665 -1280.180427 1254.185848 5.756681 0.014252 0.004369 0.052760 0.998496
1630597783.935303 -1280.093919 1254.300541 5.759476 0.013564 0.003948 0.053038 0.998493
1630597784.039063 -1280.002701 1254.417434 5.759304 0.014129 0.003306 0.052948 0.998492
1630597784.142822 -1279.903215 1254.542078 5.757130 0.015772 0.002420 0.052269 0.998506
1630597784.246460 -1279.791412 1254.679964 5.755593 0.017353 0.001826 0.051903 0.998500
1630597784.350342 -1279.666100 1254.835613 5.756607 0.017921 0.001904 0.051733 0.998498
1630597784.453858 -1279.529137 1255.008869 5.759322 0.017531 0.002249 0.051232 0.998530
1630597784.557617 -1279.380406 1255.198613 5.762235 0.016854 0.002261 0.050757 0.998566
1630597784.661377 -1279.219662 1255.401522 5.764812 0.016736 0.002251 0.050514 0.998581
1630597784.765015 -1279.047525 1255.616354 5.767336 0.017128 0.002197 0.050089 0.998595
1630597784.868775 -1278.862658 1255.845716 5.769142 0.017353 0.002612 0.049557 0.998617
1630597784.972534 -1278.665671 1256.091124 5.770016 0.017035 0.003127 0.049120 0.998643
1630597785.076172 -1278.458088 1256.351542 5.771457 0.016477 0.003353 0.048616 0.998676
1630597785.179932 -1278.239037 1256.626647 5.773346 0.016094 0.003197 0.048025 0.998711
1630597785.283447 -1278.007708 1256.915591 5.775082 0.015869 0.003082 0.047502 0.998740
1630597785.387207 -1277.762078 1257.220473 5.776640 0.015637 0.003224 0.047057 0.998765
1630597785.490967 -1277.501740 1257.541328 5.779052 0.015181 0.004021 0.046627 0.998789
1630597785.594483 -1277.225843 1257.876742 5.781323 0.014942 0.005282 0.046292 0.998802
1630597785.698242 -1276.938891 1258.232295 5.779988 0.013310 0.005315 0.046159 0.998831
1630597785.802002 -1276.642503 1258.603286 5.778596 0.014330 0.005039 0.046453 0.998805
1630597785.905518 -1276.334282 1258.990931 5.779379 0.014417 0.004628 0.047101 0.998775
1630597786.009277 -1276.008811 1259.397899 5.780542 0.014219 0.004752 0.047652 0.998751
1630597786.113037 -1275.666173 1259.822009 5.779033 0.013985 0.005791 0.048017 0.998732
1630597786.216553 -1275.311803 1260.261861 5.773498 0.014292 0.005717 0.048332 0.998713
1630597786.320313 -1274.944005 1260.723359 5.770551 0.013839 0.006580 0.048506 0.998705
1630597786.424194 -1274.562621 1261.205820 5.770539 0.012557 0.007055 0.048916 0.998699
1630597786.527832 -1274.168923 1261.703436 5.769121 0.011449 0.007226 0.048926 0.998711
1630597786.631592 -1273.761782 1262.214995 5.765028 0.010527 0.007454 0.048847 0.998723
1630597786.735352 -1273.341717 1262.737020 5.759361 0.010519 0.008294 0.048940 0.998712
1630597786.839111 -1272.913014 1263.273959 5.752057 0.010224 0.008385 0.048865 0.998718
1630597786.942871 -1272.475748 1263.827916 5.744650 0.009597 0.007750 0.048535 0.998745
1630597787.046631 -1272.029581 1264.399298 5.738662 0.007272 0.006607 0.048641 0.998768
1630597787.150147 -1271.571264 1264.982718 5.731237 0.004397 0.007310 0.048933 0.998766
1630597787.253906 -1271.101465 1265.572093 5.721041 0.004198 0.007511 0.048592 0.998782
1630597787.357666 -1270.623372 1266.171561 5.710569 0.004623 0.006152 0.048338 0.998801
1630597787.461304 -1270.136829 1266.784953 5.697037 0.005196 0.003652 0.047632 0.998845
1630597787.565064 -1269.632280 1267.413549 5.683529 0.006117 0.003320 0.047105 0.998866
1630597787.668701 -1269.110139 1268.060401 5.674135 0.005400 0.005049 0.046709 0.998881
1630597787.772461 -1268.576103 1268.726972 5.664341 0.002954 0.005653 0.046044 0.998919
1630597787.875977 -1268.029251 1269.399851 5.652612 0.002548 0.006262 0.045691 0.998933
1630597787.979736 -1267.466317 1270.080204 5.637730 0.006400 0.007708 0.045474 0.998915
1630597788.083252 -1266.896203 1270.779645 5.618999 0.007467 0.007719 0.045223 0.998919
1630597788.187012 -1266.310270 1271.502134 5.603963 0.005503 0.007880 0.045185 0.998932
1630597788.290772 -1265.717018 1272.241437 5.593811 0.000491 0.010320 0.045631 0.998905
1630597788.394287 -1265.128389 1272.979046 5.582264 0.000755 0.009125 0.045649 0.998916
1630597788.498047 -1264.532531 1273.711648 5.564856 0.004897 0.008268 0.045599 0.998914
1630597788.601807 -1263.931526 1274.453584 5.547587 0.007415 0.005342 0.045325 0.998931
1630597788.705567 -1263.316457 1275.211654 5.540092 0.006392 0.006439 0.045115 0.998941
1630597788.809326 -1262.690104 1275.981452 5.535110 0.004882 0.009220 0.045473 0.998911
1630597788.913086 -1262.059522 1276.757548 5.524696 0.003327 0.011313 0.045532 0.998893
1630597789.016724 -1261.427653 1277.532295 5.508077 0.005041 0.011887 0.045425 0.998884
1630597789.120606 -1260.795455 1278.317556 5.488235 0.006238 0.008592 0.045326 0.998916
1630597789.224243 -1260.153487 1279.112491 5.471159 0.007051 0.007445 0.045427 0.998915
1630597789.327881 -1259.497476 1279.921968 5.459680 0.006013 0.009354 0.045914 0.998883
1630597789.431641 -1258.833564 1280.746179 5.447094 0.004096 0.011160 0.046220 0.998861
1630597789.535401 -1258.163872 1281.580331 5.428205 0.002552 0.011936 0.046602 0.998839
1630597789.639160 -1257.487404 1282.422613 5.404266 0.001618 0.012275 0.046988 0.998819
1630597789.742676 -1256.804789 1283.270465 5.377399 0.001478 0.013419 0.047382 0.998786
1630597789.846436 -1256.114706 1284.128608 5.349654 0.000622 0.014783 0.047815 0.998747
1630597789.950195 -1255.420547 1284.993361 5.320608 -0.000112 0.016162 0.048220 0.998706
1630597790.053711 -1254.726391 1285.861414 5.289671 -0.000830 0.016921 0.048611 0.998674
1630597790.157471 -1254.028222 1286.735581 5.256029 -0.000856 0.017728 0.048938 0.998644
1630597790.261109 -1253.329764 1287.614821 5.221244 -0.001656 0.017590 0.049379 0.998624
1630597790.364990 -1252.626026 1288.500379 5.185064 -0.001756 0.017863 0.049807 0.998598
1630597790.468506 -1251.920488 1289.387840 5.147415 -0.002061 0.018680 0.050256 0.998560
1630597790.572266 -1251.207559 1290.283269 5.107471 -0.002194 0.020145 0.050560 0.998515
1630597790.676026 -1250.493926 1291.187103 5.065610 -0.004361 0.021104 0.051265 0.998453
1630597790.779785 -1249.781948 1292.094025 5.021997 -0.003234 0.019969 0.052114 0.998436
1630597790.883545 -1249.068924 1293.006520 4.977281 -0.002217 0.017807 0.052923 0.998437
1630597790.987183 -1248.349785 1293.928329 4.937264 -0.001922 0.017722 0.053556 0.998406
1630597791.090943 -1247.622941 1294.860208 4.899499 -0.003625 0.019373 0.054381 0.998326
1630597791.194702 -1246.890545 1295.794433 4.857801 -0.004224 0.021834 0.055227 0.998226
1630597791.298340 -1246.157528 1296.730869 4.809802 -0.005086 0.024092 0.056310 0.998110
1630597791.402100 -1245.429437 1297.674086 4.758238 -0.005898 0.024960 0.057696 0.998005
1630597791.505860 -1244.711523 1298.620558 4.705231 -0.006175 0.022716 0.059112 0.997974
1630597791.609497 -1243.996776 1299.567253 4.653862 -0.004114 0.020055 0.060414 0.997963
1630597791.713135 -1243.278282 1300.522275 4.609419 -0.004538 0.018452 0.061618 0.997919
1630597791.816895 -1242.550257 1301.483671 4.568241 -0.004566 0.020353 0.062995 0.997796
1630597791.920532 -1241.820526 1302.448049 4.524653 -0.004731 0.023412 0.064814 0.997611
1630597792.024292 -1241.095484 1303.417302 4.476324 -0.004497 0.024429 0.067083 0.997438
1630597792.127930 -1240.378073 1304.390507 4.423879 -0.003988 0.023993 0.069322 0.997298
1630597792.231690 -1239.665167 1305.375779 4.371540 -0.005277 0.023474 0.071345 0.997161
1630597792.335205 -1238.957944 1306.365939 4.321711 -0.006603 0.022829 0.073383 0.997021
1630597792.438843 -1238.252521 1307.357917 4.271026 -0.006488 0.022575 0.075953 0.996835
1630597792.542481 -1237.552209 1308.353714 4.221587 -0.007071 0.021696 0.078753 0.996633
1630597792.646240 -1236.851191 1309.348558 4.175559 -0.004286 0.022013 0.081159 0.996449
1630597792.749878 -1236.157322 1310.347629 4.130740 -0.003033 0.020982 0.083696 0.996266
1630597792.853638 -1235.463964 1311.356038 4.088222 -0.003169 0.021994 0.086374 0.996015
1630597792.957398 -1234.774470 1312.369428 4.046329 -0.004039 0.023375 0.089153 0.995735
1630597793.061157 -1234.092798 1313.383856 4.001292 -0.003519 0.024319 0.091746 0.995479
1630597793.164795 -1233.420774 1314.400245 3.954776 -0.002935 0.024146 0.094420 0.995235
1630597793.268555 -1232.755674 1315.423582 3.908999 -0.003358 0.023128 0.097374 0.994973
1630597793.372315 -1232.092555 1316.453217 3.862610 -0.003744 0.023663 0.100411 0.994658
1630597793.476074 -1231.429304 1317.493542 3.812765 -0.005699 0.027121 0.103240 0.994270
1630597793.579712 -1230.775079 1318.537095 3.760215 -0.008210 0.027842 0.106305 0.993910
1630597793.683472 -1230.130886 1319.575437 3.701699 -0.006149 0.026417 0.109560 0.993610
1630597793.787110 -1229.496656 1320.612084 3.645887 -0.000818 0.023116 0.112731 0.993356
1630597793.890869 -1228.866506 1321.666028 3.600327 -0.000245 0.020306 0.115775 0.993068
1630597793.994507 -1228.231817 1322.736242 3.564386 -0.001450 0.022250 0.118931 0.992652
1630597794.098145 -1227.601284 1323.817976 3.529480 -0.005364 0.024921 0.122131 0.992187
1630597794.201782 -1226.977616 1324.898961 3.482718 -0.005853 0.026255 0.125749 0.991697
1630597794.305664 -1226.359752 1325.982842 3.426497 -0.004023 0.027095 0.129803 0.991161
1630597794.409180 -1225.754635 1327.069488 3.370257 -0.001890 0.026057 0.134014 0.990635
1630597794.512940 -1225.155662 1328.170192 3.318455 -0.000857 0.025911 0.138060 0.990084
1630597794.616699 -1224.565367 1329.285245 3.273080 -0.002429 0.026034 0.141892 0.989537
1630597794.720337 -1223.982748 1330.406480 3.227866 -0.004152 0.026499 0.145821 0.988947
1630597794.823975 -1223.410018 1331.528665 3.179882 -0.005045 0.026429 0.149929 0.988331
1630597794.927735 -1222.848189 1332.648171 3.131825 -0.001394 0.023303 0.153804 0.987826
1630597795.031494 -1222.288486 1333.771191 3.087407 0.002410 0.023773 0.157440 0.987239
1630597795.135132 -1221.737399 1334.910152 3.053699 0.001425 0.023828 0.160951 0.986674
1630597795.238770 -1221.197502 1336.057381 3.023875 -0.002055 0.023692 0.164514 0.986088
1630597795.342529 -1220.664513 1337.205526 2.986917 -0.002562 0.023282 0.167723 0.985556
1630597795.446411 -1220.138714 1338.359908 2.944689 -0.004286 0.022423 0.170604 0.985075
1630597795.550049 -1219.616524 1339.513763 2.899855 -0.003903 0.023536 0.173287 0.984582
1630597795.653809 -1219.102748 1340.670489 2.853843 -0.003210 0.022118 0.176250 0.984092
1630597795.757568 -1218.594394 1341.829207 2.810152 -0.001448 0.020861 0.179387 0.983556
1630597795.861206 -1218.092987 1342.995374 2.771819 -0.000634 0.019792 0.182499 0.983007
1630597795.964966 -1217.599690 1344.173253 2.739004 -0.001726 0.018586 0.185488 0.982469
1630597796.068604 -1217.114954 1345.354360 2.706718 -0.002492 0.017022 0.188544 0.981914
1630597796.172363 -1216.636024 1346.538092 2.674374 -0.002011 0.015402 0.191565 0.981357
1630597796.276123 -1216.160408 1347.722712 2.643747 -0.000468 0.014668 0.194555 0.980782
1630597796.379639 -1215.689208 1348.909136 2.616648 0.000829 0.015062 0.197447 0.980197
1630597796.483399 -1215.220951 1350.104480 2.592647 0.000921 0.016418 0.200368 0.979583
1630597796.586914 -1214.758286 1351.299994 2.568447 0.001884 0.019327 0.203171 0.978951
1630597796.690674 -1214.308364 1352.502631 2.542377 0.001056 0.018315 0.206200 0.978338
1630597796.794190 -1213.868440 1353.705004 2.515812 0.001453 0.016926 0.209342 0.977695
1630597796.897949 -1213.436049 1354.911077 2.491611 0.003106 0.014756 0.212099 0.977132
1630597797.001709 -1213.013119 1356.121472 2.471363 0.004691 0.012133 0.214730 0.976587
1630597797.105469 -1212.593062 1357.340084 2.458669 0.005964 0.010047 0.217411 0.976010
1630597797.209229 -1212.174261 1358.567648 2.451466 0.005941 0.009802 0.219724 0.975495
1630597797.312866 -1211.756377 1359.799843 2.445111 0.006069 0.010830 0.221807 0.975012
1630597797.416748 -1211.340723 1361.040752 2.436516 0.005900 0.011355 0.224092 0.974484
1630597797.520508 -1210.927882 1362.287784 2.425053 0.005263 0.013297 0.226532 0.973899
1630597797.624146 -1210.523223 1363.540777 2.410764 0.003574 0.014068 0.228921 0.973337
1630597797.727783 -1210.129884 1364.795821 2.393624 0.003324 0.013094 0.231342 0.972779
1630597797.831543 -1209.747048 1366.054709 2.375826 0.003945 0.009395 0.234025 0.972177
1630597797.935303 -1209.369185 1367.319889 2.363727 0.004076 0.006383 0.236702 0.971553
1630597798.038941 -1208.994013 1368.591014 2.358064 0.004201 0.005958 0.239132 0.970960
1630597798.142700 -1208.626469 1369.864489 2.356631 0.003688 0.003157 0.241677 0.970345
1630597798.246338 -1208.260591 1371.134115 2.356052 0.007979 0.001272 0.244163 0.969701
1630597798.350098 -1207.893064 1372.414877 2.362204 0.009556 0.003380 0.246518 0.969085
1630597798.453613 -1207.531243 1373.702095 2.374338 0.009004 0.005198 0.249124 0.968416
1630597798.557373 -1207.178411 1374.992531 2.385518 0.008583 0.006145 0.252020 0.967665
1630597798.661133 -1206.836151 1376.280285 2.392856 0.010207 0.005613 0.255268 0.966800
1630597798.764771 -1206.500298 1377.572782 2.400254 0.010451 0.006956 0.258322 0.965977
1630597798.868408 -1206.170846 1378.874285 2.408730 0.008429 0.009541 0.261551 0.965106
1630597798.972168 -1205.849945 1380.178232 2.412559 0.005854 0.011791 0.265113 0.964127
1630597799.075806 -1205.541789 1381.469273 2.410741 0.008145 0.011832 0.268587 0.963148
1630597799.179443 -1205.248304 1382.756166 2.407424 0.012301 0.009430 0.271717 0.962252
1630597799.283325 -1204.963155 1384.060029 2.414393 0.011677 0.009270 0.274547 0.961458
1630597799.386963 -1204.687262 1385.369381 2.427464 0.007762 0.009063 0.277215 0.960734
1630597799.490723 -1204.416638 1386.672120 2.435538 0.007426 0.009064 0.279882 0.959963
1630597799.594483 -1204.152855 1387.967559 2.438398 0.010206 0.007758 0.282561 0.959164
1630597799.698242 -1203.896726 1389.266022 2.445116 0.011943 0.006440 0.285132 0.958392
1630597799.802002 -1203.648218 1390.571180 2.457686 0.010991 0.005775 0.287594 0.957672
1630597799.905762 -1203.408126 1391.880188 2.471606 0.009154 0.005072 0.289957 0.956982
1630597800.009522 -1203.172927 1393.189161 2.482100 0.007848 0.005189 0.292380 0.956256
1630597800.113281 -1202.941875 1394.496275 2.488655 0.007685 0.005351 0.294875 0.955490
1630597800.217041 -1202.714019 1395.802714 2.493063 0.009067 0.006579 0.297259 0.954731
1630597800.320557 -1202.494675 1397.108802 2.498163 0.009192 0.006166 0.299639 0.953988
1630597800.424317 -1202.277388 1398.426579 2.502373 0.009894 0.009854 0.301772 0.953278
1630597800.528076 -1202.080167 1399.752781 2.505830 0.002305 0.007133 0.304256 0.952561
1630597800.631714 -1201.883782 1401.057739 2.504913 0.005493 0.006465 0.306659 0.951782
1630597800.735352 -1201.698123 1402.351628 2.504563 0.012546 0.001111 0.308602 0.951108
1630597800.838989 -1201.513432 1403.663324 2.525091 0.014059 -0.000248 0.310718 0.950398
1630597800.942627 -1201.326485 1404.992864 2.556567 0.009958 0.003499 0.312612 0.949822
1630597801.046143 -1201.146340 1406.321954 2.579779 0.006003 0.006026 0.314301 0.949285
1630597801.149902 -1200.972078 1407.645534 2.585347 0.005723 0.006581 0.316111 0.948682
1630597801.253662 -1200.799801 1408.966199 2.580954 0.007947 0.007685 0.317893 0.948062
1630597801.357422 -1200.632625 1410.290027 2.578108 0.009117 0.008470 0.319523 0.947497
1630597801.461182 -1200.474438 1411.615803 2.580681 0.009896 0.008327 0.321138 0.946944
1630597801.564819 -1200.324238 1412.942254 2.588557 0.009447 0.006038 0.322772 0.946411
1630597801.668579 -1200.174037 1414.275428 2.599416 0.009363 0.007539 0.324405 0.945842
1630597801.772461 -1200.031541 1415.612947 2.610360 0.007295 0.006887 0.326174 0.945256
1630597801.876099 -1199.891437 1416.945573 2.616188 0.008164 0.006627 0.328093 0.944587
1630597801.979736 -1199.754416 1418.279524 2.620179 0.008129 0.006993 0.329775 0.943999
1630597802.083496 -1199.620002 1419.616796 2.624567 0.009030 0.008205 0.331216 0.943476
1630597802.187256 -1199.487341 1420.956915 2.628837 0.009089 0.010030 0.332607 0.942968
1630597802.290894 -1199.359903 1422.298420 2.632810 0.007741 0.011148 0.334238 0.942391
1630597802.394531 -1199.239882 1423.635840 2.636003 0.008327 0.011884 0.335731 0.941846
1630597802.498169 -1199.129158 1424.969648 2.639298 0.010001 0.009644 0.336834 0.941462
1630597802.601929 -1199.021809 1426.308208 2.647015 0.010244 0.008282 0.337658 0.941177
1630597802.705567 -1198.914892 1427.648854 2.657385 0.009310 0.007690 0.338297 0.940962
1630597802.809326 -1198.806366 1428.991271 2.666526 0.008594 0.008321 0.339017 0.940704
1630597802.913086 -1198.695542 1430.331769 2.672445 0.009089 0.010039 0.339678 0.940444
1630597803.016602 -1198.587075 1431.668015 2.676673 0.010103 0.011733 0.340357 0.940169
1630597803.120361 -1198.485766 1433.005446 2.681633 0.009284 0.010886 0.341076 0.939927
1630597803.224121 -1198.389960 1434.342093 2.687417 0.009828 0.008785 0.341585 0.939759
1630597803.327759 -1198.296931 1435.679219 2.695959 0.008368 0.007627 0.342045 0.939615
1630597803.431641 -1198.202136 1437.018556 2.703499 0.008152 0.007430 0.342579 0.939424
1630597803.535156 -1198.104235 1438.352248 2.708869 0.008083 0.008383 0.343166 0.939203
1630597803.638916 -1198.003878 1439.688460 2.712958 0.008856 0.010155 0.343744 0.938967
1630597803.742676 -1197.905735 1441.022943 2.716819 0.009229 0.012081 0.344390 0.938704
1630597803.846314 -1197.814354 1442.357305 2.720468 0.009598 0.011544 0.345498 0.938299
1630597803.950073 -1197.728963 1443.693202 2.726944 0.008477 0.011541 0.346854 0.937810
1630597804.053711 -1197.651637 1445.024844 2.731192 0.009236 0.009655 0.348014 0.937394
1630597804.157471 -1197.575461 1446.362512 2.736098 0.008550 0.009164 0.348858 0.937092
1630597804.261109 -1197.506518 1447.709034 2.738813 0.004213 0.008151 0.349985 0.936710
1630597804.364746 -1197.429442 1449.057387 2.737135 0.001826 0.012422 0.350804 0.936365
1630597804.468506 -1197.355113 1450.393133 2.726841 0.004597 0.010346 0.351732 0.936032
1630597804.572266 -1197.281418 1451.719247 2.719807 0.010848 0.010144 0.352562 0.935671
1630597804.675903 -1197.212856 1453.048991 2.727337 0.014369 0.008566 0.353162 0.935413
1630597804.779663 -1197.147929 1454.393663 2.748246 0.013495 0.009098 0.353730 0.935206
1630597804.883301 -1197.088711 1455.747219 2.769317 0.008336 0.009865 0.354432 0.934993
1630597804.987061 -1197.032457 1457.098291 2.780570 0.004257 0.010206 0.355109 0.934759
1630597805.090943 -1196.977696 1458.435203 2.779113 0.005830 0.007995 0.355453 0.934642
1630597805.194580 -1196.918038 1459.762041 2.775429 0.010511 0.007154 0.355616 0.934546
1630597805.298340 -1196.853128 1461.094970 2.783247 0.013990 0.008026 0.355825 0.934413
1630597805.402100 -1196.788334 1462.435448 2.800621 0.013153 0.009991 0.356145 0.934285
1630597805.505860 -1196.725871 1463.780346 2.820304 0.011545 0.012105 0.356492 0.934149
1630597805.609619 -1196.669414 1465.122010 2.834715 0.009628 0.012705 0.356861 0.934021
1630597805.713135 -1196.621549 1466.452291 2.842067 0.010116 0.010053 0.357144 0.933941
1630597805.816895 -1196.578002 1467.781017 2.848220 0.011614 0.006244 0.357406 0.933856
1630597805.920532 -1196.535945 1469.110599 2.860573 0.011912 0.002966 0.357487 0.933837
1630597806.024292 -1196.492169 1470.445405 2.879701 0.010685 0.000851 0.357629 0.933802
1630597806.127930 -1196.442006 1471.777984 2.900354 0.010282 0.000912 0.357847 0.933723
1630597806.231568 -1196.386395 1473.107726 2.919597 0.011646 0.002104 0.357923 0.933676
1630597806.335205 -1196.329010 1474.439190 2.937614 0.012809 0.003587 0.357980 0.933635
1630597806.438965 -1196.274423 1475.775968 2.956465 0.011501 0.004725 0.358186 0.933568
1630597806.542725 -1196.224050 1477.111905 2.973434 0.010967 0.004458 0.358338 0.933517
1630597806.646240 -1196.176512 1478.441819 2.988584 0.011234 0.003766 0.358382 0.933500
1630597806.750000 -1196.130323 1479.774079 3.004367 0.011951 0.002280 0.358396 0.933490
1630597806.853760 -1196.081257 1481.108910 3.023040 0.012017 0.002080 0.358501 0.933450
1630597806.957520 -1196.029743 1482.445392 3.043466 0.011683 0.002845 0.358680 0.933383
1630597807.061279 -1195.976918 1483.781493 3.062630 0.011710 0.002925 0.358719 0.933368
1630597807.165039 -1195.921738 1485.115827 3.080704 0.012809 0.005988 0.358768 0.933320
1630597807.268799 -1195.875289 1486.448687 3.099310 0.013085 0.003797 0.358990 0.933242
1630597807.372559 -1195.828808 1487.783250 3.120020 0.012884 0.003373 0.358934 0.933268
1630597807.476074 -1195.784710 1489.117019 3.141700 0.011525 0.001793 0.358370 0.933507
1630597807.579834 -1195.735417 1490.452675 3.162201 0.010932 0.001553 0.357866 0.933708
1630597807.683594 -1195.678120 1491.783701 3.181230 0.012756 0.002860 0.357447 0.933842
1630597807.787354 -1195.619742 1493.111210 3.202520 0.015083 0.002958 0.357147 0.933922
1630597807.890991 -1195.562128 1494.439017 3.228253 0.016386 0.003123 0.356718 0.934063
1630597807.994629 -1195.507636 1495.772336 3.257679 0.014611 0.002910 0.355979 0.934375
1630597808.098389 -1195.454891 1497.106906 3.285788 0.012059 0.001796 0.355031 0.934775
1630597808.202149 -1195.397176 1498.434024 3.308701 0.012097 0.001186 0.354087 0.935134
1630597808.305786 -1195.333526 1499.754144 3.329762 0.013620 0.000712 0.353168 0.935460
1630597808.409424 -1195.264277 1501.076491 3.353453 0.013897 0.001484 0.352202 0.935820
1630597808.513184 -1195.192711 1502.403761 3.378680 0.011524 0.003187 0.351037 0.936285
1630597808.616821 -1195.122448 1503.720749 3.401385 0.009324 0.002528 0.349608 0.936846
1630597808.720703 -1195.048786 1505.028079 3.419675 0.012196 0.000573 0.347698 0.937527
1630597808.824341 -1194.967880 1506.330696 3.441687 0.013166 0.000031 0.345711 0.938249
1630597808.927979 -1194.878349 1507.635493 3.468142 0.012389 0.001232 0.343824 0.938952
1630597809.031738 -1194.782644 1508.939713 3.493095 0.010294 0.002878 0.341982 0.939646
1630597809.135498 -1194.682942 1510.236533 3.512016 0.009173 0.003870 0.340029 0.940362
1630597809.239258 -1194.579912 1511.524083 3.525917 0.009518 0.003872 0.337810 0.941158
1630597809.342774 -1194.473134 1512.801860 3.538978 0.010558 0.002834 0.335447 0.941996
1630597809.446533 -1194.359592 1514.080227 3.554724 0.011083 0.002084 0.332895 0.942896
1630597809.550293 -1194.239776 1515.359033 3.572947 0.009858 0.001843 0.330047 0.943911
1630597809.653809 -1194.111904 1516.635514 3.589047 0.007254 0.002450 0.327080 0.944966
1630597809.757568 -1193.975856 1517.906815 3.601617 0.006204 0.002532 0.324129 0.945989
1630597809.861328 -1193.834683 1519.163818 3.610086 0.009219 0.000184 0.321103 0.946999
1630597809.964966 -1193.683953 1520.417117 3.622029 0.012257 -0.001178 0.318081 0.947984
1630597810.068726 -1193.523042 1521.682603 3.642432 0.010828 -0.000891 0.315108 0.948993
1630597810.172363 -1193.353283 1522.955209 3.663063 0.005790 0.001645 0.312146 0.950015
1630597810.276123 -1193.186498 1524.226622 3.674608 0.000340 -0.000092 0.309469 0.950909
1630597810.379883 -1193.015761 1525.483623 3.674586 -0.000616 -0.004354 0.306709 0.951793
1630597810.483399 -1192.822900 1526.710821 3.675001 0.009346 -0.004791 0.303633 0.952731
1630597810.587158 -1192.619387 1527.930784 3.688871 0.022199 -0.007616 0.300545 0.953479
1630597810.690918 -1192.403489 1529.179325 3.732222 0.022834 -0.006004 0.297397 0.954462
1630597810.794434 -1192.177298 1530.451663 3.791036 0.012684 0.000714 0.293684 0.955818
1630597810.898193 -1191.952206 1531.716144 3.829042 0.004427 0.002631 0.288941 0.957333
1630597811.001953 -1191.722852 1532.953296 3.838430 0.004927 0.000342 0.283852 0.958856
1630597811.105713 -1191.479767 1534.172805 3.838589 0.010124 -0.002997 0.279409 0.960114
1630597811.209351 -1191.217655 1535.387796 3.848480 0.014912 -0.003803 0.275538 0.961167
1630597811.313110 -1190.939872 1536.610910 3.875659 0.015452 -0.001765 0.271626 0.962277
1630597811.416870 -1190.652534 1537.837119 3.910282 0.012896 0.001146 0.267492 0.963473
1630597811.520508 -1190.360937 1539.056520 3.939185 0.010171 0.002428 0.263369 0.964639
1630597811.624268 -1190.063674 1540.266192 3.957457 0.009654 0.001978 0.259568 0.965675
1630597811.727783 -1189.757377 1541.463650 3.969114 0.010944 0.001518 0.256073 0.966594
1630597811.831543 -1189.441132 1542.659945 3.981827 0.011970 0.001557 0.252834 0.967434
1630597811.935181 -1189.117815 1543.853074 3.998369 0.012185 0.001748 0.249921 0.968188
1630597812.038818 -1188.785414 1545.045727 4.015940 0.012008 0.003446 0.247010 0.968932
1630597812.142578 -1188.450003 1546.235886 4.033787 0.010893 0.002964 0.244192 0.969661
1630597812.246338 -1188.110296 1547.420690 4.048055 0.011959 0.001522 0.241324 0.970370
1630597812.349854 -1187.763828 1548.602924 4.063909 0.012006 0.000508 0.238539 0.971058
1630597812.453613 -1187.405777 1549.789471 4.081086 0.011464 0.001288 0.235708 0.971756
1630597812.557373 -1187.041032 1550.976202 4.097334 0.009947 0.001763 0.232957 0.972435
1630597812.661133 -1186.668953 1552.159572 4.110121 0.009214 0.002298 0.230183 0.973101
1630597812.764893 -1186.290317 1553.339593 4.120069 0.009173 0.002272 0.227476 0.973738
1630597812.868530 -1185.904900 1554.516473 4.128863 0.009350 0.002693 0.224677 0.974385
1630597812.972290 -1185.512619 1555.694304 4.137563 0.008954 0.002863 0.221846 0.975036
1630597813.076172 -1185.112227 1556.872030 4.145727 0.008571 0.003495 0.219046 0.975671
1630597813.179932 -1184.705251 1558.045879 4.152872 0.008618 0.003880 0.216231 0.976297
1630597813.283569 -1184.292065 1559.216246 4.158986 0.008745 0.004042 0.213421 0.976913
1630597813.387207 -1183.872495 1560.385084 4.165080 0.008885 0.004119 0.210654 0.977512
1630597813.490967 -1183.446104 1561.553754 4.171493 0.008994 0.003865 0.207822 0.978118
1630597813.594605 -1183.010296 1562.719928 4.177552 0.009273 0.004873 0.204851 0.978737
1630597813.698364 -1182.567600 1563.888172 4.183514 0.008101 0.005980 0.201888 0.979357
1630597813.802002 -1182.120674 1565.051999 4.188384 0.007752 0.004893 0.198782 0.980001
1630597813.905762 -1181.664979 1566.213065 4.191354 0.007874 0.004781 0.195329 0.980695
1630597814.009522 -1181.202568 1567.372247 4.195463 0.007935 0.003438 0.191939 0.981369
1630597814.113037 -1180.733286 1568.525680 4.200617 0.008078 0.002100 0.188735 0.981993
1630597814.216797 -1180.254798 1569.678915 4.207744 0.008678 0.000843 0.185661 0.982575
1630597814.320557 -1179.768338 1570.831185 4.217467 0.008800 -0.000232 0.182382 0.983188
1630597814.424194 -1179.272144 1571.982151 4.228589 0.008266 0.000249 0.179129 0.983791
1630597814.527832 -1178.770207 1573.132999 4.239800 0.006520 -0.000429 0.175958 0.984376
1630597814.631592 -1178.260123 1574.282000 4.247634 0.005428 -0.000988 0.172996 0.984907
1630597814.735352 -1177.743445 1575.430287 4.252660 0.003525 -0.002374 0.169987 0.985437
1630597814.838989 -1177.215308 1576.574726 4.254822 0.002365 -0.000670 0.166871 0.985976
1630597814.942627 -1176.687054 1577.717090 4.255572 -0.000227 -0.002787 0.163941 0.986466
1630597815.046387 -1176.147653 1578.856102 4.252839 -0.000166 -0.003164 0.160935 0.986960
1630597815.150147 -1175.599461 1579.996312 4.250584 -0.002496 -0.002139 0.158114 0.987415
1630597815.253784 -1175.044631 1581.130192 4.245479 -0.002935 -0.001754 0.155311 0.987860
1630597815.357544 -1174.475024 1582.256567 4.234823 -0.002287 0.001350 0.152297 0.988331
1630597815.461182 -1173.903139 1583.373185 4.227224 0.000602 0.002135 0.149385 0.988777
1630597815.564942 -1173.333351 1584.489473 4.220094 0.002046 -0.001418 0.146601 0.989193
1630597815.668579 -1172.750550 1585.609397 4.219103 0.000680 -0.000536 0.144036 0.989572
1630597815.772339 -1172.161529 1586.731992 4.220815 -0.002540 0.000789 0.141070 0.989996
1630597815.875977 -1171.570081 1587.840376 4.215219 -0.002599 0.001339 0.138163 0.990405
1630597815.979736 -1170.976672 1588.932058 4.206857 0.001928 -0.001080 0.135586 0.990763
1630597816.083496 -1170.376238 1590.014991 4.203589 0.007990 -0.002382 0.132908 0.991093
1630597816.187134 -1169.767339 1591.105756 4.213753 0.007351 -0.002507 0.130123 0.991467
1630597816.291016 -1169.144786 1592.207258 4.229967 0.002450 0.002032 0.127338 0.991854
1630597816.394653 -1168.520365 1593.301114 4.237144 -0.002728 0.005451 0.124582 0.992191
1630597816.498535 -1167.895444 1594.381166 4.226349 -0.003571 0.006435 0.121740 0.992535
1630597816.602173 -1167.271708 1595.444594 4.204948 -0.001198 0.005008 0.118937 0.992888
1630597816.705811 -1166.641518 1596.500901 4.185403 0.001779 0.003977 0.116240 0.993212
1630597816.809570 -1166.002586 1597.557996 4.174734 0.003087 0.004059 0.113499 0.993525
1630597816.913330 -1165.355759 1598.615787 4.170321 0.002516 0.005998 0.110695 0.993833
1630597817.017090 -1164.707801 1599.672580 4.165699 0.000336 0.006139 0.108001 0.994132
1630597817.120728 -1164.058964 1600.720903 4.156489 -0.000698 0.004908 0.105256 0.994433
1630597817.224487 -1163.404377 1601.761834 4.143404 -0.000227 0.004020 0.102352 0.994740
1630597817.328125 -1162.744167 1602.794442 4.131722 0.000731 0.003245 0.099387 0.995043
1630597817.431885 -1162.074102 1603.821145 4.122848 0.002882 0.003390 0.096486 0.995324
1630597817.535523 -1161.397506 1604.844861 4.117616 0.002890 0.004837 0.093627 0.995591
1630597817.639160 -1160.718261 1605.867452 4.113820 0.001546 0.004907 0.090808 0.995855
1630597817.742920 -1160.036119 1606.887530 4.106838 -0.000068 0.004579 0.088057 0.996105
1630597817.846558 -1159.352143 1607.902640 4.095735 -0.001869 0.003299 0.085247 0.996353
1630597817.950195 -1158.663490 1608.912109 4.082268 -0.003303 0.002480 0.082357 0.996594
1630597818.053955 -1157.967105 1609.914656 4.067541 -0.003286 0.001828 0.079437 0.996833
1630597818.157715 -1157.262284 1610.910368 4.053167 -0.002715 0.002045 0.076567 0.997059
1630597818.261231 -1156.550589 1611.899573 4.039801 -0.002605 0.003077 0.073740 0.997269
1630597818.364990 -1155.829927 1612.882805 4.027355 -0.000464 0.005976 0.070749 0.997476
1630597818.468750 -1155.111945 1613.865325 4.013425 -0.000929 0.003278 0.067861 0.997689
1630597818.572388 -1154.383643 1614.843914 4.000582 -0.000962 0.004948 0.064853 0.997882
1630597818.676148 -1153.651695 1615.822860 3.990814 -0.003053 0.004677 0.061883 0.998068
1630597818.779785 -1152.917049 1616.790547 3.976326 -0.002693 0.003931 0.059025 0.998245
1630597818.883545 -1152.175819 1617.752421 3.959687 -0.001154 0.003049 0.056297 0.998409
1630597818.987305 -1151.427379 1618.713017 3.945399 -0.000713 0.002882 0.053489 0.998564
1630597819.090943 -1150.671956 1619.672049 3.933151 -0.001700 0.003667 0.050813 0.998700
1630597819.194702 -1149.910821 1620.631249 3.919723 -0.003313 0.004496 0.048189 0.998823
1630597819.298462 -1149.147410 1621.588173 3.902235 -0.005743 0.004393 0.045690 0.998929
1630597819.402100 -1148.379675 1622.535112 3.881232 -0.005575 0.004326 0.043142 0.999044
1630597819.505860 -1147.606556 1623.474109 3.858707 -0.004047 0.003699 0.040538 0.999163
1630597819.609619 -1146.826077 1624.408615 3.838740 -0.002197 0.003986 0.038077 0.999264
1630597819.713379 -1146.035798 1625.341182 3.822942 -0.001501 0.005753 0.035914 0.999337
1630597819.817017 -1145.242787 1626.271466 3.807955 -0.001657 0.007538 0.033656 0.999404
1630597819.920654 -1144.449229 1627.198074 3.789714 -0.001708 0.008441 0.031339 0.999472
1630597820.024414 -1143.653736 1628.121746 3.768907 -0.001757 0.008431 0.029103 0.999539
1630597820.128052 -1142.856059 1629.041354 3.747269 -0.002362 0.008550 0.026925 0.999598
1630597820.231934 -1142.053281 1629.958399 3.725805 -0.002886 0.008721 0.024826 0.999650
1630597820.335449 -1141.251901 1630.865696 3.703956 -0.002651 0.008671 0.022723 0.999701
1630597820.439209 -1140.448426 1631.768990 3.682784 -0.002162 0.007270 0.020657 0.999758
1630597820.542725 -1139.644025 1632.665264 3.663589 -0.001752 0.006021 0.018687 0.999806
1630597820.646485 -1138.829078 1633.559175 3.645727 0.000468 0.008564 0.016731 0.999823
1630597820.750244 -1138.015538 1634.457879 3.629618 -0.003839 0.008990 0.015335 0.999835
1630597820.854004 -1137.202423 1635.349550 3.609910 -0.005062 0.009248 0.014080 0.999845
1630597820.957764 -1136.393174 1636.233067 3.584602 -0.004694 0.007628 0.012649 0.999880
1630597821.061401 -1135.581738 1637.109677 3.558506 -0.002663 0.005895 0.011003 0.999919
1630597821.165039 -1134.761669 1637.985175 3.537115 -0.002088 0.006242 0.009671 0.999932
1630597821.268799 -1133.933784 1638.859507 3.519363 -0.001165 0.007767 0.008495 0.999933
1630597821.372559 -1133.099144 1639.734325 3.498408 -0.000979 0.011327 0.007127 0.999910
1630597821.476318 -1132.264317 1640.613759 3.474710 -0.003080 0.013076 0.005848 0.999893
1630597821.580078 -1131.434490 1641.487787 3.447325 -0.003403 0.012404 0.004658 0.999906
1630597821.683594 -1130.608457 1642.354195 3.414280 -0.001219 0.009890 0.003427 0.999944
1630597821.787354 -1129.772302 1643.228604 3.385942 -0.001900 0.009202 0.002230 0.999953
1630597821.891113 -1128.926765 1644.108338 3.361526 -0.004405 0.010404 0.001209 0.999935
1630597821.994873 -1128.077730 1644.984638 3.334190 -0.005523 0.011661 0.000086 0.999917
1630597822.098633 -1127.229165 1645.854324 3.301399 -0.003906 0.010752 -0.001074 0.999934
1630597822.202271 -1126.379046 1646.721449 3.268930 -0.001776 0.009434 -0.002035 0.999952
1630597822.305908 -1125.522997 1647.591205 3.242272 -0.000448 0.008852 -0.002769 0.999957
1630597822.409668 -1124.660863 1648.462596 3.220832 0.000734 0.009010 -0.003590 0.999953
1630597822.513184 -1123.794511 1649.331817 3.200418 0.002659 0.010307 -0.004630 0.999933
1630597822.616943 -1122.922464 1650.210651 3.179846 0.001029 0.011383 -0.005077 0.999922
1630597822.720703 -1122.053810 1651.095096 3.160222 -0.002059 0.010967 -0.004774 0.999926
1630597822.824219 -1121.189197 1651.976592 3.133330 -0.002835 0.009395 -0.004674 0.999941
1630597822.927979 -1120.322903 1652.864893 3.106232 -0.004534 0.007870 -0.005114 0.999946
1630597823.031738 -1119.451375 1653.751596 3.078010 -0.004873 0.007080 -0.005292 0.999949
1630597823.135376 -1118.571903 1654.634966 3.049454 -0.004673 0.008374 -0.005252 0.999940
1630597823.239136 -1117.683182 1655.518868 3.020080 -0.004048 0.011507 -0.005064 0.999913
1630597823.342774 -1116.793795 1656.403122 2.987700 -0.003451 0.014743 -0.004748 0.999874
1630597823.446533 -1115.907841 1657.290219 2.951567 -0.002523 0.016318 -0.004219 0.999855
1630597823.550293 -1115.026449 1658.179739 2.913310 -0.001208 0.016377 -0.003414 0.999859
1630597823.654053 -1114.146509 1659.075727 2.875771 -0.001650 0.016261 -0.002551 0.999863
1630597823.757813 -1113.265392 1659.975284 2.840027 -0.002250 0.017139 -0.001788 0.999849
1630597823.861450 -1112.386394 1660.873157 2.802862 -0.002183 0.017587 -0.001056 0.999842
1630597823.965088 -1111.508469 1661.769358 2.764634 -0.000662 0.018190 -0.000386 0.999834
1630597824.068848 -1110.630617 1662.667742 2.727120 0.000434 0.018562 0.000321 0.999828
1630597824.172608 -1109.754082 1663.568355 2.691383 0.000961 0.018865 0.000788 0.999821
1630597824.276245 -1108.880765 1664.470223 2.656676 0.000927 0.018787 0.000744 0.999823
1630597824.380005 -1108.006183 1665.373354 2.622027 0.000396 0.019101 0.000343 0.999817
1630597824.483643 -1107.131716 1666.273433 2.586611 0.000011 0.019611 -0.000045 0.999808
1630597824.587402 -1106.256052 1667.171678 2.549451 -0.000061 0.020388 -0.000346 0.999792
1630597824.691162 -1105.382073 1668.068129 2.510943 -0.000232 0.020782 -0.000618 0.999784
1630597824.794922 -1104.510549 1668.963114 2.471697 -0.000782 0.020891 -0.000955 0.999781
1630597824.898560 -1103.643230 1669.854592 2.431959 -0.001497 0.020793 -0.001218 0.999782
1630597825.002197 -1102.780350 1670.741722 2.392301 -0.001933 0.019953 -0.001308 0.999798
1630597825.105957 -1101.919278 1671.623838 2.353114 -0.001263 0.019417 -0.001304 0.999810
1630597825.209473 -1101.062262 1672.502017 2.315589 -0.001044 0.018832 -0.001021 0.999822
1630597825.313233 -1100.205089 1673.381297 2.280861 -0.002120 0.021073 -0.000271 0.999776
1630597825.416992 -1099.355636 1674.257990 2.243829 -0.003451 0.021840 0.000761 0.999755
1630597825.520752 -1098.516264 1675.131129 2.201675 -0.004748 0.022289 0.001665 0.999739
1630597825.624268 -1097.689223 1675.997280 2.156279 -0.005663 0.021662 0.002522 0.999746
1630597825.728027 -1096.869143 1676.858174 2.109859 -0.005967 0.021202 0.003296 0.999752
1630597825.831543 -1096.061944 1677.709633 2.065966 -0.006971 0.019802 0.004199 0.999771
1630597825.935303 -1095.265563 1678.560399 2.023294 -0.008229 0.017599 0.005360 0.999797
1630597826.039063 -1094.477039 1679.405393 1.984437 -0.011408 0.016485 0.006541 0.999778
1630597826.142700 -1093.700716 1680.234956 1.946131 -0.011397 0.014753 0.007589 0.999797
1630597826.246582 -1092.933392 1681.047451 1.908344 -0.007836 0.014125 0.008404 0.999834
1630597826.350342 -1092.177241 1681.845068 1.875976 -0.004203 0.013738 0.009228 0.999854
1630597826.453980 -1091.433952 1682.634105 1.851372 -0.002073 0.013495 0.009993 0.999857
1630597826.557861 -1090.701860 1683.416714 1.832894 -0.002009 0.013802 0.010668 0.999846
1630597826.661621 -1089.987421 1684.187957 1.814997 -0.002554 0.013657 0.010686 0.999846
1630597826.765503 -1089.289749 1684.947484 1.795468 -0.004910 0.012649 0.010617 0.999852
1630597826.869141 -1088.607874 1685.686387 1.774776 -0.005906 0.012447 0.010402 0.999851
1630597826.972901 -1087.939607 1686.405015 1.753838 -0.005857 0.012559 0.010213 0.999852
1630597827.076660 -1087.286384 1687.104660 1.732728 -0.005410 0.012375 0.009928 0.999860
1630597827.180420 -1086.646518 1687.786638 1.712915 -0.005089 0.012939 0.009432 0.999859
1630597827.284058 -1086.020429 1688.450030 1.694255 -0.004653 0.013642 0.008669 0.999859
1630597827.387695 -1085.408800 1689.095666 1.675639 -0.004079 0.014590 0.007782 0.999855
1630597827.491333 -1084.812695 1689.725582 1.656377 -0.003920 0.014672 0.006987 0.999860
1630597827.594971 -1084.229181 1690.338527 1.636903 -0.003410 0.015444 0.006312 0.999855
1630597827.698731 -1083.658726 1690.937332 1.617603 -0.003928 0.016278 0.005684 0.999844
1630597827.802246 -1083.103761 1691.520419 1.597750 -0.005081 0.017193 0.005037 0.999827
1630597827.906006 -1082.563969 1692.088611 1.577934 -0.006594 0.017925 0.004496 0.999807
1630597828.009522 -1082.043980 1692.636624 1.558083 -0.007407 0.017180 0.004055 0.999817
1630597828.113281 -1081.538159 1693.165879 1.536137 -0.006951 0.016334 0.003582 0.999836
1630597828.216797 -1081.047812 1693.674603 1.513642 -0.005832 0.016683 0.003240 0.999839
1630597828.320435 -1080.571296 1694.169814 1.493240 -0.005497 0.016718 0.003101 0.999840
1630597828.424194 -1080.108944 1694.651418 1.475901 -0.006075 0.017490 0.003259 0.999823
1630597828.527832 -1079.663490 1695.116235 1.459488 -0.006090 0.018138 0.003443 0.999811
1630597828.631592 -1079.235548 1695.565712 1.442684 -0.006736 0.017473 0.003614 0.999818
1630597828.735474 -1078.822413 1695.998757 1.423987 -0.006378 0.017071 0.003811 0.999827
1630597828.839111 -1078.425517 1696.416115 1.405583 -0.006530 0.016810 0.004091 0.999829
1630597828.942871 -1078.044413 1696.819771 1.389099 -0.007653 0.016512 0.004382 0.999825
1630597829.046631 -1077.680313 1697.208357 1.374593 -0.008967 0.016057 0.004646 0.999820
1630597829.150513 -1077.333286 1697.581322 1.360877 -0.010567 0.015338 0.004978 0.999814
1630597829.254273 -1077.003217 1697.935421 1.346488 -0.011585 0.014727 0.005364 0.999810
1630597829.358032 -1076.688631 1698.270151 1.331626 -0.012037 0.014178 0.005695 0.999811
1630597829.461792 -1076.388030 1698.585369 1.317068 -0.011636 0.014473 0.005747 0.999811
1630597829.565430 -1076.102312 1698.882754 1.303117 -0.010766 0.014782 0.005877 0.999816
1630597829.669190 -1075.831483 1699.166466 1.290196 -0.010310 0.015085 0.005951 0.999815
1630597829.772949 -1075.578208 1699.438013 1.278457 -0.010977 0.014736 0.005926 0.999814
1630597829.876587 -1075.342341 1699.694878 1.268031 -0.011980 0.014052 0.005991 0.999812
1630597829.980225 -1075.120969 1699.933432 1.258483 -0.012082 0.013153 0.006151 0.999822
1630597830.083862 -1074.911837 1700.152953 1.249911 -0.011238 0.012830 0.006312 0.999835
1630597830.187500 -1074.716188 1700.354129 1.242517 -0.009708 0.012638 0.006595 0.999851
1630597830.291016 -1074.535232 1700.535715 1.237008 -0.006886 0.012728 0.006694 0.999873
1630597830.394776 -1074.368983 1700.701124 1.232102 -0.004045 0.012666 0.006694 0.999889
1630597830.498291 -1074.218007 1700.850402 1.226948 -0.001439 0.013024 0.006799 0.999891
1630597830.602051 -1074.084486 1700.985820 1.222475 0.000164 0.013116 0.006855 0.999890
1630597830.705689 -1073.970663 1701.108617 1.218713 0.000485 0.012231 0.006721 0.999902
1630597830.809326 -1073.873342 1701.217557 1.214358 0.000436 0.011229 0.006837 0.999913
1630597830.913208 -1073.788498 1701.312514 1.209657 0.000445 0.009927 0.007078 0.999926
1630597831.016968 -1073.711498 1701.395330 1.205034 0.001275 0.008983 0.007041 0.999934
1630597831.120728 -1073.640552 1701.469215 1.202039 0.001886 0.008783 0.007028 0.999935
1630597831.224610 -1073.575390 1701.536287 1.200476 0.002209 0.008966 0.007192 0.999931
1630597831.328247 -1073.516008 1701.599045 1.199092 0.002459 0.008847 0.007283 0.999931
1630597831.431885 -1073.459495 1701.661040 1.197293 0.002740 0.008152 0.007306 0.999936
1630597831.535645 -1073.400865 1701.726016 1.194933 0.003167 0.007111 0.007386 0.999942
1630597831.639526 -1073.336919 1701.796325 1.192642 0.003346 0.006433 0.007489 0.999946
1630597831.743164 -1073.267554 1701.872145 1.190801 0.002931 0.006332 0.007552 0.999947
1630597831.846924 -1073.193837 1701.953128 1.188989 0.002265 0.006349 0.007616 0.999948
1630597831.950440 -1073.116882 1702.038066 1.187255 0.001537 0.006318 0.007734 0.999949
1630597832.054199 -1073.036559 1702.126892 1.185990 0.000645 0.006323 0.007955 0.999948
1630597832.157959 -1072.952449 1702.219133 1.185136 -0.000239 0.006528 0.008218 0.999945
1630597832.261719 -1072.864018 1702.314715 1.184211 -0.000966 0.006864 0.008585 0.999939
1630597832.365235 -1072.769811 1702.414828 1.182456 -0.000939 0.007022 0.009089 0.999934
1630597832.468994 -1072.666483 1702.523068 1.179663 0.000169 0.006758 0.009653 0.999931
1630597832.572510 -1072.550533 1702.643267 1.177096 0.001748 0.006252 0.010347 0.999925
1630597832.676270 -1072.416323 1702.778555 1.175931 0.003901 0.006860 0.011256 0.999906
1630597832.779785 -1072.266303 1702.932911 1.176236 0.004802 0.007873 0.011845 0.999887
1630597832.883545 -1072.102118 1703.105502 1.175975 0.005421 0.009202 0.012428 0.999866
1630597832.987305 -1071.927568 1703.293606 1.173293 0.005793 0.009268 0.013345 0.999851
1630597833.090943 -1071.741794 1703.495909 1.167385 0.006971 0.008892 0.014309 0.999834
1630597833.194824 -1071.543786 1703.714739 1.159740 0.008021 0.007938 0.015138 0.999822
1630597833.298584 -1071.334767 1703.950858 1.151630 0.008570 0.006417 0.015967 0.999815
1630597833.402222 -1071.114104 1704.204348 1.142877 0.008777 0.004613 0.016943 0.999807
1630597833.505982 -1070.877964 1704.474653 1.134933 0.008686 0.003341 0.017998 0.999795
1630597833.609863 -1070.620880 1704.760397 1.131217 0.008430 0.004436 0.019356 0.999767
1630597833.713623 -1070.345472 1705.061050 1.130347 0.008022 0.006985 0.020972 0.999723
1630597833.817261 -1070.057896 1705.377982 1.128863 0.007422 0.009607 0.022870 0.999665
1630597833.921021 -1069.762873 1705.713588 1.124378 0.006453 0.011045 0.025014 0.999605
1630597834.024658 -1069.462046 1706.067280 1.117568 0.004918 0.010907 0.027315 0.999555
1630597834.128418 -1069.151740 1706.437403 1.108985 0.003837 0.010061 0.029852 0.999496
1630597834.231934 -1068.829458 1706.820683 1.099315 0.003962 0.009378 0.032515 0.999419
1630597834.335571 -1068.493833 1707.219522 1.089061 0.004802 0.008962 0.035108 0.999332
1630597834.439209 -1068.147438 1707.635000 1.078315 0.005915 0.008655 0.037707 0.999234
1630597834.542969 -1067.791524 1708.069602 1.066801 0.006495 0.007931 0.040370 0.999132
1630597834.646607 -1067.426930 1708.522783 1.056170 0.006311 0.007354 0.043066 0.999025
1630597834.750366 -1067.053219 1708.993172 1.048148 0.005148 0.007430 0.045991 0.998901
1630597834.854004 -1066.671385 1709.475317 1.041374 0.004170 0.008123 0.049153 0.998750
1630597834.957764 -1066.280043 1709.969016 1.032692 0.004473 0.009520 0.052155 0.998584
1630597835.061524 -1065.883185 1710.478451 1.021487 0.004915 0.010127 0.055171 0.998413
1630597835.165161 -1065.484082 1711.006061 1.009558 0.004071 0.009556 0.058483 0.998234
1630597835.268921 -1065.081626 1711.550759 0.998974 0.002127 0.007855 0.061700 0.998062
1630597835.372681 -1064.669914 1712.106488 0.987704 0.002164 0.008008 0.064923 0.997856
1630597835.476441 -1064.249420 1712.672915 0.974361 0.003765 0.008924 0.068077 0.997633
1630597835.580200 -1063.821565 1713.258995 0.959654 0.003258 0.010031 0.071055 0.997417
1630597835.683838 -1063.393560 1713.860872 0.946263 0.002451 0.009253 0.074235 0.997195
1630597835.787598 -1062.961362 1714.473454 0.937552 0.003906 0.008402 0.077416 0.996956
1630597835.891358 -1062.524269 1715.094916 0.926609 0.007293 0.006228 0.080868 0.996679
1630597835.995117 -1062.080299 1715.735299 0.911186 0.010357 0.005239 0.084042 0.996395
1630597836.098877 -1061.629257 1716.402758 0.901869 0.009311 0.005352 0.087152 0.996137
1630597836.202515 -1061.169756 1717.092006 0.901435 0.006322 0.007494 0.090363 0.995861
1630597836.306152 -1060.705565 1717.796362 0.898807 0.003983 0.009431 0.093738 0.995544
1630597836.409790 -1060.243100 1718.512794 0.887348 0.002818 0.008943 0.096998 0.995240
1630597836.513428 -1059.778156 1719.239689 0.871404 0.003543 0.008046 0.100103 0.994938
1630597836.617188 -1059.307999 1719.980515 0.855051 0.005131 0.007753 0.103297 0.994607
1630597836.720947 -1058.837377 1720.739541 0.841178 0.005259 0.006418 0.106402 0.994289
1630597836.824463 -1058.364099 1721.514693 0.831312 0.003836 0.006404 0.109603 0.993947
1630597836.928223 -1057.884779 1722.303981 0.821885 0.002590 0.007753 0.112889 0.993574
1630597837.031738 -1057.406222 1723.103504 0.809540 0.001790 0.008285 0.115934 0.993221
1630597837.135620 -1056.926199 1723.917708 0.794116 0.001774 0.008348 0.118760 0.992886
1630597837.239258 -1056.443966 1724.739267 0.777891 0.002631 0.009037 0.121661 0.992527
1630597837.343018 -1055.958432 1725.572005 0.761249 0.004588 0.010094 0.124435 0.992166
1630597837.446655 -1055.470526 1726.417115 0.744998 0.006337 0.011350 0.126794 0.991844
1630597837.550415 -1054.978840 1727.278749 0.730504 0.007157 0.013049 0.129055 0.991526
1630597837.654175 -1054.488157 1728.155297 0.717144 0.007094 0.013045 0.131333 0.991227
1630597837.757935 -1053.997567 1729.044378 0.703094 0.007338 0.012358 0.133335 0.990967
1630597837.861694 -1053.506001 1729.946607 0.688628 0.007669 0.011371 0.134702 0.990791
1630597837.965454 -1053.011184 1730.864184 0.675082 0.007094 0.010402 0.135690 0.990671
1630597838.069214 -1052.511428 1731.795966 0.662517 0.005846 0.009793 0.136755 0.990539
1630597838.172852 -1052.007290 1732.739220 0.649299 0.004794 0.009306 0.137932 0.990386
1630597838.276734 -1051.497706 1733.695853 0.634669 0.004272 0.008773 0.139076 0.990234
1630597838.380371 -1050.984234 1734.661021 0.619326 0.004398 0.008473 0.140174 0.990081
1630597838.484131 -1050.466735 1735.639533 0.603638 0.004568 0.007875 0.141211 0.989938
1630597838.587647 -1049.945877 1736.628788 0.588801 0.004742 0.007629 0.142240 0.989791
1630597838.691406 -1049.418906 1737.634140 0.574286 0.004405 0.007319 0.143218 0.989654
1630597838.795044 -1048.886350 1738.652863 0.559328 0.003553 0.007973 0.144129 0.989520
1630597838.898682 -1048.349472 1739.686198 0.542677 0.001957 0.008964 0.145081 0.989377
1630597839.002197 -1047.812491 1740.725453 0.525038 0.001999 0.008774 0.145918 0.989256
1630597839.105957 -1047.274217 1741.772168 0.505311 0.004489 0.005842 0.146579 0.989172
1630597839.209717 -1046.727972 1742.834203 0.488804 0.006139 0.004328 0.147007 0.989107
1630597839.313477 -1046.171565 1743.917750 0.480653 0.004297 0.005593 0.147560 0.989028
1630597839.417114 -1045.608946 1745.013967 0.471323 0.002067 0.007164 0.148042 0.988953
1630597839.520752 -1045.042565 1746.118304 0.454249 0.000939 0.008389 0.148361 0.988897
1630597839.624512 -1044.474467 1747.230245 0.432302 0.001851 0.007478 0.148444 0.988891
1630597839.728272 -1043.899783 1748.349768 0.409641 0.003759 0.007482 0.148629 0.988858
1630597839.832031 -1043.320764 1749.483267 0.392459 0.003764 0.007359 0.148815 0.988831
1630597839.935791 -1042.736800 1750.627754 0.377769 0.003064 0.007798 0.149082 0.988789
1630597840.039551 -1042.149402 1751.779753 0.362458 0.002765 0.008115 0.149405 0.988739
1630597840.143311 -1041.560897 1752.936508 0.346253 0.002564 0.008472 0.149701 0.988692
1630597840.247070 -1040.971664 1754.097538 0.329496 0.002949 0.008087 0.149994 0.988649
1630597840.350830 -1040.380943 1755.263034 0.314387 0.003445 0.007824 0.150335 0.988598
1630597840.454590 -1039.789591 1756.432438 0.301610 0.003830 0.007356 0.150698 0.988545
1630597840.558228 -1039.196660 1757.604465 0.290241 0.004412 0.007625 0.151123 0.988476
1630597840.661987 -1038.601356 1758.783688 0.279342 0.004622 0.007828 0.151468 0.988420
1630597840.765625 -1038.005844 1759.967906 0.268137 0.004495 0.007871 0.151690 0.988386
1630597840.869263 -1037.409728 1761.157822 0.256126 0.004487 0.007978 0.152009 0.988337
1630597840.972901 -1036.812138 1762.351755 0.244117 0.005249 0.007285 0.152428 0.988274
1630597841.076416 -1036.209249 1763.550641 0.231926 0.005478 0.008603 0.152732 0.988215
1630597841.180176 -1035.603512 1764.762937 0.221186 0.003692 0.009304 0.152997 0.988176
1630597841.283814 -1034.997983 1765.978090 0.207291 0.002117 0.008752 0.153553 0.988099
1630597841.387695 -1034.389959 1767.198181 0.189169 0.002762 0.008530 0.153911 0.988044
1630597841.491211 -1033.784973 1768.417424 0.172001 0.003999 0.007285 0.154138 0.988014
1630597841.594971 -1033.177217 1769.643475 0.158914 0.005760 0.006277 0.154464 0.987962
1630597841.698731 -1032.568942 1770.878145 0.152328 0.005332 0.004971 0.154946 0.987896
1630597841.802368 -1031.962045 1772.119260 0.149018 0.003426 0.003747 0.155400 0.987839
1630597841.906128 -1031.353821 1773.364996 0.143978 0.001806 0.003157 0.155729 0.987793
1630597842.009888 -1030.743800 1774.609956 0.136110 0.001496 0.002826 0.155989 0.987754
1630597842.113648 -1030.133198 1775.853261 0.127333 0.002309 0.001862 0.156427 0.987685
1630597842.217407 -1029.519485 1777.097601 0.120570 0.003495 0.002039 0.156976 0.987594
1630597842.321167 -1028.905539 1778.346481 0.117314 0.003822 0.002788 0.157337 0.987534
1630597842.424927 -1028.292852 1779.598777 0.114757 0.003653 0.003243 0.157577 0.987495
1630597842.528565 -1027.681535 1780.852138 0.110757 0.003082 0.003758 0.157922 0.987440
1630597842.632324 -1027.070673 1782.108253 0.105159 0.002480 0.003732 0.158417 0.987362
1630597842.735962 -1026.461911 1783.363309 0.097659 0.002248 0.003723 0.158886 0.987287
1630597842.839722 -1025.852619 1784.621405 0.089281 0.001880 0.004190 0.159342 0.987213
1630597842.943360 -1025.241643 1785.878870 0.079668 0.001600 0.005556 0.159700 0.987149
1630597843.046997 -1024.630547 1787.135794 0.068164 0.001572 0.006898 0.159954 0.987099
1630597843.150635 -1024.021276 1788.389945 0.055252 0.002785 0.007784 0.160289 0.987035
1630597843.254273 -1023.416091 1789.643506 0.043127 0.003922 0.007058 0.160611 0.986985
1630597843.357910 -1022.812612 1790.900638 0.034397 0.004399 0.006335 0.160729 0.986969
1630597843.461670 -1022.208575 1792.164082 0.027955 0.003669 0.005767 0.160678 0.986983
1630597843.565308 -1021.604100 1793.427897 0.020977 0.002749 0.005606 0.160542 0.987009
1630597843.668945 -1020.997148 1794.689732 0.012025 0.002980 0.005397 0.160399 0.987033
1630597843.772827 -1020.386011 1795.953487 0.002547 0.004187 0.005594 0.160261 0.987050
1630597843.876465 -1019.777547 1797.217253 -0.004506 0.004298 0.005026 0.160121 0.987075
1630597843.980225 -1019.169335 1798.485053 -0.009404 0.003730 0.004114 0.159848 0.987126
1630597844.084107 -1018.560580 1799.755316 -0.013290 0.002487 0.003144 0.159364 0.987212
1630597844.187744 -1017.951712 1801.020314 -0.017804 0.001860 0.002378 0.158755 0.987313
1630597844.291504 -1017.337557 1802.284048 -0.023305 0.002040 0.002698 0.158040 0.987427
1630597844.395264 -1016.718181 1803.547338 -0.029613 0.001537 0.004023 0.157380 0.987529
1630597844.499024 -1016.095609 1804.808724 -0.038135 0.001118 0.005796 0.156737 0.987623
1630597844.602783 -1015.473747 1806.065606 -0.049798 0.001809 0.006645 0.156088 0.987719
1630597844.706543 -1014.853663 1807.319340 -0.061835 0.003030 0.006214 0.155568 0.987801
1630597844.810181 -1014.234608 1808.571295 -0.070814 0.003895 0.005511 0.155033 0.987886
1630597844.913941 -1013.614629 1809.827413 -0.076883 0.003628 0.005098 0.154435 0.987983
1630597845.017578 -1012.993571 1811.084038 -0.082389 0.002485 0.004593 0.154045 0.988050
1630597845.121216 -1012.369762 1812.339288 -0.090006 0.001752 0.004802 0.153630 0.988115
1630597845.224854 -1011.744436 1813.590388 -0.099060 0.002679 0.004752 0.153302 0.988164
1630597845.328491 -1011.119719 1814.838612 -0.106844 0.004207 0.004277 0.153317 0.988159
1630597845.432129 -1010.494797 1816.088159 -0.110583 0.005333 0.004596 0.153336 0.988149
1630597845.535889 -1009.870680 1817.341726 -0.110562 0.004432 0.003857 0.153219 0.988175
1630597845.639404 -1009.247065 1818.590999 -0.110723 0.003458 0.004217 0.153020 0.988208
1630597845.743164 -1008.621764 1819.838589 -0.112703 0.003861 0.004357 0.152792 0.988241
1630597845.846924 -1007.995988 1821.082002 -0.115877 0.005215 0.005012 0.152747 0.988239
1630597845.950440 -1007.371550 1822.321384 -0.117737 0.005962 0.005205 0.152791 0.988227
1630597846.054199 -1006.747303 1823.564751 -0.118191 0.005895 0.005355 0.152592 0.988257
1630597846.157959 -1006.125639 1824.808850 -0.118388 0.005269 0.005252 0.152407 0.988290
1630597846.261719 -1005.504397 1826.052427 -0.120091 0.004722 0.005007 0.152299 0.988311
1630597846.365479 -1004.880747 1827.294532 -0.123090 0.004270 0.005374 0.152143 0.988335
1630597846.469238 -1004.256651 1828.533363 -0.127302 0.004578 0.005574 0.152049 0.988347
1630597846.573120 -1003.630363 1829.771090 -0.131870 0.005986 0.006033 0.152020 0.988341
1630597846.676758 -1003.004725 1831.006664 -0.134661 0.006796 0.007234 0.151902 0.988346
1630597846.780518 -1002.379321 1832.246939 -0.137065 0.006220 0.007496 0.151803 0.988363
1630597846.884277 -1001.753993 1833.489051 -0.140859 0.004579 0.008306 0.151799 0.988366
1630597846.988037 -1001.129803 1834.729640 -0.148837 0.003879 0.008890 0.151621 0.988391
1630597847.091797 -1000.507624 1835.967902 -0.160253 0.003680 0.008516 0.151531 0.988409
1630597847.195313 -999.886650 1837.201978 -0.172157 0.003904 0.007890 0.151504 0.988417
1630597847.299072 -999.261953 1838.439559 -0.182813 0.003928 0.008140 0.151399 0.988431
1630597847.402710 -998.636814 1839.677171 -0.193111 0.003073 0.008643 0.151270 0.988450
1630597847.506348 -998.011365 1840.910478 -0.203855 0.003795 0.009489 0.151048 0.988474
1630597847.610108 -997.384967 1842.141611 -0.215407 0.005890 0.009698 0.150778 0.988503
1630597847.713745 -996.757787 1843.373671 -0.223834 0.006186 0.009858 0.150647 0.988519
1630597847.817383 -996.131258 1844.607861 -0.230240 0.005389 0.010320 0.150395 0.988557
1630597847.921143 -995.504026 1845.842013 -0.237701 0.005591 0.010870 0.150123 0.988592
1630597848.024902 -994.878242 1847.074041 -0.246934 0.005839 0.010705 0.149839 0.988635
1630597848.128418 -994.252685 1848.301444 -0.256696 0.006687 0.010426 0.149513 0.988682
1630597848.232178 -993.624028 1849.531236 -0.264883 0.007017 0.010596 0.149195 0.988726
1630597848.335938 -992.995463 1850.760063 -0.271298 0.007463 0.010537 0.148853 0.988775
1630597848.439575 -992.367700 1851.988147 -0.277096 0.007230 0.010479 0.148445 0.988839
1630597848.543335 -991.737549 1853.220229 -0.283710 0.005262 0.011323 0.147902 0.988923
1630597848.646973 -991.109372 1854.443532 -0.291511 0.004747 0.010903 0.147124 0.989047
1630597848.750855 -990.480865 1855.659273 -0.301633 0.008157 0.009525 0.146116 0.989188
1630597848.854492 -989.851730 1856.876107 -0.306189 0.007590 0.008542 0.145138 0.989345
1630597848.958252 -989.219009 1858.099929 -0.305916 0.003934 0.008763 0.143952 0.989538
1630597849.062012 -988.584636 1859.317425 -0.310407 0.001160 0.009068 0.142473 0.989756
1630597849.165772 -987.949316 1860.521409 -0.322375 0.002126 0.008090 0.140767 0.990007
1630597849.269531 -987.312155 1861.715009 -0.335030 0.004773 0.006243 0.139166 0.990238
1630597849.373169 -986.669348 1862.904078 -0.341228 0.007198 0.005726 0.137702 0.990431
1630597849.476807 -986.020933 1864.095058 -0.340031 0.006777 0.006400 0.136071 0.990655
1630597849.580567 -985.369402 1865.286917 -0.337778 0.005367 0.007267 0.134187 0.990915
1630597849.684082 -984.716303 1866.469888 -0.340140 0.004276 0.007927 0.132255 0.991175
1630597849.787842 -984.058938 1867.648174 -0.347265 0.005138 0.007849 0.130294 0.991431
1630597849.891602 -983.397602 1868.821516 -0.355284 0.006096 0.007826 0.128324 0.991683
1630597849.995117 -982.732282 1869.990363 -0.361527 0.006721 0.008268 0.126492 0.991910
1630597850.098877 -982.061886 1871.161949 -0.366219 0.005948 0.008467 0.124650 0.992147
1630597850.202393 -981.390703 1872.328664 -0.371690 0.005076 0.008366 0.122850 0.992377
1630597850.306152 -980.715179 1873.493887 -0.378981 0.004938 0.007672 0.121112 0.992597
1630597850.409912 -980.035169 1874.655235 -0.386750 0.005411 0.007316 0.119415 0.992803
1630597850.513672 -979.349882 1875.814308 -0.393239 0.005898 0.007312 0.117952 0.992975
1630597850.617310 -978.661700 1876.971222 -0.398678 0.005852 0.007469 0.116793 0.993111
1630597850.720947 -977.971364 1878.128193 -0.404146 0.005341 0.007480 0.115720 0.993239
1630597850.824707 -977.278665 1879.286529 -0.410871 0.004582 0.007232 0.114595 0.993375
1630597850.928345 -976.585531 1880.443075 -0.419051 0.003809 0.006417 0.113479 0.993512
1630597851.032227 -975.888085 1881.601356 -0.427951 0.003322 0.005319 0.112413 0.993642
1630597851.135864 -975.187989 1882.756092 -0.436663 0.003235 0.004768 0.111404 0.993759
1630597851.239502 -974.483631 1883.910882 -0.444780 0.003073 0.004285 0.110306 0.993884
1630597851.343262 -973.773799 1885.066800 -0.452436 0.002935 0.004229 0.109239 0.994002
1630597851.447022 -973.060136 1886.221772 -0.459936 0.003169 0.004241 0.108197 0.994115
1630597851.550781 -972.343221 1887.375918 -0.466951 0.003839 0.004009 0.107138 0.994229
1630597851.654541 -971.623491 1888.530747 -0.472703 0.004248 0.003639 0.106073 0.994343
1630597851.758179 -970.901655 1889.685823 -0.477052 0.004101 0.002908 0.105019 0.994458
1630597851.861817 -970.174179 1890.841447 -0.480898 0.003845 0.003108 0.103879 0.994578
1630597851.967651 -969.429522 1892.023203 -0.484978 0.003005 0.003441 0.102815 0.994690
1630597852.073486 -968.684001 1893.202862 -0.489596 0.003292 0.002272 0.101900 0.994787
1630597852.177124 -967.951311 1894.356593 -0.493571 0.003691 0.001003 0.100963 0.994883
1630597852.280884 -967.213451 1895.515343 -0.495240 0.003039 -0.000232 0.099968 0.994986
1630597852.384522 -966.469752 1896.675855 -0.496051 0.001470 0.000167 0.099103 0.995076
1630597852.488281 -965.721031 1897.836702 -0.499805 0.000755 0.000966 0.098238 0.995162
1630597852.591797 -964.971120 1898.994061 -0.507540 0.000572 0.001110 0.097446 0.995240
1630597852.695435 -964.216580 1900.152892 -0.516571 0.000450 0.001684 0.096623 0.995320
1630597852.799194 -963.459311 1901.313201 -0.526409 0.000525 0.001669 0.095788 0.995400
1630597852.902832 -962.700252 1902.472497 -0.535835 0.000682 0.001336 0.095070 0.995470
1630597853.006592 -961.938005 1903.631804 -0.543536 0.001565 0.000978 0.094402 0.995532
1630597853.110352 -961.174031 1904.791060 -0.548997 0.002661 0.000263 0.093779 0.995589
1630597853.214111 -960.404492 1905.949546 -0.550130 0.004223 0.001040 0.093322 0.995626
1630597853.317749 -959.626430 1907.105400 -0.549707 0.006732 0.004394 0.092649 0.995666
1630597853.421509 -958.850052 1908.265392 -0.547216 0.007133 0.005433 0.092505 0.995672
1630597853.525147 -958.079907 1909.422682 -0.545665 0.008790 0.004465 0.092415 0.995672
1630597853.628906 -957.310523 1910.586315 -0.540958 0.008455 0.002901 0.091994 0.995719
1630597853.732666 -956.540731 1911.756276 -0.533786 0.006028 0.001443 0.091644 0.995773
1630597853.836304 -955.768231 1912.924791 -0.529434 0.004115 0.001111 0.091533 0.995793
1630597853.940186 -954.989906 1914.091923 -0.529335 0.004206 0.001769 0.091544 0.995791
1630597854.043701 -954.213206 1915.252081 -0.531128 0.005486 0.001874 0.091557 0.995783
1630597854.147461 -953.433038 1916.414666 -0.531053 0.007070 0.002315 0.091426 0.995784
1630597854.251221 -952.649999 1917.577952 -0.527368 0.008614 0.003339 0.091095 0.995799
1630597854.354859 -951.868958 1918.743767 -0.521366 0.008947 0.003763 0.090966 0.995807
1630597854.458496 -951.087754 1919.910539 -0.514163 0.008917 0.003923 0.090926 0.995810
1630597854.562256 -950.307061 1921.078201 -0.507375 0.009052 0.003367 0.090554 0.995845
1630597854.665894 -949.526611 1922.244209 -0.500665 0.009618 0.002839 0.090148 0.995878
1630597854.769776 -948.742953 1923.415606 -0.492883 0.008952 0.002376 0.090016 0.995897
1630597854.873291 -947.959557 1924.583460 -0.485113 0.008284 0.002797 0.089899 0.995912
1630597854.977051 -947.174657 1925.754114 -0.479111 0.007803 0.002553 0.089636 0.995941
1630597855.080689 -946.390560 1926.923015 -0.474066 0.007508 0.002098 0.089371 0.995968
1630597855.184326 -945.605279 1928.091339 -0.468997 0.007643 0.001723 0.089105 0.995991
1630597855.288086 -944.817960 1929.261440 -0.462909 0.007670 0.001425 0.088899 0.996010
1630597855.391846 -944.030378 1930.431958 -0.455619 0.007679 0.000832 0.088706 0.996028
1630597855.495606 -943.241998 1931.602756 -0.447584 0.007337 0.000135 0.088432 0.996055
1630597855.599243 -942.452636 1932.771798 -0.438764 0.007483 0.000028 0.088181 0.996076
1630597855.703125 -941.660954 1933.943653 -0.429434 0.007429 -0.000368 0.088109 0.996083
1630597855.806763 -940.869360 1935.112473 -0.419694 0.007630 -0.000403 0.088068 0.996085
1630597855.910523 -940.076148 1936.283231 -0.409541 0.007642 -0.000271 0.087932 0.996097
1630597856.014282 -939.282291 1937.454710 -0.399518 0.007519 -0.000128 0.087783 0.996111
1630597856.117920 -938.488231 1938.625245 -0.390069 0.007233 0.000057 0.087635 0.996126
1630597856.221680 -937.692234 1939.795818 -0.381385 0.007619 0.000543 0.087466 0.996138
1630597856.325440 -936.896276 1940.965356 -0.372963 0.008450 0.000664 0.087217 0.996153
1630597856.429199 -936.099551 1942.134743 -0.363064 0.008803 0.000867 0.087019 0.996167
1630597856.532837 -935.303673 1943.303225 -0.351869 0.008785 0.001047 0.086844 0.996183
1630597856.636475 -934.507813 1944.471488 -0.340802 0.008223 0.001601 0.086515 0.996215
1630597856.740235 -933.711798 1945.639511 -0.331175 0.007590 0.001887 0.086138 0.996252
1630597856.843994 -932.914921 1946.802831 -0.323315 0.008279 0.003027 0.085805 0.996273
1630597856.947510 -932.123301 1947.960388 -0.315833 0.007944 0.002118 0.085462 0.996308
1630597857.051270 -931.328868 1949.117583 -0.307490 0.008677 0.002142 0.085063 0.996335
1630597857.155029 -930.535162 1950.274390 -0.297484 0.008058 0.002538 0.084731 0.996368
1630597857.258789 -929.741847 1951.428500 -0.288366 0.007964 0.003215 0.084437 0.996392
1630597857.362305 -928.952634 1952.576924 -0.281065 0.007145 0.003257 0.084168 0.996421
1630597857.466065 -928.163335 1953.724259 -0.275437 0.007266 0.003077 0.083904 0.996443
1630597857.569702 -927.375760 1954.866399 -0.270212 0.007424 0.003601 0.083796 0.996449
1630597857.673340 -926.589925 1956.005009 -0.264568 0.007707 0.003833 0.083881 0.996439
1630597857.777100 -925.805877 1957.142048 -0.258490 0.007516 0.003884 0.083987 0.996431
1630597857.880860 -925.024644 1958.275935 -0.252538 0.007575 0.004362 0.083967 0.996430
1630597857.984619 -924.246318 1959.406418 -0.247051 0.007626 0.004569 0.083948 0.996431
1630597858.088257 -923.472155 1960.532391 -0.242030 0.007094 0.004306 0.084016 0.996430
1630597858.192017 -922.700602 1961.655251 -0.237090 0.007259 0.003774 0.084094 0.996424
1630597858.295776 -921.932235 1962.774443 -0.231904 0.007471 0.003167 0.084119 0.996423
1630597858.399536 -921.165677 1963.891133 -0.225343 0.007215 0.002866 0.084049 0.996431
1630597858.503174 -920.401121 1965.003302 -0.218292 0.006852 0.003055 0.083968 0.996440
1630597858.607056 -919.637486 1966.113618 -0.211709 0.006508 0.003048 0.083970 0.996442
1630597858.710693 -918.878028 1967.215566 -0.206274 0.007087 0.002975 0.083958 0.996440
1630597858.814453 -918.120146 1968.316046 -0.200641 0.007353 0.002913 0.083947 0.996439
1630597858.918213 -917.363704 1969.414144 -0.194005 0.006868 0.003420 0.083960 0.996440
1630597859.021851 -916.611516 1970.506832 -0.187992 0.006596 0.003657 0.083933 0.996443
1630597859.125733 -915.860449 1971.596216 -0.183228 0.006923 0.003779 0.083868 0.996446
1630597859.229248 -915.114532 1972.676115 -0.178629 0.007496 0.003881 0.083702 0.996455
1630597859.332886 -914.370232 1973.753111 -0.173312 0.007766 0.004176 0.083531 0.996466
1630597859.436524 -913.629333 1974.827108 -0.167508 0.007124 0.004363 0.083511 0.996472
1630597859.540283 -912.891306 1975.897107 -0.162485 0.006512 0.004829 0.083308 0.996491
1630597859.643921 -912.159483 1976.957449 -0.158797 0.006523 0.004648 0.083087 0.996510
1630597859.747559 -911.432791 1978.008175 -0.155236 0.007454 0.003986 0.082855 0.996526
1630597859.851318 -910.708224 1979.050493 -0.149248 0.008940 0.003875 0.082707 0.996526
1630597859.955078 -909.988557 1980.084955 -0.140006 0.010070 0.003775 0.082605 0.996524
1630597860.058716 -909.275449 1981.109892 -0.128253 0.010136 0.004681 0.082395 0.996537
1630597860.162354 -908.572771 1982.125526 -0.114856 0.009247 0.004419 0.082279 0.996557
1630597860.266113 -907.879405 1983.128657 -0.102544 0.008399 0.004238 0.082184 0.996573
1630597860.369873 -907.196350 1984.117230 -0.091781 0.007423 0.004201 0.082072 0.996590
1630597860.473633 -906.524710 1985.091527 -0.082449 0.005824 0.003700 0.081970 0.996611
1630597860.577393 -905.863158 1986.048977 -0.075126 0.004651 0.004115 0.081863 0.996624
1630597860.681030 -905.214759 1986.988332 -0.069731 0.003692 0.003520 0.081805 0.996635
1630597860.784668 -904.577904 1987.910273 -0.066193 0.003150 0.003179 0.081662 0.996650
1630597860.888428 -903.951784 1988.818424 -0.063046 0.002143 0.002265 0.081700 0.996652
1630597860.992188 -903.334969 1989.711396 -0.060659 0.001621 0.001950 0.081580 0.996664
1630597861.095825 -902.729585 1990.589467 -0.058505 0.000031 0.001377 0.081562 0.996667
1630597861.199463 -902.133477 1991.448410 -0.056711 0.000863 0.001169 0.081386 0.996682
1630597861.303223 -901.545738 1992.295266 -0.057121 0.000482 0.000590 0.081487 0.996674
1630597861.406860 -900.963627 1993.125728 -0.055787 0.001370 0.002505 0.081855 0.996640
1630597861.510620 -900.391750 1993.942400 -0.052165 0.001625 0.003931 0.082615 0.996572
1630597861.614258 -899.835918 1994.739875 -0.051047 0.004004 0.003826 0.083078 0.996528
1630597861.717896 -899.297395 1995.528450 -0.050089 0.004720 0.001730 0.083727 0.996476
1630597861.821777 -898.765707 1996.306303 -0.046147 0.004066 0.000908 0.084571 0.996409
1630597861.925293 -898.233485 1997.060309 -0.039196 0.006597 0.005046 0.085096 0.996338
1630597862.029053 -897.716187 1997.805139 -0.032674 0.007428 0.005045 0.085217 0.996322
1630597862.132813 -897.210726 1998.539894 -0.025949 0.008208 0.005736 0.085116 0.996321
1630597862.236572 -896.711842 1999.263705 -0.020766 0.008193 0.005896 0.086076 0.996237
1630597862.340210 -896.220795 1999.975956 -0.016579 0.008439 0.007692 0.086610 0.996177
1630597862.443970 -895.741744 2000.678433 -0.012902 0.008315 0.008020 0.086764 0.996162
1630597862.547730 -895.275127 2001.367930 -0.009406 0.008423 0.007086 0.087086 0.996140
1630597862.651367 -894.819428 2002.042226 -0.006784 0.009300 0.005983 0.087391 0.996113
1630597862.755249 -894.369548 2002.705598 -0.002840 0.009689 0.005735 0.087934 0.996063
1630597862.858887 -893.928443 2003.353744 0.003049 0.009368 0.007021 0.088373 0.996019
1630597862.962647 -893.499451 2003.987750 0.009842 0.008226 0.008068 0.088596 0.996001
1630597863.066406 -893.084618 2004.603735 0.015121 0.007261 0.008519 0.089024 0.995967
1630597863.169922 -892.685250 2005.197431 0.017306 0.007142 0.008764 0.089336 0.995937
1630597863.273682 -892.299035 2005.773046 0.018235 0.007079 0.008446 0.089580 0.995919
1630597863.377442 -891.925410 2006.330102 0.019555 0.006767 0.008472 0.090060 0.995877
1630597863.480957 -891.566056 2006.866111 0.021256 0.006655 0.008782 0.090359 0.995848
1630597863.584717 -891.219461 2007.383852 0.022728 0.006462 0.008946 0.090527 0.995833
1630597863.688355 -890.885633 2007.883287 0.023693 0.006275 0.008960 0.090917 0.995798
1630597863.792114 -890.563406 2008.364509 0.024397 0.006403 0.009379 0.091491 0.995741
1630597863.895752 -890.255778 2008.826651 0.024990 0.006639 0.009439 0.091950 0.995697
1630597863.999512 -889.960684 2009.271940 0.026139 0.006693 0.009351 0.092508 0.995646
1630597864.103272 -889.677998 2009.699566 0.026808 0.006547 0.009252 0.093216 0.995581
1630597864.207031 -889.408225 2010.107947 0.027081 0.006627 0.009410 0.093686 0.995535
1630597864.310791 -889.152378 2010.495644 0.027495 0.006847 0.009463 0.093948 0.995509
1630597864.414429 -888.909713 2010.862739 0.028519 0.007223 0.009417 0.094340 0.995469
1630597864.518067 -888.679888 2011.211188 0.029629 0.007553 0.009395 0.094855 0.995418
1630597864.621826 -888.463523 2011.542143 0.030561 0.007648 0.009063 0.095344 0.995374
1630597864.725586 -888.260385 2011.853181 0.031287 0.007870 0.009010 0.095646 0.995343
1630597864.829224 -888.071541 2012.142232 0.031970 0.008101 0.008827 0.095833 0.995325
1630597864.932984 -887.895691 2012.410521 0.032751 0.008523 0.008615 0.096119 0.995296
1630597865.036621 -887.732045 2012.659145 0.033875 0.008917 0.008825 0.096436 0.995260
1630597865.140381 -887.581526 2012.889393 0.035287 0.008868 0.008807 0.096689 0.995236
1630597865.244141 -887.444012 2013.100137 0.036601 0.009073 0.008867 0.096971 0.995206
1630597865.347656 -887.319901 2013.291234 0.037770 0.009105 0.008774 0.097276 0.995177
1630597865.451416 -887.209132 2013.462158 0.039089 0.009051 0.008804 0.097454 0.995160
1630597865.555176 -887.112931 2013.611309 0.040168 0.008947 0.008783 0.097474 0.995159
1630597865.658936 -887.030423 2013.738880 0.040725 0.009103 0.008598 0.097567 0.995150
1630597865.762573 -886.959397 2013.847760 0.040633 0.009529 0.008386 0.097743 0.995131
1630597865.866333 -886.897311 2013.943176 0.039627 0.010387 0.007753 0.097837 0.995118
1630597865.969971 -886.841536 2014.029408 0.039383 0.011100 0.007109 0.097871 0.995112
1630597866.073731 -886.790444 2014.108403 0.040691 0.011228 0.006982 0.097952 0.995103
1630597866.177490 -886.743958 2014.180586 0.041756 0.011238 0.006851 0.098005 0.995099
1630597866.281006 -886.701537 2014.246184 0.042009 0.011263 0.006780 0.098058 0.995094
1630597866.384766 -886.662101 2014.306661 0.041890 0.011458 0.006684 0.098140 0.995084
1630597866.488526 -886.624252 2014.364671 0.041659 0.011920 0.006377 0.098197 0.995075
1630597866.592163 -886.585831 2014.424000 0.041730 0.012497 0.005847 0.098313 0.995060
1630597866.695923 -886.545244 2014.487113 0.042313 0.012867 0.005487 0.098407 0.995048
1630597866.799561 -886.502174 2014.554303 0.043110 0.012793 0.005401 0.098481 0.995042
1630597866.903320 -886.456708 2014.624566 0.043699 0.012635 0.005513 0.098647 0.995027
1630597867.007080 -886.409691 2014.697068 0.044143 0.012609 0.005538 0.098805 0.995012
1630597867.110718 -886.361499 2014.771758 0.044773 0.012641 0.005535 0.098896 0.995002
1630597867.214478 -886.311767 2014.849125 0.045285 0.012641 0.005495 0.099052 0.994987
1630597867.318237 -886.260049 2014.929278 0.045573 0.012734 0.005467 0.099314 0.994960
1630597867.421875 -886.205592 2015.013368 0.045233 0.013133 0.005311 0.099556 0.994931
1630597867.525635 -886.146295 2015.104859 0.043686 0.014235 0.004682 0.099828 0.994892
1630597867.629395 -886.079393 2015.208957 0.041939 0.015676 0.003717 0.100177 0.994839
1630597867.732910 -886.002079 2015.330518 0.041423 0.016730 0.002950 0.100639 0.994778
1630597867.836670 -885.912151 2015.472741 0.042411 0.017009 0.002654 0.101299 0.994707
1630597867.940430 -885.809944 2015.634976 0.044331 0.016700 0.002835 0.101999 0.994640
1630597868.043945 -885.697481 2015.814754 0.046361 0.016369 0.002801 0.102707 0.994573
1630597868.147705 -885.573934 2016.012065 0.048167 0.016353 0.002765 0.103493 0.994492
1630597868.251465 -885.438859 2016.227054 0.049579 0.016354 0.002837 0.104313 0.994406
1630597868.355225 -885.293253 2016.459937 0.051072 0.016146 0.002864 0.104980 0.994339
1630597868.458862 -885.137650 2016.710038 0.052913 0.015832 0.002889 0.105404 0.994299
1630597868.562500 -884.971820 2016.976744 0.055116 0.015446 0.002813 0.105640 0.994280
1630597868.666382 -884.794367 2017.259518 0.057739 0.015734 0.002648 0.105386 0.994303
1630597868.770020 -884.604460 2017.560404 0.059120 0.016140 0.002542 0.104996 0.994338
1630597868.873779 -884.400982 2017.883440 0.059797 0.015893 0.002630 0.104752 0.994368
1630597868.977539 -884.184275 2018.227713 0.061102 0.015706 0.002684 0.104495 0.994398
1630597869.081177 -883.953948 2018.593098 0.062922 0.015648 0.002525 0.104296 0.994420
1630597869.184815 -883.709245 2018.980170 0.064837 0.015843 0.002470 0.104146 0.994433
1630597869.288574 -883.449796 2019.390792 0.067539 0.015548 0.002693 0.103853 0.994467
1630597869.392334 -883.176653 2019.824143 0.069846 0.015123 0.002414 0.103416 0.994520
1630597869.495972 -882.890553 2020.277832 0.070158 0.015094 0.002016 0.103125 0.994552
1630597869.599610 -882.589647 2020.751675 0.071027 0.014878 0.002350 0.103135 0.994553
1630597869.703125 -882.276853 2021.244659 0.073557 0.014533 0.002393 0.102835 0.994589
1630597869.806885 -881.952723 2021.758099 0.076586 0.014352 0.001673 0.102308 0.994648
1630597869.910645 -881.613665 2022.288810 0.079114 0.014110 0.001895 0.102080 0.994674
1630597870.014282 -881.261111 2022.833793 0.080872 0.014473 0.003601 0.101860 0.994687
1630597870.117920 -880.903118 2023.396157 0.083084 0.013229 0.003396 0.101513 0.994740
1630597870.221680 -880.536272 2023.973419 0.086143 0.011965 0.004614 0.101013 0.994802
1630597870.325318 -880.160419 2024.559821 0.087938 0.011206 0.004601 0.100902 0.994823
1630597870.429199 -879.767802 2025.156883 0.087232 0.013041 0.007832 0.100330 0.994838
1630597870.532837 -879.382253 2025.768697 0.088205 0.012607 0.003493 0.099647 0.994937
1630597870.636597 -878.989183 2026.394965 0.090318 0.012450 0.000984 0.099169 0.994992
1630597870.740235 -878.581303 2027.030114 0.090805 0.014056 -0.000640 0.098605 0.995027
1630597870.843994 -878.156526 2027.678201 0.093992 0.015137 -0.000968 0.097569 0.995113
1630597870.947632 -877.719629 2028.345777 0.104236 0.014844 -0.000192 0.096541 0.995218
1630597871.051392 -877.273499 2029.031126 0.113467 0.014063 0.000193 0.095596 0.995321
1630597871.155029 -876.815926 2029.729158 0.119566 0.013960 0.000155 0.095046 0.995375
1630597871.258789 -876.344798 2030.441716 0.123809 0.014253 0.000250 0.094546 0.995418
1630597871.362549 -875.861030 2031.170600 0.128000 0.014563 0.000688 0.093900 0.995475
1630597871.466187 -875.366101 2031.916221 0.133195 0.014470 0.001498 0.093809 0.995484
1630597871.569824 -874.861996 2032.680245 0.138605 0.014187 0.001901 0.094148 0.995455
1630597871.673462 -874.348675 2033.462007 0.142921 0.013968 0.001743 0.094689 0.995407
1630597871.777100 -873.825231 2034.260566 0.146679 0.013710 0.001591 0.095015 0.995380
1630597871.880737 -873.291724 2035.074878 0.150724 0.013480 0.001681 0.095340 0.995352
1630597871.984497 -872.747575 2035.903661 0.155633 0.013393 0.002338 0.095731 0.995314
1630597872.088135 -872.197320 2036.742591 0.161327 0.012768 0.003222 0.096164 0.995278
1630597872.191895 -871.642454 2037.590667 0.166992 0.012375 0.004022 0.096628 0.995235
1630597872.295654 -871.083105 2038.447974 0.170684 0.012401 0.004081 0.096876 0.995211
1630597872.399292 -870.516068 2039.314317 0.173851 0.012635 0.005689 0.097128 0.995175
1630597872.503052 -869.947549 2040.191197 0.178200 0.012087 0.005276 0.097358 0.995162
1630597872.606934 -869.374518 2041.073262 0.181398 0.013508 0.004642 0.097693 0.995114
1630597872.710693 -868.796412 2041.962012 0.185347 0.015522 0.003800 0.097856 0.995072
1630597872.814453 -868.211373 2042.864646 0.192995 0.016222 0.003354 0.097656 0.995082
1630597872.918213 -867.618755 2043.781991 0.203679 0.014579 0.002550 0.096892 0.995185
1630597873.021973 -867.015747 2044.708736 0.214134 0.013298 0.002781 0.096431 0.995247
1630597873.125733 -866.404580 2045.643465 0.222068 0.013335 0.003020 0.095996 0.995288
1630597873.229492 -865.784671 2046.586272 0.227326 0.013660 0.003806 0.095581 0.995321
1630597873.333252 -865.156091 2047.539493 0.231759 0.013856 0.004548 0.095078 0.995363
1630597873.436768 -864.521407 2048.500898 0.236874 0.013328 0.005659 0.094601 0.995410
1630597873.540527 -863.880995 2049.473093 0.241421 0.012680 0.005966 0.094252 0.995450
1630597873.644287 -863.236694 2050.451675 0.244616 0.012790 0.005516 0.093941 0.995480
1630597873.747803 -862.591627 2051.435751 0.248525 0.012814 0.003472 0.093666 0.995515
1630597873.851563 -861.937175 2052.429732 0.253805 0.013034 0.002414 0.093244 0.995555
1630597873.955078 -861.275125 2053.429867 0.262057 0.012215 0.003188 0.092733 0.995611
1630597874.058838 -860.606021 2054.436891 0.271341 0.011080 0.004029 0.092153 0.995675
1630597874.162354 -859.934745 2055.439549 0.278453 0.011483 0.004997 0.091657 0.995712
1630597874.266113 -859.261182 2056.443641 0.284739 0.012543 0.004956 0.091070 0.995753
1630597874.369629 -858.587282 2057.447356 0.292653 0.013833 0.004736 0.090483 0.995791
1630597874.473389 -857.908791 2058.457088 0.302872 0.014167 0.004620 0.089871 0.995842
1630597874.577149 -857.227837 2059.470512 0.314759 0.013688 0.004843 0.089254 0.995903
1630597874.680786 -856.545036 2060.484461 0.325873 0.013191 0.004898 0.088704 0.995959
1630597874.784546 -855.856433 2061.500460 0.334706 0.012903 0.005495 0.088134 0.996010
1630597874.888306 -855.162215 2062.517795 0.341838 0.013369 0.006647 0.087441 0.996058
1630597874.992066 -854.465190 2063.536598 0.348041 0.013710 0.007528 0.086732 0.996109
1630597875.095825 -853.766868 2064.556054 0.354297 0.014481 0.007720 0.086025 0.996158
1630597875.199707 -853.065986 2065.577742 0.361476 0.014822 0.007725 0.085316 0.996214
1630597875.303467 -852.363535 2066.599915 0.370098 0.014761 0.008075 0.084457 0.996285
1630597875.407227 -851.660077 2067.622049 0.379903 0.014925 0.007508 0.083533 0.996365
1630597875.510986 -850.956013 2068.644479 0.389322 0.014450 0.006366 0.082696 0.996450
1630597875.614746 -850.248078 2069.667982 0.400006 0.014115 0.006195 0.081774 0.996532
1630597875.718384 -849.538698 2070.691022 0.411278 0.012006 0.005961 0.080721 0.996647
1630597875.822022 -848.827143 2071.711561 0.419904 0.011448 0.006342 0.079286 0.996766
1630597875.925781 -848.114827 2072.732293 0.425688 0.009322 0.005435 0.077943 0.996899
1630597876.029297 -847.400881 2073.746648 0.429664 0.008290 0.004624 0.076636 0.997014
1630597876.133057 -846.683340 2074.759509 0.432030 0.007363 0.003785 0.074958 0.997152
1630597876.236572 -845.963760 2075.765552 0.434283 0.007140 0.003023 0.073057 0.997298
1630597876.340332 -845.238577 2076.769143 0.437622 0.007285 0.002488 0.071186 0.997433
1630597876.443848 -844.511639 2077.766156 0.442058 0.007416 0.001864 0.069268 0.997569
1630597876.547608 -843.778739 2078.762305 0.447577 0.007261 0.001674 0.066995 0.997725
1630597876.651123 -843.041962 2079.752670 0.453414 0.006783 0.002046 0.064422 0.997898
1630597876.754883 -842.296632 2080.739748 0.458136 0.006853 0.003359 0.061773 0.998061
1630597876.858643 -841.545318 2081.723076 0.459845 0.005940 0.003604 0.059269 0.998218
1630597876.962280 -840.773328 2082.693114 0.456703 0.011083 0.013555 0.056496 0.998249
1630597877.066162 -840.020979 2083.669928 0.455132 0.008355 0.008856 0.054312 0.998450
1630597877.169922 -839.279397 2084.633933 0.452506 0.011174 0.002228 0.051848 0.998590
1630597877.273560 -838.531590 2085.600395 0.460640 0.012175 -0.004710 0.049160 0.998706
1630597877.377197 -837.764542 2086.575803 0.483166 0.007025 -0.004530 0.045779 0.998917
1630597877.480957 -836.976644 2087.544438 0.505417 0.004079 -0.001106 0.042784 0.999075
1630597877.584717 -836.177853 2088.496638 0.514036 0.004761 0.003056 0.039945 0.999186
1630597877.688477 -835.377726 2089.440186 0.511524 0.006992 0.004423 0.037173 0.999275
1630597877.792236 -834.578922 2090.381438 0.507688 0.009209 0.003551 0.034306 0.999363
1630597877.895752 -833.777937 2091.320356 0.507826 0.010054 0.002460 0.031160 0.999461
1630597877.999512 -832.967281 2092.262110 0.514264 0.009909 0.003058 0.027959 0.999555
1630597878.103272 -832.157294 2093.202961 0.525014 0.006505 0.000842 0.024900 0.999668
1630597878.206787 -831.343229 2094.127688 0.534492 0.008534 -0.001182 0.021784 0.999726
1630597878.310547 -830.519064 2095.049604 0.546283 0.009474 -0.002822 0.018275 0.999784
1630597878.414185 -829.680665 2095.966151 0.561046 0.010188 -0.000983 0.014955 0.999836
1630597878.517822 -828.830522 2096.878138 0.575232 0.009625 0.002289 0.011642 0.999883
1630597878.621582 -827.973854 2097.783783 0.583946 0.009584 0.005095 0.008244 0.999907
1630597878.725220 -827.116917 2098.680172 0.587342 0.010541 0.005936 0.004676 0.999916
1630597878.828980 -826.257988 2099.570489 0.590120 0.011537 0.005141 0.000814 0.999920
1630597878.932617 -825.392787 2100.452410 0.595260 0.013168 0.004725 -0.003652 0.999895
1630597879.036377 -824.519181 2101.330900 0.605013 0.011687 0.004663 -0.008331 0.999886
1630597879.140137 -823.640771 2102.200430 0.616512 0.010972 0.004095 -0.012820 0.999849
1630597879.243897 -822.757570 2103.058615 0.625299 0.010398 0.002927 -0.017163 0.999794
1630597879.347656 -821.867710 2103.907304 0.633835 0.010198 0.002507 -0.021696 0.999709
1630597879.451416 -820.971727 2104.747484 0.642330 0.009025 0.002311 -0.026211 0.999613
1630597879.555054 -820.069858 2105.575036 0.649925 0.008554 0.002924 -0.030628 0.999490
1630597879.658692 -819.162798 2106.390626 0.655778 0.008565 0.003492 -0.034918 0.999347
1630597879.762451 -818.251422 2107.196564 0.660550 0.008477 0.003733 -0.039175 0.999189
1630597879.866211 -817.337880 2107.993199 0.664895 0.008165 0.003305 -0.043268 0.999025
1630597879.969849 -816.422710 2108.779792 0.669330 0.007638 0.002775 -0.047350 0.998845
1630597880.073486 -815.503897 2109.556554 0.674076 0.006958 0.002454 -0.051414 0.998650
1630597880.177124 -814.581809 2110.322327 0.678808 0.006480 0.002376 -0.055397 0.998441
1630597880.280762 -813.657339 2111.075942 0.683080 0.007023 0.002339 -0.059227 0.998217
1630597880.384277 -812.731426 2111.817101 0.687488 0.007865 0.002179 -0.062895 0.997987
1630597880.488037 -811.801109 2112.550300 0.693163 0.008541 0.002216 -0.066504 0.997747
1630597880.591553 -810.872208 2113.273930 0.700360 0.008810 0.001934 -0.070095 0.997500
1630597880.695313 -809.939970 2113.990827 0.708224 0.008539 0.001651 -0.073689 0.997243
1630597880.799072 -809.006754 2114.698283 0.716473 0.008132 0.001511 -0.077192 0.996982
1630597880.902832 -808.073378 2115.395135 0.724557 0.008081 0.001226 -0.080740 0.996702
1630597881.006592 -807.139332 2116.080941 0.732394 0.008324 0.000914 -0.084272 0.996408
1630597881.110230 -806.204986 2116.756261 0.740347 0.008103 0.001128 -0.087859 0.996099
1630597881.213989 -805.267708 2117.422148 0.748298 0.008178 0.001990 -0.091391 0.995780
1630597881.317871 -804.329956 2118.078797 0.755322 0.007855 0.002850 -0.094926 0.995449
1630597881.421631 -803.395082 2118.723491 0.760705 0.007981 0.003073 -0.098477 0.995103
1630597881.525391 -802.462063 2119.356650 0.764898 0.008161 0.003201 -0.101966 0.994749
1630597881.629151 -801.530636 2119.978224 0.768881 0.008699 0.003714 -0.105531 0.994371
1630597881.732910 -800.602411 2120.588678 0.773403 0.008999 0.003914 -0.109058 0.993987
1630597881.836548 -799.679371 2121.186556 0.778169 0.009076 0.004283 -0.112587 0.993591
1630597881.940186 -798.762007 2121.771454 0.782821 0.009072 0.004577 -0.116085 0.993187
1630597882.043945 -797.851361 2122.342686 0.787530 0.009168 0.005159 -0.119744 0.992749
1630597882.147705 -796.951679 2122.898597 0.791980 0.009059 0.005367 -0.123401 0.992301
1630597882.251343 -796.065232 2123.437320 0.796403 0.009026 0.005050 -0.127553 0.991778
1630597882.354981 -795.190613 2123.958216 0.801086 0.008886 0.005060 -0.132106 0.991183
1630597882.458496 -794.328833 2124.460298 0.806047 0.008570 0.004910 -0.137136 0.990503
1630597882.562256 -793.477124 2124.943832 0.811130 0.008239 0.005051 -0.142251 0.989783
1630597882.666016 -792.638099 2125.407592 0.815445 0.007972 0.005078 -0.147723 0.988984
1630597882.769776 -791.812664 2125.851974 0.819019 0.007680 0.005117 -0.153675 0.988078
1630597882.873291 -791.002819 2126.276139 0.822487 0.007117 0.004570 -0.159952 0.987089
1630597882.977051 -790.204058 2126.681080 0.825690 0.006773 0.003895 -0.166836 0.985954
1630597883.080811 -789.417537 2127.065370 0.828414 0.006175 0.003148 -0.174035 0.984715
1630597883.184570 -788.642299 2127.429316 0.831282 0.005329 0.002668 -0.181950 0.983290
1630597883.288330 -787.879489 2127.771896 0.834746 0.004231 0.002200 -0.190256 0.981723
1630597883.392090 -787.129915 2128.090781 0.838329 0.003492 0.001874 -0.199282 0.979934
1630597883.495728 -786.395228 2128.385630 0.841268 0.003393 0.001274 -0.208960 0.977917
1630597883.599610 -785.671970 2128.658607 0.843194 0.002680 0.001047 -0.218879 0.975748
1630597883.703369 -784.961264 2128.908249 0.845437 0.002090 0.001149 -0.229300 0.973353
1630597883.807007 -784.262754 2129.134152 0.848347 0.001780 0.002170 -0.240469 0.970653
1630597883.910767 -783.573278 2129.340705 0.848949 -0.000306 0.002303 -0.252678 0.967548
1630597884.014649 -782.884355 2129.518644 0.845153 0.000243 0.005314 -0.266278 0.963882
1630597884.118286 -782.204082 2129.678903 0.841920 -0.000976 0.005976 -0.280209 0.959920
1630597884.222046 -781.532413 2129.829716 0.840059 -0.006429 0.002267 -0.294941 0.955491
1630597884.325684 -780.865798 2129.947955 0.836471 -0.006382 -0.001074 -0.311859 0.950106
1630597884.429443 -780.201586 2130.025668 0.828355 -0.003234 -0.004697 -0.329649 0.944086
1630597884.533081 -779.535969 2130.072640 0.824360 0.000838 -0.006709 -0.348632 0.937235
1630597884.636841 -778.864192 2130.099710 0.829821 0.001019 -0.007018 -0.368234 0.929706
1630597884.740479 -778.190955 2130.096958 0.837984 0.000597 -0.005723 -0.387197 0.921979
1630597884.843994 -777.520814 2130.063106 0.843861 0.000583 -0.003197 -0.406903 0.913466
1630597884.947754 -776.854788 2129.999685 0.846893 0.001075 -0.000714 -0.427091 0.904208
1630597885.051270 -776.200020 2129.918450 0.849427 -0.001984 -0.001303 -0.446490 0.894785
1630597885.155029 -775.552682 2129.816045 0.851156 -0.005317 -0.003373 -0.465679 0.884931
1630597885.258545 -774.912288 2129.685530 0.850259 -0.008935 -0.004369 -0.484549 0.874707
1630597885.362061 -774.282967 2129.518538 0.850521 -0.008394 -0.004288 -0.503170 0.864136
1630597885.465698 -773.665583 2129.323549 0.853443 -0.007944 -0.004583 -0.521304 0.853322
1630597885.569336 -773.058017 2129.109090 0.854916 -0.008555 -0.006220 -0.538857 0.842331
1630597885.672852 -772.459598 2128.872939 0.854536 -0.009777 -0.007751 -0.556155 0.830985
1630597885.776611 -771.869790 2128.602108 0.858666 -0.009529 -0.007283 -0.572488 0.819825
1630597885.880127 -771.293342 2128.299432 0.863787 -0.006854 -0.005065 -0.588875 0.808179
1630597885.983887 -770.726786 2127.974974 0.866906 -0.005107 -0.003412 -0.605443 0.795865
1630597886.087525 -770.173072 2127.631957 0.867582 -0.003964 -0.003171 -0.621378 0.783494
1630597886.191406 -769.627726 2127.266681 0.868341 -0.003841 -0.002668 -0.636919 0.770917
1630597886.295166 -769.095962 2126.881720 0.868707 -0.004164 -0.003217 -0.652118 0.758099
1630597886.398926 -768.579955 2126.474870 0.868879 -0.004115 -0.004505 -0.666961 0.745068
1630597886.502808 -768.079048 2126.042302 0.869667 -0.003026 -0.004968 -0.681510 0.731785
1630597886.606568 -767.595426 2125.586500 0.869635 -0.001271 -0.004707 -0.695594 0.718419
1630597886.710571 -767.126293 2125.105354 0.870080 0.001559 -0.002702 -0.709103 0.705098
1630597886.814331 -766.671264 2124.608961 0.871640 0.003281 0.000198 -0.722136 0.691743
1630597886.918213 -766.230853 2124.100824 0.872040 0.003233 0.001928 -0.734395 0.678712
1630597887.021851 -765.812551 2123.579969 0.869894 0.004257 0.002464 -0.745636 0.666336
1630597887.125488 -765.417213 2123.047725 0.863552 0.006116 0.000621 -0.755942 0.654610
1630597887.229248 -765.036293 2122.506118 0.856949 0.007315 -0.001726 -0.765439 0.643465
1630597887.332886 -764.665134 2121.957623 0.852819 0.007016 -0.003513 -0.773902 0.633257
1630597887.436279 -764.304527 2121.402311 0.852404 0.006051 -0.004130 -0.781185 0.624257
1630597887.539917 -763.954780 2120.839205 0.854576 0.005145 -0.004415 -0.787729 0.615985
1630597887.643433 -763.617993 2120.271511 0.857386 0.004777 -0.004814 -0.793564 0.608450
1630597887.746948 -763.292643 2119.699404 0.859904 0.004732 -0.005363 -0.798427 0.602050
1630597887.850342 -762.976183 2119.124166 0.862354 0.005066 -0.005757 -0.802502 0.596601
1630597887.953858 -762.664832 2118.545132 0.865912 0.005249 -0.005446 -0.805932 0.591960
1630597888.057617 -762.358557 2117.963315 0.869951 0.004848 -0.005086 -0.808826 0.588006
1630597888.161133 -762.059150 2117.381128 0.873530 0.004829 -0.005311 -0.811477 0.584340
1630597888.264893 -761.764192 2116.795815 0.876370 0.004782 -0.005791 -0.813906 0.580947
1630597888.368652 -761.474336 2116.208749 0.878946 0.004937 -0.006791 -0.815993 0.578001
1630597888.472534 -761.187643 2115.618070 0.882749 0.005057 -0.007854 -0.817608 0.575699
1630597888.576416 -760.903034 2115.024120 0.887511 0.005377 -0.008718 -0.818862 0.573899
1630597888.680298 -760.620094 2114.427855 0.893058 0.005733 -0.010079 -0.819985 0.572267
1630597888.784302 -760.337308 2113.826705 0.899639 0.006430 -0.011013 -0.821002 0.570783
1630597888.888306 -760.053138 2113.222121 0.907351 0.006388 -0.011412 -0.821739 0.569713
1630597888.992310 -759.768547 2112.614107 0.915817 0.006685 -0.011475 -0.822249 0.568973
1630597889.096314 -759.483406 2112.002505 0.925592 0.007184 -0.010874 -0.822445 0.568696
1630597889.200073 -759.199013 2111.390553 0.934569 0.008032 -0.010431 -0.822205 0.569039
1630597889.303833 -758.913015 2110.778396 0.942840 0.008709 -0.010004 -0.821707 0.569756
1630597889.407593 -758.624181 2110.167086 0.950619 0.009090 -0.009750 -0.821261 0.570397
1630597889.511231 -758.332669 2109.557377 0.957947 0.008848 -0.009454 -0.820855 0.570990
1630597889.614868 -758.039915 2108.947966 0.965046 0.008811 -0.009244 -0.820388 0.571665
1630597889.718506 -757.745615 2108.338308 0.971727 0.008322 -0.009064 -0.819899 0.572376
1630597889.821900 -757.451495 2107.729554 0.977976 0.008284 -0.008807 -0.819482 0.572977
1630597889.925415 -757.157422 2107.118245 0.983822 0.009248 -0.008520 -0.819096 0.573519
1630597890.029053 -756.862470 2106.506551 0.990025 0.009411 -0.008303 -0.818757 0.574004
1630597890.132568 -756.566134 2105.897861 0.996244 0.009004 -0.008761 -0.818558 0.574286
1630597890.236084 -756.266918 2105.289798 1.002909 0.008344 -0.009002 -0.818334 0.574612
1630597890.339844 -755.966557 2104.679484 1.008083 0.007702 -0.009183 -0.818044 0.575031
1630597890.443360 -755.668970 2104.067492 1.013929 0.008247 -0.008789 -0.817858 0.575293
1630597890.547119 -755.370992 2103.453953 1.021167 0.008963 -0.008188 -0.817690 0.575531
1630597890.650879 -755.071668 2102.842405 1.028268 0.009239 -0.007817 -0.817575 0.575695
1630597890.754639 -754.770510 2102.233347 1.033594 0.008698 -0.007534 -0.817489 0.575829
1630597890.858521 -754.470057 2101.625400 1.038443 0.008287 -0.007460 -0.817269 0.576149
1630597890.962280 -754.172642 2101.020207 1.044474 0.008384 -0.007859 -0.817019 0.576496
1630597891.066284 -753.875364 2100.416722 1.050740 0.008500 -0.008170 -0.816863 0.576711
1630597891.170044 -753.577716 2099.818409 1.055931 0.007926 -0.008558 -0.816713 0.576926
1630597891.273804 -753.279485 2099.223178 1.061654 0.006957 -0.008584 -0.816492 0.577251
1630597891.377686 -752.983098 2098.628499 1.069041 0.006780 -0.008005 -0.816264 0.577583
1630597891.481445 -752.690752 2098.037638 1.076758 0.007078 -0.007964 -0.816104 0.577807
1630597891.585205 -752.400945 2097.451855 1.083935 0.007555 -0.008509 -0.815953 0.578007
1630597891.688721 -752.112300 2096.872551 1.090371 0.007459 -0.009336 -0.815819 0.578184
1630597891.792481 -751.823960 2096.294983 1.096715 0.007344 -0.009770 -0.815685 0.578367
1630597891.895996 -751.539140 2095.719979 1.104117 0.008043 -0.009602 -0.815423 0.578730
1630597891.999756 -751.255884 2095.147564 1.112677 0.008846 -0.009223 -0.815176 0.579072
1630597892.103394 -750.973750 2094.582377 1.121652 0.009233 -0.009143 -0.815023 0.579283
1630597892.206909 -750.691974 2094.025244 1.130050 0.008510 -0.009140 -0.814796 0.579614
1630597892.310547 -750.413788 2093.474046 1.136999 0.008482 -0.009459 -0.814509 0.580011
1630597892.414063 -750.140712 2092.928696 1.143186 0.009184 -0.009384 -0.814098 0.580580
1630597892.517822 -749.869357 2092.387899 1.150088 0.010205 -0.008653 -0.813421 0.581521
1630597892.621338 -749.599989 2091.857246 1.157706 0.011181 -0.007740 -0.812329 0.583040
1630597892.725098 -749.331462 2091.336185 1.164900 0.012328 -0.007001 -0.810887 0.585031
1630597892.828613 -749.062751 2090.829165 1.171182 0.012301 -0.006628 -0.809001 0.587641
1630597892.932373 -748.793483 2090.334169 1.175926 0.011981 -0.006399 -0.806592 0.590953
1630597893.035889 -748.524681 2089.853972 1.179899 0.011286 -0.006234 -0.803738 0.594843
1630597893.139771 -748.256795 2089.385679 1.184328 0.010971 -0.005898 -0.800554 0.599131
1630597893.243408 -747.992615 2088.933042 1.189319 0.011294 -0.005770 -0.797078 0.603743
1630597893.347168 -747.728321 2088.496898 1.195139 0.011065 -0.005857 -0.793310 0.608689
1630597893.450928 -747.465510 2088.077159 1.200553 0.011482 -0.006183 -0.789025 0.614223
1630597893.554688 -747.201974 2087.673941 1.204503 0.010816 -0.006875 -0.784252 0.620310
1630597893.658569 -746.936601 2087.283896 1.207948 0.010582 -0.007372 -0.779109 0.626756
1630597893.762329 -746.668172 2086.905283 1.212004 0.010177 -0.007422 -0.773360 0.633842
1630597893.866089 -746.395770 2086.535784 1.217103 0.010302 -0.006767 -0.766962 0.641574
1630597893.969849 -746.118401 2086.176468 1.222609 0.010686 -0.006029 -0.759716 0.650139
1630597894.073609 -745.835042 2085.829443 1.228522 0.010868 -0.005648 -0.751540 0.659574
1630597894.177246 -745.546184 2085.496410 1.234466 0.011212 -0.005911 -0.742368 0.669873
1630597894.280884 -745.251508 2085.178280 1.240116 0.011617 -0.007022 -0.732005 0.681164
1630597894.384400 -744.948816 2084.876216 1.244924 0.011654 -0.008408 -0.720291 0.693524
1630597894.488037 -744.635518 2084.590321 1.248701 0.010903 -0.009621 -0.707570 0.706494
1630597894.591675 -744.312555 2084.321088 1.252669 0.009547 -0.010785 -0.694524 0.719325
1630597894.695191 -743.982245 2084.065793 1.258335 0.008462 -0.011340 -0.681091 0.732062
1630597894.798828 -743.646025 2083.821892 1.266347 0.008277 -0.010975 -0.666913 0.745008
1630597894.902588 -743.304657 2083.592275 1.276167 0.008204 -0.010670 -0.652375 0.757777
1630597895.006226 -742.959013 2083.378956 1.285697 0.008517 -0.010632 -0.637796 0.770085
1630597895.109985 -742.608691 2083.182226 1.293212 0.008547 -0.011189 -0.623022 0.782077
1630597895.213989 -742.252474 2082.999062 1.299774 0.009098 -0.012077 -0.607689 0.794031
1630597895.317749 -741.889214 2082.830933 1.306481 0.008934 -0.012596 -0.591826 0.805918
1630597895.421631 -741.517133 2082.677599 1.312443 0.008867 -0.012731 -0.575847 0.817410
1630597895.525513 -741.135861 2082.539604 1.318836 0.007843 -0.012501 -0.559636 0.828607
1630597895.629273 -740.745875 2082.412329 1.325988 0.007975 -0.011295 -0.542871 0.839702
1630597895.733154 -740.344468 2082.298268 1.332952 0.007524 -0.010134 -0.525779 0.850528
1630597895.836914 -739.932621 2082.197367 1.339798 0.007803 -0.008598 -0.508595 0.860928
1630597895.940674 -739.510429 2082.113572 1.346939 0.007336 -0.008145 -0.491413 0.870858
1630597896.044556 -739.076756 2082.047956 1.353267 0.006353 -0.008525 -0.474332 0.880282
1630597896.148193 -738.632075 2081.998379 1.358335 0.005277 -0.009310 -0.457090 0.889356
1630597896.251953 -738.173148 2081.960897 1.360708 0.004749 -0.009526 -0.439573 0.898144
1630597896.355591 -737.700725 2081.937577 1.361190 0.004214 -0.009144 -0.422583 0.906268
1630597896.459229 -737.215983 2081.930131 1.362206 0.004102 -0.009256 -0.406593 0.913553
1630597896.562866 -736.715980 2081.940231 1.366246 0.003368 -0.008221 -0.390862 0.920406
1630597896.666260 -736.204379 2081.968484 1.371606 0.002067 -0.007231 -0.374925 0.927025
1630597896.770020 -735.681190 2082.013246 1.375781 0.001699 -0.006850 -0.358870 0.933361
1630597896.873535 -735.150304 2082.078711 1.376365 0.000531 -0.007860 -0.343483 0.939126
1630597896.977173 -734.607994 2082.161835 1.375734 0.000272 -0.008592 -0.328620 0.944423
1630597897.080811 -734.053489 2082.261012 1.375306 -0.000498 -0.009174 -0.314110 0.949342
1630597897.184448 -733.487580 2082.375355 1.375591 -0.000115 -0.008998 -0.300389 0.953774
1630597897.288208 -732.910043 2082.506575 1.377553 0.000613 -0.008469 -0.286902 0.957922
1630597897.391968 -732.322850 2082.658982 1.379612 0.000301 -0.008477 -0.273731 0.961769
1630597897.495728 -731.727127 2082.832777 1.380608 -0.000162 -0.008687 -0.261317 0.965214
1630597897.599610 -731.122548 2083.027686 1.380814 -0.001569 -0.009939 -0.249956 0.968205
1630597897.703369 -730.507147 2083.238016 1.381603 -0.002765 -0.010249 -0.239721 0.970784
1630597897.807129 -729.881652 2083.462501 1.382859 -0.004004 -0.010426 -0.230507 0.973007
1630597897.911011 -729.248946 2083.699368 1.384989 -0.004328 -0.010725 -0.222410 0.974885
1630597898.014893 -728.613512 2083.948489 1.388961 -0.005163 -0.010985 -0.215055 0.976526
1630597898.118775 -727.979603 2084.207638 1.392037 -0.005902 -0.011363 -0.208304 0.977980
1630597898.222534 -727.350165 2084.474816 1.394096 -0.006766 -0.011934 -0.202271 0.979233
1630597898.326294 -726.723994 2084.748793 1.397305 -0.007600 -0.012450 -0.196810 0.980333
1630597898.430176 -726.099636 2085.028757 1.401830 -0.008266 -0.012772 -0.191461 0.981382
1630597898.533692 -725.479246 2085.313110 1.405699 -0.008667 -0.012463 -0.186317 0.982372
1630597898.637329 -724.861125 2085.604711 1.408438 -0.009762 -0.012476 -0.181595 0.983246
1630597898.740845 -724.246467 2085.902271 1.411362 -0.011083 -0.012283 -0.177351 0.984009
1630597898.844483 -723.634724 2086.204264 1.413946 -0.012055 -0.012144 -0.173343 0.984713
1630597898.947876 -723.027999 2086.508396 1.414814 -0.012572 -0.012334 -0.169606 0.985355
1630597899.051392 -722.423535 2086.816775 1.414328 -0.013060 -0.012680 -0.166165 0.985930
1630597899.154907 -721.821823 2087.129738 1.413278 -0.013951 -0.013126 -0.163077 0.986427
1630597899.258423 -721.221250 2087.446345 1.412860 -0.015020 -0.013194 -0.160596 0.986818
1630597899.362061 -720.621010 2087.765442 1.412141 -0.016311 -0.013185 -0.158734 0.987099
1630597899.465698 -720.020883 2088.084075 1.410385 -0.016913 -0.012942 -0.157257 0.987328
1630597899.569336 -719.421336 2088.401785 1.407806 -0.017065 -0.012362 -0.156219 0.987498
1630597899.673096 -718.822160 2088.720326 1.404594 -0.016876 -0.012030 -0.155578 0.987606
1630597899.776856 -718.223545 2089.040463 1.400133 -0.017872 -0.011229 -0.155366 0.987632
1630597899.880615 -717.625503 2089.359443 1.394811 -0.018737 -0.010658 -0.155716 0.987567
1630597899.984497 -717.026962 2089.673565 1.390085 -0.018340 -0.009678 -0.156602 0.987444
1630597900.088501 -716.429791 2089.983999 1.385621 -0.017449 -0.009488 -0.157772 0.987276
1630597900.192261 -715.837303 2090.291276 1.379032 -0.016047 -0.010897 -0.159268 0.987045
1630597900.296265 -715.241830 2090.597944 1.372009 -0.014945 -0.011796 -0.160997 0.986771
1630597900.400025 -714.641893 2090.902120 1.366522 -0.014263 -0.011612 -0.162804 0.986487
1630597900.503784 -714.037133 2091.205007 1.363700 -0.014133 -0.010528 -0.164924 0.986149
1630597900.607666 -713.429884 2091.507992 1.362302 -0.014471 -0.009797 -0.167531 0.985712
1630597900.711304 -712.824278 2091.808549 1.359813 -0.014861 -0.010359 -0.170306 0.985225
1630597900.814942 -712.217529 2092.103971 1.355699 -0.014138 -0.011432 -0.173156 0.984727
1630597900.918701 -711.605695 2092.395426 1.351281 -0.013439 -0.012349 -0.176155 0.984193
1630597901.022217 -710.989202 2092.683801 1.347761 -0.013150 -0.012343 -0.179377 0.983615
1630597901.125733 -710.367658 2092.970608 1.346304 -0.013420 -0.011765 -0.182722 0.983003
1630597901.229248 -709.742633 2093.255496 1.346650 -0.014314 -0.011442 -0.186253 0.982331
1630597901.332886 -709.114224 2093.536572 1.345911 -0.014962 -0.011531 -0.190094 0.981584
1630597901.436401 -708.482931 2093.811518 1.342669 -0.014976 -0.011762 -0.194103 0.980796
1630597901.539917 -707.846924 2094.081867 1.338998 -0.015206 -0.011747 -0.197980 0.980018
1630597901.643555 -707.205957 2094.348445 1.336694 -0.015737 -0.011510 -0.201893 0.979213
1630597901.747315 -706.559769 2094.607427 1.335280 -0.014921 -0.010601 -0.205875 0.978407
1630597901.850952 -705.909114 2094.863565 1.330968 -0.015705 -0.009305 -0.209877 0.977557
1630597901.954590 -705.257336 2095.118155 1.325684 -0.017048 -0.008703 -0.214102 0.976624
1630597902.058350 -704.604306 2095.367710 1.322212 -0.018107 -0.008811 -0.218354 0.975662
1630597902.162232 -703.948675 2095.607633 1.319528 -0.018270 -0.008724 -0.222531 0.974715
1630597902.265991 -703.294332 2095.837330 1.312746 -0.016635 -0.009543 -0.227245 0.973649
1630597902.369751 -702.637502 2096.061236 1.305720 -0.015668 -0.010095 -0.231987 0.972540
1630597902.473755 -701.975717 2096.281174 1.301522 -0.015586 -0.010316 -0.236567 0.971436
1630597902.577515 -701.312829 2096.493894 1.299866 -0.015123 -0.009687 -0.241259 0.970294
1630597902.681275 -700.649032 2096.699047 1.298647 -0.014636 -0.009226 -0.245795 0.969168
1630597902.785156 -699.984799 2096.899544 1.295875 -0.014553 -0.009842 -0.250358 0.967994
1630597902.888794 -699.319850 2097.094906 1.292649 -0.014697 -0.009763 -0.255017 0.966776
1630597902.992554 -698.651473 2097.283866 1.290086 -0.015580 -0.009625 -0.259378 0.965602
1630597903.096192 -697.981989 2097.461750 1.288427 -0.014226 -0.008728 -0.263847 0.964420
1630597903.199829 -697.309410 2097.633385 1.285961 -0.013490 -0.007538 -0.268585 0.963132
1630597903.303467 -696.636709 2097.801804 1.281926 -0.013586 -0.007352 -0.273199 0.961834
1630597903.407105 -695.962677 2097.965224 1.278428 -0.013497 -0.007445 -0.277543 0.960590
1630597903.510742 -695.284479 2098.120880 1.275807 -0.013653 -0.006732 -0.281788 0.959356
1630597903.614380 -694.604661 2098.269435 1.271095 -0.013224 -0.006275 -0.286008 0.958115
1630597903.717896 -693.924208 2098.413887 1.266035 -0.013096 -0.006036 -0.290396 0.956798
1630597903.821533 -693.241000 2098.554497 1.261793 -0.013620 -0.006007 -0.294847 0.955429
1630597903.925049 -692.557353 2098.687829 1.257415 -0.013545 -0.006184 -0.299114 0.954101
1630597904.028809 -691.870405 2098.815186 1.252485 -0.013595 -0.006574 -0.303600 0.952680
1630597904.132446 -691.181281 2098.936909 1.247497 -0.014098 -0.006839 -0.308607 0.951061
1630597904.236206 -690.488308 2099.051177 1.242920 -0.014494 -0.006583 -0.313780 0.949362
1630597904.339966 -689.792649 2099.156776 1.239135 -0.014969 -0.006217 -0.318756 0.947698
1630597904.443726 -689.095491 2099.253403 1.235019 -0.014702 -0.005700 -0.323776 0.946002
1630597904.547363 -688.398846 2099.342030 1.230257 -0.013966 -0.005626 -0.328680 0.944321
1630597904.651245 -687.699492 2099.424275 1.225061 -0.013419 -0.005982 -0.333272 0.942716
1630597904.755005 -686.998450 2099.500788 1.219716 -0.012956 -0.005984 -0.337824 0.941101
1630597904.858887 -686.293547 2099.572078 1.215083 -0.013170 -0.005607 -0.342355 0.939462
1630597904.962647 -685.586369 2099.637037 1.210841 -0.013844 -0.004816 -0.346841 0.937809
1630597905.066406 -684.877299 2099.695549 1.206366 -0.014579 -0.003669 -0.351320 0.936135
1630597905.170166 -684.168883 2099.746798 1.200937 -0.014986 -0.003009 -0.355768 0.934449
1630597905.273926 -683.461852 2099.790536 1.194319 -0.015060 -0.003083 -0.360241 0.932733
1630597905.377686 -682.755872 2099.827671 1.186449 -0.014888 -0.003433 -0.364891 0.930925
1630597905.481323 -682.051184 2099.859125 1.178665 -0.015175 -0.003916 -0.369533 0.929085
1630597905.584961 -681.346567 2099.883707 1.172098 -0.015649 -0.004116 -0.374078 0.927256
1630597905.688599 -680.642176 2099.900797 1.166333 -0.016086 -0.004014 -0.378602 0.925411
1630597905.792236 -679.938862 2099.909946 1.160472 -0.016143 -0.003793 -0.383086 0.923564
1630597905.895752 -679.238970 2099.911995 1.154573 -0.016060 -0.004120 -0.387581 0.921687
1630597905.999512 -678.540012 2099.906837 1.149272 -0.015684 -0.004827 -0.392165 0.919748
1630597906.103027 -677.844247 2099.895101 1.144214 -0.015262 -0.005525 -0.396704 0.917803
1630597906.206787 -677.147863 2099.876498 1.139582 -0.015029 -0.006003 -0.401240 0.915830
1630597906.310303 -676.454233 2099.850768 1.136684 -0.014905 -0.006239 -0.405857 0.913794
1630597906.414185 -675.759913 2099.818261 1.135831 -0.014984 -0.006247 -0.410648 0.911649
1630597906.517822 -675.069988 2099.779826 1.134666 -0.015635 -0.006800 -0.415881 0.909259
1630597906.621582 -674.380689 2099.733622 1.132475 -0.016594 -0.007093 -0.421782 0.906517
1630597906.725464 -673.691054 2099.676811 1.129968 -0.017709 -0.006461 -0.428314 0.903433
1630597906.829224 -673.004414 2099.607932 1.128221 -0.019011 -0.005500 -0.435706 0.899871
1630597906.933106 -672.322364 2099.525344 1.127427 -0.019767 -0.004758 -0.444352 0.895622
1630597907.036865 -671.649309 2099.427331 1.125855 -0.019445 -0.005068 -0.454200 0.890673
1630597907.140747 -670.983061 2099.310506 1.122166 -0.018668 -0.006059 -0.465247 0.884963
1630597907.244629 -670.322600 2099.172925 1.118487 -0.017171 -0.006346 -0.477233 0.878586
1630597907.348511 -669.666648 2099.017587 1.117210 -0.016439 -0.006076 -0.489581 0.871781
1630597907.452271 -669.018535 2098.843126 1.118188 -0.015399 -0.005329 -0.502134 0.864637
1630597907.556152 -668.379909 2098.650873 1.119825 -0.014922 -0.005585 -0.515448 0.856773
1630597907.659912 -667.749522 2098.439360 1.119987 -0.015098 -0.005233 -0.529809 0.847967
1630597907.763550 -667.128355 2098.206321 1.118430 -0.015000 -0.003680 -0.545087 0.838237
1630597907.867066 -666.519045 2097.952678 1.117894 -0.015831 -0.002522 -0.560919 0.827715
1630597907.970703 -665.920215 2097.673657 1.118686 -0.016066 0.000023 -0.577094 0.816520
1630597908.074341 -665.336201 2097.373617 1.116252 -0.017609 0.001362 -0.593458 0.804671
1630597908.177735 -664.771597 2097.048078 1.110959 -0.017253 0.002461 -0.609986 0.792221
1630597908.281372 -664.221668 2096.697712 1.103869 -0.016633 0.003487 -0.626642 0.779122
1630597908.384888 -663.689127 2096.325517 1.095644 -0.015499 0.004265 -0.643249 0.765488
1630597908.488403 -663.170192 2095.932397 1.086590 -0.016209 0.004656 -0.659445 0.751563
1630597908.591797 -662.667313 2095.517819 1.077594 -0.016607 0.005195 -0.675189 0.737439
1630597908.695435 -662.180938 2095.080546 1.068194 -0.016885 0.005164 -0.690611 0.723011
1630597908.799072 -661.714984 2094.620155 1.058909 -0.016424 0.004308 -0.705825 0.708183
1630597908.902588 -661.266730 2094.138580 1.048823 -0.015834 0.002645 -0.720895 0.692858
1630597909.006348 -660.827193 2093.635610 1.039301 -0.017903 0.001494 -0.735711 0.677057
1630597909.110108 -660.400809 2093.106860 1.031329 -0.019912 0.001665 -0.750038 0.661093
1630597909.213867 -659.991695 2092.549505 1.026117 -0.021197 0.003349 -0.763286 0.645704
1630597909.317505 -659.601941 2091.968951 1.020880 -0.021762 0.005153 -0.775929 0.630423
1630597909.421387 -659.227595 2091.367955 1.012521 -0.023417 0.006421 -0.788666 0.614342
1630597909.525269 -658.872645 2090.745509 1.001384 -0.024726 0.007733 -0.801042 0.598047
1630597909.629151 -658.540870 2090.100505 0.989984 -0.024991 0.008541 -0.812357 0.582562
1630597909.732910 -658.232135 2089.435529 0.980486 -0.024642 0.009100 -0.822346 0.568382
1630597909.836670 -657.941858 2088.754157 0.970388 -0.024233 0.008518 -0.831350 0.555156
1630597909.940308 -657.665060 2088.057998 0.958278 -0.025060 0.008039 -0.839388 0.542895
1630597910.044190 -657.404105 2087.344149 0.947250 -0.025396 0.006939 -0.846494 0.531747
1630597910.147583 -657.158803 2086.613590 0.937962 -0.024599 0.007216 -0.852788 0.521628
1630597910.251221 -656.920531 2085.865351 0.927833 -0.025366 0.008796 -0.858516 0.512084
1630597910.354981 -656.695262 2085.101962 0.919342 -0.025500 0.009662 -0.863804 0.503090
1630597910.458374 -656.487928 2084.326544 0.912021 0.023982 -0.009951 0.868321 -0.495322
1630597910.562012 -656.292986 2083.538673 0.900202 0.022410 -0.008490 0.872333 -0.488325
1630597910.665772 -656.104913 2082.736784 0.887869 0.020952 -0.007216 0.875764 -0.482232
1630597910.769165 -655.922405 2081.925327 0.878097 0.020418 -0.007057 0.878583 -0.477101
1630597910.872925 -655.745436 2081.101027 0.870420 0.019650 -0.006844 0.881067 -0.472534
1630597910.976563 -655.573173 2080.270634 0.862864 0.019624 -0.006917 0.883231 -0.468477
1630597911.080322 -655.405820 2079.433825 0.855573 0.019862 -0.006479 0.885130 -0.464874
1630597911.184082 -655.245960 2078.591131 0.849762 0.018994 -0.005736 0.886815 -0.461698
1630597911.287842 -655.091959 2077.744213 0.844598 0.018283 -0.004448 0.888307 -0.458864
1630597911.391724 -654.941224 2076.890130 0.840165 0.017576 -0.003753 0.889630 -0.456329
1630597911.495606 -654.791230 2076.028983 0.836700 0.017487 -0.004427 0.890773 -0.454090
1630597911.599487 -654.643145 2075.161533 0.833789 0.017021 -0.006130 0.891852 -0.451965
1630597911.703491 -654.497973 2074.289888 0.829280 0.016637 -0.007558 0.892873 -0.449938
1630597911.807373 -654.357403 2073.418346 0.821827 0.016702 -0.008853 0.893900 -0.447867
1630597911.911255 -654.223172 2072.545418 0.812128 0.015814 -0.008318 0.894897 -0.445914
1630597912.015137 -654.092671 2071.669785 0.802132 0.015051 -0.008097 0.895868 -0.443992
1630597912.118897 -653.965795 2070.792463 0.792830 0.014650 -0.007891 0.896767 -0.442190
1630597912.222656 -653.843589 2069.912858 0.784237 0.013321 -0.007451 0.897647 -0.440450
1630597912.326172 -653.723568 2069.034212 0.775216 0.012923 -0.007110 0.898508 -0.438710
1630597912.429932 -653.604838 2068.151831 0.766327 0.012743 -0.007133 0.899302 -0.437085
1630597912.533447 -653.488196 2067.272085 0.758579 0.012720 -0.007031 0.899997 -0.435653
1630597912.637085 -653.374294 2066.392382 0.751188 0.012832 -0.006137 0.900615 -0.434385
1630597912.740601 -653.262040 2065.513967 0.743901 0.013353 -0.005469 0.901207 -0.433150
1630597912.843994 -653.150249 2064.635293 0.738474 0.014297 -0.005560 0.901779 -0.431925
1630597912.947632 -653.039890 2063.754592 0.735002 0.014915 -0.005813 0.902339 -0.430729
1630597913.051270 -652.931059 2062.876680 0.732165 0.016221 -0.005956 0.902851 -0.429605
1630597913.154785 -652.825264 2062.001971 0.728696 0.017254 -0.005890 0.903371 -0.428473
1630597913.258545 -652.721895 2061.127084 0.725874 0.018118 -0.006084 0.903895 -0.427327
1630597913.362061 -652.622195 2060.255816 0.724022 0.018572 -0.006706 0.904443 -0.426138
1630597913.465820 -652.526349 2059.384887 0.721935 0.018449 -0.006945 0.904975 -0.425008
1630597913.569702 -652.433872 2058.516171 0.719617 0.018249 -0.007028 0.905461 -0.423980
1630597913.673462 -652.346013 2057.651387 0.717054 0.017418 -0.006817 0.905930 -0.423014
1630597913.777222 -652.260071 2056.789553 0.713937 0.016651 -0.006854 0.906361 -0.422120
1630597913.881104 -652.175951 2055.928950 0.710196 0.015639 -0.007274 0.906808 -0.421190
1630597913.984985 -652.095321 2055.071800 0.706408 0.014156 -0.007700 0.907193 -0.420407
1630597914.088745 -652.017307 2054.220123 0.701572 0.012812 -0.007538 0.907547 -0.419687
1630597914.192627 -651.941125 2053.372238 0.695084 0.011598 -0.007091 0.907860 -0.419052
1630597914.296387 -651.867340 2052.529385 0.688614 0.009856 -0.006424 0.908145 -0.418490
1630597914.400147 -651.794777 2051.691063 0.682440 0.008488 -0.005745 0.908413 -0.417948
1630597914.504028 -651.723570 2050.856463 0.676422 0.007062 -0.005298 0.908702 -0.417352
1630597914.607666 -651.653759 2050.027747 0.669977 0.005796 -0.004904 0.909003 -0.416720
1630597914.711426 -651.586045 2049.203323 0.664091 0.004243 -0.004766 0.909272 -0.416154
1630597914.814942 -651.520803 2048.388711 0.659093 0.002823 -0.003758 0.909568 -0.415527
1630597914.918701 -651.457434 2047.579504 0.653001 0.001508 -0.002726 0.909895 -0.414826
1630597915.022217 -651.395680 2046.778783 0.646519 0.000056 -0.002431 0.910296 -0.413950
1630597915.125855 -651.334556 2045.984176 0.642330 -0.000879 -0.003120 0.910817 -0.412797
1630597915.229492 -651.277542 2045.199559 0.638583 -0.002061 -0.003448 0.911471 -0.411344
1630597915.333008 -651.225603 2044.428417 0.632825 -0.003212 -0.002843 0.912353 -0.409383
1630597915.436768 -651.177253 2043.666013 0.625902 -0.003527 -0.002121 0.913549 -0.406708
1630597915.540283 -651.135031 2042.913634 0.619638 -0.004118 -0.002079 0.915015 -0.403394
1630597915.644043 -651.098889 2042.168286 0.614265 -0.004584 -0.002804 0.916870 -0.399149
1630597915.747803 -651.069363 2041.433088 0.609390 -0.004054 -0.003731 0.919186 -0.393786
1630597915.851441 -651.051528 2040.710905 0.603421 -0.003665 -0.003944 0.922021 -0.387102
1630597915.955444 -651.048144 2039.998450 0.596311 -0.003574 -0.003536 0.925359 -0.379059
1630597916.059204 -651.059143 2039.297751 0.588715 -0.003427 -0.003496 0.929092 -0.369817
1630597916.163086 -651.087257 2038.605359 0.581269 -0.004414 -0.004294 0.933045 -0.359708
1630597916.266968 -651.131278 2037.923462 0.573930 -0.005255 -0.005740 0.937182 -0.348755
1630597916.370850 -651.190990 2037.252204 0.566203 -0.005693 -0.006855 0.941498 -0.336902
1630597916.474732 -651.267949 2036.590273 0.556900 -0.005845 -0.006810 0.945878 -0.324400
1630597916.578491 -651.362811 2035.936094 0.545566 -0.005580 -0.005865 0.950261 -0.311351
1630597916.682129 -651.476384 2035.287536 0.533162 -0.005230 -0.004695 0.954682 -0.297545
1630597916.785889 -651.609543 2034.641518 0.521292 -0.004964 -0.003944 0.958951 -0.283502
1630597916.889526 -651.762733 2033.998599 0.510423 -0.005546 -0.003853 0.962975 -0.269506
1630597916.992920 -651.933983 2033.359750 0.499628 -0.006119 -0.004885 0.966836 -0.255279
1630597917.096558 -652.123860 2032.724643 0.489401 -0.006740 -0.006116 0.970587 -0.240580
1630597917.200073 -652.330289 2032.098569 0.479249 -0.006166 -0.007067 0.974247 -0.225288
1630597917.303589 -652.555512 2031.483426 0.467634 -0.005238 -0.006997 0.977884 -0.208964
1630597917.406983 -652.800461 2030.881754 0.454841 -0.003133 -0.006215 0.981460 -0.191543
1630597917.510620 -653.071236 2030.292802 0.442926 -0.001992 -0.004277 0.984944 -0.172809
1630597917.614258 -653.368270 2029.716455 0.432874 -0.001701 -0.002426 0.988229 -0.152951
1630597917.717896 -653.688758 2029.151941 0.424708 -0.001418 -0.001601 0.991195 -0.132396
1630597917.821777 -654.033858 2028.598097 0.418401 -0.001215 -0.000881 0.993850 -0.110728
1630597917.925537 -654.403162 2028.056679 0.414258 -0.000739 -0.001924 0.996117 -0.088012
1630597918.029297 -654.797691 2027.533353 0.410178 -0.000073 -0.002381 0.997899 -0.064737
1630597918.133179 -655.221022 2027.032091 0.405238 -0.000661 -0.001376 0.999154 -0.041105
1630597918.236939 -655.668759 2026.551124 0.399667 -0.000675 -0.000295 0.999849 -0.017351
1630597918.340943 -656.140324 2026.086175 0.392949 -0.000341 0.000271 0.999977 0.006760
1630597918.444702 -656.633799 2025.639127 0.388323 0.000649 -0.000470 0.999528 0.030707
1630597918.548584 -657.154403 2025.214040 0.384987 0.000809 -0.000345 0.998522 0.054336
1630597918.652344 -657.698331 2024.812424 0.382147 0.000958 -0.000247 0.996982 0.077626
1630597918.755860 -658.263611 2024.434799 0.377737 0.000877 0.000636 0.994907 0.100794
1630597918.859619 -658.852628 2024.077283 0.372946 0.000771 0.000728 0.992349 0.123456
1630597918.963013 -659.464553 2023.745595 0.367812 -0.000999 0.001896 0.989502 0.144506
1630597919.066651 -660.098957 2023.434287 0.363229 -0.002859 0.002489 0.986523 0.163579
1630597919.170166 -660.749956 2023.142359 0.358042 -0.004829 0.003732 0.983451 0.181070
1630597919.273560 -661.412041 2022.863778 0.351278 -0.004373 0.003764 0.980501 0.196430
1630597919.376953 -662.088986 2022.601635 0.342524 -0.004352 0.005514 0.977704 0.209869
1630597919.480347 -662.782646 2022.350596 0.332736 -0.004502 0.005778 0.975084 0.221715
1630597919.583862 -663.492384 2022.109578 0.322636 -0.004984 0.006125 0.972654 0.232127
1630597919.687378 -664.216662 2021.874249 0.316314 -0.005594 0.004859 0.970355 0.241570
1630597919.790772 -664.951105 2021.648069 0.308852 -0.005245 0.003790 0.968305 0.249688
1630597919.894531 -665.698371 2021.433160 0.298822 -0.004151 0.004597 0.966509 0.256556
1630597919.998169 -666.456866 2021.228109 0.288066 -0.003156 0.006665 0.964958 0.262302
1630597920.102051 -667.231997 2021.027602 0.278497 -0.003185 0.008516 0.963718 0.266769
1630597920.205933 -668.021505 2020.827204 0.271987 -0.004121 0.009121 0.962804 0.270015
1630597920.309815 -668.822363 2020.624948 0.267688 -0.004849 0.008593 0.962083 0.272579
1630597920.413818 -669.633458 2020.423209 0.262005 -0.005295 0.008147 0.961525 0.274544
1630597920.517944 -670.453108 2020.223455 0.254307 -0.005224 0.008615 0.961046 0.276204
1630597920.622070 -671.280254 2020.024901 0.246775 -0.005489 0.009247 0.960643 0.277577
1630597920.726074 -672.112369 2019.824605 0.239925 -0.005416 0.008980 0.960447 0.278267
1630597920.830078 -672.950326 2019.622418 0.233430 -0.005640 0.008340 0.960319 0.278722
1630597920.933960 -673.793075 2019.420171 0.226565 -0.006442 0.007651 0.960318 0.278729
1630597921.037964 -674.640180 2019.216454 0.219022 -0.006952 0.007293 0.960411 0.278405
1630597921.141724 -675.486850 2019.012153 0.210566 -0.007077 0.007715 0.960673 0.277484
1630597921.245361 -676.334156 2018.804916 0.201290 -0.006730 0.008366 0.961164 0.275770
1630597921.348999 -677.183049 2018.591845 0.192864 -0.005869 0.008665 0.961836 0.273427
1630597921.452515 -678.033665 2018.375782 0.186645 -0.005642 0.009897 0.962697 0.270341
1630597921.556030 -678.887019 2018.152104 0.180889 -0.005824 0.010747 0.963726 0.266613
1630597921.659302 -679.741402 2017.916615 0.175264 -0.006177 0.010197 0.964893 0.262373
1630597921.762695 -680.597835 2017.672770 0.171878 -0.007308 0.009968 0.966171 0.257605
1630597921.866089 -681.451750 2017.421744 0.168146 -0.007082 0.010714 0.967482 0.252614
1630597921.969605 -682.304319 2017.160728 0.161543 -0.006301 0.012058 0.968868 0.247205
1630597922.073120 -683.158091 2016.885923 0.156696 -0.005779 0.012243 0.970292 0.241557
1630597922.176758 -684.014697 2016.597952 0.154784 -0.005946 0.011360 0.971695 0.235893
1630597922.280274 -684.869991 2016.298552 0.152681 -0.005936 0.010369 0.973053 0.230270
1630597922.384033 -685.726215 2015.986434 0.148906 -0.005548 0.009682 0.974364 0.224700
1630597922.487915 -686.584863 2015.662644 0.144198 -0.005446 0.009051 0.975681 0.218939
1630597922.591675 -687.443755 2015.327219 0.138907 -0.005037 0.007943 0.976981 0.213119
1630597922.695679 -688.305846 2014.980446 0.133872 -0.005243 0.007681 0.978253 0.207208
1630597922.799683 -689.166753 2014.620807 0.128213 -0.004681 0.007529 0.979507 0.201216
1630597922.903687 -690.027781 2014.247131 0.121823 -0.004052 0.006787 0.980776 0.194979
1630597923.007691 -690.890766 2013.860528 0.116081 -0.004337 0.006027 0.982028 0.188591
1630597923.111694 -691.753955 2013.460225 0.110386 -0.004706 0.004922 0.983225 0.182268
1630597923.215576 -692.615761 2013.048476 0.102940 -0.005455 0.004506 0.984359 0.176031
1630597923.319458 -693.475262 2012.621843 0.093915 -0.005402 0.003187 0.985482 0.169666
1630597923.423096 -694.331475 2012.183971 0.083854 -0.006001 0.002566 0.986576 0.163170
1630597923.526856 -695.185776 2011.732947 0.072503 -0.006300 0.001261 0.987646 0.156567
1630597923.630493 -696.033534 2011.271219 0.060507 -0.006644 0.000316 0.988639 0.150161
1630597923.734009 -696.869889 2010.802167 0.049269 -0.005403 0.001076 0.989573 0.143929
1630597923.837525 -697.696750 2010.324950 0.038572 -0.002675 0.002966 0.990464 0.137716
1630597923.941040 -698.521135 2009.837884 0.031153 -0.001159 0.005141 0.991309 0.131450
1630597924.044312 -699.343601 2009.336481 0.030523 -0.001682 0.004509 0.992131 0.125114
1630597924.147827 -700.165383 2008.820713 0.031568 -0.003308 0.002997 0.992906 0.118818
1630597924.251343 -700.980205 2008.293756 0.028621 -0.004812 0.001266 0.993630 0.112580
1630597924.354859 -701.786827 2007.756585 0.020195 -0.005724 -0.000380 0.994282 0.106633
1630597924.458496 -702.586363 2007.209954 0.007787 -0.006039 -0.001981 0.994853 0.101131
1630597924.562012 -703.376730 2006.658777 -0.005636 -0.005755 -0.002178 0.995372 0.095897
1630597924.665772 -704.161210 2006.102628 -0.019657 -0.004774 -0.000798 0.995852 0.090862
1630597924.769409 -704.937295 2005.539273 -0.031901 -0.002947 0.000230 0.996302 0.085869
1630597924.873413 -705.710218 2004.962945 -0.039072 -0.001090 -0.000080 0.996700 0.081172
1630597924.977173 -706.476539 2004.379755 -0.043872 -0.000497 -0.001302 0.997036 0.076927
1630597925.081177 -707.240478 2003.788838 -0.048660 -0.000169 -0.002548 0.997321 0.073106
1630597925.185181 -707.999149 2003.191246 -0.054579 -0.000016 -0.004784 0.997559 0.069664
1630597925.288941 -708.750706 2002.592889 -0.062297 0.000426 -0.006386 0.997768 0.066465
1630597925.392944 -709.498401 2001.992958 -0.071900 0.001447 -0.006820 0.997945 0.063695
1630597925.496704 -710.241041 2001.394669 -0.082314 0.002011 -0.006125 0.998093 0.061398
1630597925.600586 -710.982866 2000.794169 -0.090975 0.001894 -0.005327 0.998230 0.059208
1630597925.704346 -711.719552 2000.190135 -0.097682 0.001857 -0.005792 0.998344 0.057212
1630597925.808106 -712.450062 1999.583221 -0.103501 0.002662 -0.006746 0.998417 0.055772
1630597925.911621 -713.174146 1998.977888 -0.110018 0.003675 -0.007619 0.998461 0.054818
1630597926.015381 -713.896384 1998.372333 -0.116699 0.004721 -0.008316 0.998483 0.054219
1630597926.119019 -714.615156 1997.769291 -0.122886 0.005624 -0.008930 0.998497 0.053782
1630597926.222412 -715.330502 1997.169369 -0.128890 0.005961 -0.009530 0.998508 0.053436
1630597926.326050 -716.045373 1996.567622 -0.135264 0.006503 -0.010984 0.998492 0.053391
1630597926.429566 -716.757206 1995.965680 -0.141993 0.007040 -0.013436 0.998448 0.053587
1630597926.533081 -717.467057 1995.368075 -0.149628 0.007700 -0.015048 0.998398 0.054005
1630597926.636475 -718.174185 1994.779364 -0.158734 0.008461 -0.014670 0.998365 0.054603
1630597926.739990 -718.880787 1994.196455 -0.168428 0.009525 -0.013013 0.998329 0.055482
1630597926.843628 -719.589346 1993.614944 -0.175945 0.010021 -0.011918 0.998281 0.056510
1630597926.947266 -720.301101 1993.034466 -0.180258 0.008809 -0.011889 0.998240 0.057428
1630597927.051026 -721.014534 1992.456290 -0.183757 0.007278 -0.012094 0.998197 0.058344
1630597927.154785 -721.725571 1991.882202 -0.189250 0.006162 -0.011943 0.998137 0.059506
1630597927.258545 -722.431645 1991.310851 -0.197242 0.006728 -0.011985 0.998040 0.061049
1630597927.362427 -723.137101 1990.743386 -0.205221 0.007684 -0.011668 0.997920 0.062936
1630597927.466187 -723.845041 1990.181517 -0.212773 0.007524 -0.011441 0.997805 0.064796
1630597927.570191 -724.557205 1989.621615 -0.219114 0.006578 -0.011641 0.997680 0.066751
1630597927.673950 -725.267347 1989.064780 -0.224646 0.005807 -0.012720 0.997540 0.068694
1630597927.777832 -725.975208 1988.511618 -0.232268 0.006317 -0.013395 0.997392 0.070640
1630597927.881592 -726.680733 1987.966516 -0.241289 0.007475 -0.012757 0.997259 0.072492
1630597927.985352 -727.386333 1987.427384 -0.249502 0.008978 -0.011481 0.997119 0.074435
1630597928.089111 -728.094081 1986.891377 -0.255548 0.009881 -0.010518 0.996963 0.076522
1630597928.192871 -728.805520 1986.357196 -0.258412 0.009858 -0.010520 0.996799 0.078640
1630597928.296509 -729.518708 1985.825212 -0.260019 0.009404 -0.011644 0.996606 0.080947
1630597928.400025 -730.232167 1985.298075 -0.262337 0.008754 -0.012664 0.996392 0.083463
1630597928.503662 -730.945958 1984.776526 -0.266456 0.009008 -0.013406 0.996135 0.086337
1630597928.607178 -731.660214 1984.263565 -0.272210 0.009290 -0.013117 0.995854 0.089535
1630597928.710938 -732.378365 1983.756058 -0.277814 0.009652 -0.012418 0.995557 0.092840
1630597928.814575 -733.099062 1983.253354 -0.282583 0.009695 -0.012637 0.995226 0.096285
1630597928.917969 -733.821544 1982.756566 -0.286618 0.009320 -0.013348 0.994868 0.099860
1630597929.021729 -734.548959 1982.263315 -0.290770 0.009051 -0.014450 0.994419 0.104118
1630597929.125244 -735.276897 1981.777625 -0.296775 0.009271 -0.016006 0.993849 0.109191
1630597929.229004 -736.009656 1981.299217 -0.304251 0.010057 -0.017721 0.993141 0.115135
1630597929.332642 -736.748701 1980.834124 -0.312828 0.009839 -0.018750 0.992301 0.122023
1630597929.436524 -737.496494 1980.383496 -0.321835 0.009376 -0.019151 0.991294 0.129932
1630597929.540283 -738.250160 1979.953034 -0.330284 0.008772 -0.017820 0.990061 0.139232
1630597929.644165 -739.011806 1979.542772 -0.339277 0.008031 -0.015157 0.988612 0.149509
1630597929.748047 -739.781700 1979.151308 -0.347123 0.007088 -0.012815 0.986914 0.160580
1630597929.851929 -740.561761 1978.778995 -0.352796 0.005158 -0.011366 0.984953 0.172369
1630597929.955811 -741.348996 1978.428528 -0.357469 0.002848 -0.009585 0.982663 0.185130
1630597930.059693 -742.141635 1978.101458 -0.363142 0.000918 -0.007763 0.979947 0.199107
1630597930.163452 -742.939339 1977.800955 -0.371174 -0.000530 -0.004934 0.976825 0.213980
1630597930.267212 -743.746123 1977.522475 -0.379939 -0.001877 -0.004255 0.973323 0.229393
1630597930.370972 -744.563497 1977.267796 -0.389356 -0.004313 -0.004738 0.969466 0.245140
1630597930.474610 -745.384627 1977.039566 -0.398391 -0.006249 -0.005461 0.965258 0.261168
1630597930.578247 -746.200486 1976.834877 -0.408768 -0.003837 -0.006856 0.960567 0.277939
1630597930.681885 -747.013973 1976.663376 -0.421928 0.000483 -0.005247 0.955278 0.295663
1630597930.785401 -747.832284 1976.528322 -0.432897 0.003080 -0.002567 0.949460 0.313863
1630597930.888794 -748.653330 1976.421038 -0.433082 0.006276 -0.003079 0.943110 0.332407
1630597930.992432 -749.480359 1976.346488 -0.425719 0.007327 -0.003938 0.935942 0.352055
1630597931.096069 -750.304590 1976.309280 -0.418444 0.008750 -0.003924 0.927948 0.372586
1630597931.199463 -751.122565 1976.309415 -0.408087 0.010048 -0.004639 0.919040 0.394008
1630597931.303223 -751.938476 1976.349618 -0.397784 0.011202 -0.005060 0.909229 0.416115
1630597931.406860 -752.747440 1976.430446 -0.387428 0.011400 -0.005875 0.898654 0.438471
1630597931.510620 -753.548116 1976.555904 -0.374268 0.010195 -0.005160 0.887283 0.461084
1630597931.614380 -754.334549 1976.722813 -0.360395 0.009269 -0.004220 0.875315 0.483447
1630597931.718140 -755.103596 1976.927811 -0.348622 0.009776 -0.002774 0.862801 0.505441
1630597931.821900 -755.859494 1977.169759 -0.338578 0.009505 -0.001920 0.849917 0.526827
1630597931.925781 -756.605126 1977.450598 -0.330012 0.007105 -0.001304 0.836967 0.547206
1630597932.029419 -757.335393 1977.767250 -0.321955 0.002854 -0.000411 0.824265 0.566197
1630597932.133057 -758.048725 1978.110833 -0.315862 -0.000515 -0.000444 0.811843 0.583875
1630597932.236817 -758.742731 1978.475859 -0.314688 -0.001351 -0.001287 0.799817 0.600240
1630597932.340332 -759.414018 1978.861153 -0.318607 0.000210 -0.001903 0.788351 0.615223
1630597932.443970 -760.067941 1979.270736 -0.323291 0.001945 -0.001744 0.777523 0.628849
1630597932.547608 -760.706797 1979.703261 -0.325640 0.003060 -0.001069 0.767244 0.641348
1630597932.651001 -761.332114 1980.154531 -0.325419 0.003649 -0.000884 0.757480 0.652847
1630597932.754639 -761.947891 1980.625008 -0.323525 0.004603 -0.000226 0.748160 0.663502
1630597932.858276 -762.555313 1981.110863 -0.320445 0.005833 -0.001158 0.739331 0.673316
1630597932.961914 -763.155335 1981.615032 -0.317869 0.007021 -0.001747 0.730985 0.682355
1630597933.065430 -763.747017 1982.139138 -0.315076 0.007502 -0.001291 0.723283 0.690510
1630597933.169190 -764.335035 1982.682347 -0.309821 0.007254 -0.001200 0.716086 0.697973
1630597933.272949 -764.919417 1983.239077 -0.303829 0.007132 -0.002129 0.709522 0.704644
1630597933.376709 -765.499278 1983.808761 -0.298457 0.007552 -0.002831 0.703577 0.710573
1630597933.480469 -766.075141 1984.392189 -0.293127 0.008112 -0.003514 0.698218 0.715830
1630597933.584351 -766.648323 1984.989752 -0.287283 0.008668 -0.004395 0.693306 0.720577
1630597933.688110 -767.218234 1985.599304 -0.280395 0.009341 -0.005124 0.688690 0.724978
1630597933.791992 -767.786964 1986.222909 -0.272724 0.009660 -0.005459 0.684474 0.728953
1630597933.895874 -768.354806 1986.859179 -0.264377 0.009795 -0.005693 0.680794 0.732388
1630597933.999634 -768.922777 1987.506324 -0.255374 0.009478 -0.006019 0.677636 0.735312
1630597934.103638 -769.493505 1988.166410 -0.246778 0.008685 -0.006280 0.674815 0.737909
1630597934.207398 -770.065010 1988.834968 -0.239191 0.007707 -0.007484 0.671959 0.740510
1630597934.311279 -770.637765 1989.514784 -0.232865 0.006589 -0.008315 0.669054 0.743138
1630597934.415039 -771.209070 1990.204007 -0.228142 0.006066 -0.008907 0.666310 0.745597
1630597934.518677 -771.778184 1990.903742 -0.224900 0.005764 -0.008984 0.663683 0.747938
1630597934.622437 -772.347442 1991.615491 -0.222362 0.005435 -0.008993 0.661154 0.750176
1630597934.726074 -772.916944 1992.336324 -0.220114 0.005012 -0.009106 0.658627 0.752397
1630597934.829590 -773.485307 1993.067047 -0.218113 0.004348 -0.008245 0.656328 0.754418
1630597934.933350 -774.054443 1993.806774 -0.216092 0.003846 -0.008186 0.654230 0.756242
1630597935.036865 -774.621872 1994.549423 -0.214583 0.003994 -0.008723 0.652230 0.757961
1630597935.140625 -775.190039 1995.299756 -0.213684 0.004501 -0.008978 0.650219 0.759680
1630597935.244019 -775.755597 1996.055949 -0.212152 0.004392 -0.009204 0.648207 0.761396
1630597935.347656 -776.321274 1996.821665 -0.209653 0.004033 -0.009454 0.646159 0.763134
1630597935.451294 -776.883842 1997.593571 -0.206698 0.004335 -0.009059 0.643975 0.764981
1630597935.554932 -777.442165 1998.370867 -0.203680 0.005762 -0.008471 0.641887 0.766731
1630597935.658692 -777.999580 1999.156898 -0.199900 0.006654 -0.007897 0.639945 0.768351
1630597935.762451 -778.556795 1999.953657 -0.194571 0.007020 -0.006280 0.638363 0.769678
1630597935.866089 -779.115758 2000.757378 -0.186918 0.004963 -0.005468 0.637016 0.770815
1630597935.969849 -779.674716 2001.566216 -0.180707 0.004230 -0.004247 0.635926 0.771727
1630597936.073609 -780.232695 2002.377407 -0.177808 0.004439 -0.002860 0.635124 0.772392
1630597936.177246 -780.791461 2003.191757 -0.177301 0.004792 -0.002051 0.634508 0.772899
1630597936.281006 -781.353316 2004.012489 -0.175880 0.004817 -0.001177 0.634052 0.773274
1630597936.384766 -781.916454 2004.837633 -0.173036 0.004474 -0.000410 0.633692 0.773572
1630597936.488648 -782.480818 2005.666938 -0.170739 0.004683 0.000650 0.633387 0.773821
1630597936.592285 -783.046095 2006.497332 -0.168875 0.004657 0.001727 0.633112 0.774044
1630597936.696045 -783.614189 2007.331657 -0.166287 0.004405 0.002131 0.633024 0.774116
1630597936.799927 -784.183486 2008.168822 -0.164038 0.004251 0.003187 0.633040 0.774101
1630597936.903565 -784.751935 2009.001481 -0.160461 0.004726 0.003480 0.633234 0.773938
1630597937.007324 -785.320932 2009.830794 -0.156229 0.006252 0.003291 0.633429 0.773769
1630597937.111084 -785.889435 2010.660206 -0.150688 0.007441 0.003538 0.633731 0.773510
1630597937.214844 -786.459571 2011.491978 -0.142000 0.007166 0.003812 0.633976 0.773310
1630597937.318604 -787.030558 2012.323349 -0.131803 0.006244 0.004390 0.634358 0.773002
1630597937.422119 -787.598251 2013.150508 -0.123582 0.006324 0.005386 0.634954 0.772505
1630597937.525879 -788.167470 2013.977367 -0.117377 0.006894 0.006347 0.635792 0.771804
1630597937.629395 -788.738447 2014.801476 -0.111101 0.006896 0.007067 0.636610 0.771122
1630597937.733154 -789.314702 2015.627339 -0.104219 0.006191 0.007428 0.637479 0.770407
1630597937.836670 -789.893400 2016.448931 -0.097537 0.005466 0.007301 0.638326 0.769712
1630597937.940308 -790.474149 2017.268944 -0.092248 0.005017 0.006960 0.639193 0.768999
1630597938.043945 -791.054903 2018.087347 -0.088334 0.005034 0.007070 0.640019 0.768310
1630597938.147705 -791.637802 2018.905623 -0.085179 0.004903 0.007369 0.640703 0.767738
1630597938.251343 -792.221892 2019.720357 -0.080952 0.005077 0.007226 0.641347 0.767200
1630597938.355103 -792.807265 2020.533790 -0.076518 0.005688 0.006925 0.641955 0.766690
1630597938.458740 -793.392733 2021.345621 -0.071916 0.006262 0.006566 0.642549 0.766191
1630597938.562622 -793.981600 2022.160254 -0.065858 0.005893 0.006781 0.643004 0.765810
1630597938.666260 -794.569337 2022.973118 -0.059504 0.005157 0.007212 0.643481 0.765410
1630597938.770142 -795.158114 2023.784545 -0.053543 0.005225 0.007063 0.643816 0.765130
1630597938.873901 -795.744650 2024.591033 -0.048390 0.006312 0.006785 0.644139 0.764853
1630597938.977661 -796.330731 2025.395789 -0.042266 0.007584 0.006558 0.644326 0.764685
1630597939.081543 -796.918083 2026.202172 -0.033898 0.007729 0.006727 0.644457 0.764572
1630597939.185181 -797.504859 2027.006513 -0.023700 0.006907 0.006720 0.644435 0.764599
1630597939.288818 -798.090664 2027.808553 -0.014125 0.006000 0.006345 0.644450 0.764596
1630597939.392578 -798.674429 2028.608225 -0.006118 0.005987 0.005987 0.644426 0.764620
1630597939.496338 -799.255450 2029.404594 0.001046 0.006401 0.005502 0.644320 0.764709
1630597939.599976 -799.833077 2030.197670 0.008731 0.006932 0.005489 0.644049 0.764933
1630597939.703735 -800.408917 2030.990198 0.017317 0.006935 0.005276 0.643649 0.765271
1630597939.807373 -800.979988 2031.780272 0.026913 0.006471 0.005597 0.643218 0.765636
1630597939.911011 -801.546627 2032.567156 0.036442 0.006149 0.006008 0.642654 0.766108
1630597940.014649 -802.108047 2033.351096 0.045076 0.006058 0.006563 0.642004 0.766649
1630597940.118164 -802.664356 2034.130170 0.053383 0.006202 0.006922 0.641225 0.767297
1630597940.221924 -803.217376 2034.905892 0.062179 0.006923 0.006800 0.640449 0.767940
1630597940.325684 -803.765890 2035.677694 0.071374 0.007783 0.006389 0.639510 0.768717
1630597940.429321 -804.309266 2036.447092 0.081146 0.008031 0.006126 0.638369 0.769664
1630597940.532959 -804.848663 2037.215532 0.092613 0.007328 0.005838 0.636911 0.770881
1630597940.636597 -805.381454 2037.982385 0.103783 0.006293 0.005778 0.635300 0.772219
1630597940.740235 -805.906152 2038.745562 0.113605 0.006254 0.005658 0.633698 0.773535
1630597940.844116 -806.424453 2039.506237 0.122384 0.006855 0.005609 0.631905 0.774995
1630597940.947754 -806.934762 2040.261277 0.131251 0.008026 0.004892 0.630036 0.776509
1630597941.051514 -807.440420 2041.016152 0.141303 0.008389 0.003986 0.627917 0.778225
1630597941.155396 -807.940155 2041.771660 0.152731 0.007960 0.003395 0.625600 0.780096
1630597941.259033 -808.430606 2042.522577 0.165820 0.007826 0.002433 0.622969 0.782204
1630597941.362793 -808.912764 2043.271586 0.177253 0.008521 0.001083 0.620188 0.784407
1630597941.466553 -809.383206 2044.024679 0.187121 0.008195 0.001978 0.617250 0.786722
1630597941.570313 -809.846277 2044.779081 0.198937 0.007631 0.002595 0.614301 0.789030
1630597941.674072 -810.303272 2045.532748 0.210692 0.006143 0.002851 0.611216 0.791435
1630597941.777710 -810.751433 2046.283090 0.219279 0.005674 0.002228 0.608146 0.793802
1630597941.881348 -811.190707 2047.032806 0.226039 0.005467 0.002122 0.604885 0.796292
1630597941.985108 -811.620754 2047.784803 0.231408 0.005237 0.002486 0.601329 0.798980
1630597942.088745 -812.041077 2048.537076 0.236716 0.004989 0.002861 0.597643 0.801742
1630597942.192383 -812.452438 2049.288065 0.242793 0.005024 0.003011 0.594094 0.804375
1630597942.296143 -812.855648 2050.037788 0.248715 0.006221 0.002516 0.590498 0.807011
1630597942.399658 -813.248001 2050.787118 0.253920 0.007241 0.002782 0.586940 0.809593
1630597942.503418 -813.633144 2051.543030 0.260133 0.007100 0.003795 0.583260 0.812245
1630597942.607056 -814.011669 2052.301156 0.267992 0.005713 0.004729 0.579456 0.814970
1630597942.710693 -814.383805 2053.057920 0.275504 0.004589 0.004625 0.575836 0.817539
1630597942.814453 -814.747988 2053.811585 0.280696 0.005127 0.003753 0.572276 0.820037
1630597942.918091 -815.101176 2054.562688 0.284491 0.006950 0.003440 0.568826 0.822421
1630597943.021851 -815.447877 2055.316294 0.289141 0.008163 0.003012 0.565342 0.824811
1630597943.125488 -815.790258 2056.071580 0.296625 0.007762 0.002301 0.561887 0.827174
1630597943.229126 -816.123011 2056.828142 0.306999 0.007301 0.002864 0.558857 0.829227
1630597943.332886 -816.443933 2057.583287 0.317292 0.008620 0.004979 0.556132 0.831034
1630597943.436646 -816.758099 2058.331499 0.326760 0.011191 0.005052 0.553636 0.832668
1630597943.540283 -817.064129 2059.078736 0.336726 0.013403 0.006649 0.551139 0.834279
1630597943.644043 -817.367227 2059.828634 0.349816 0.013942 0.008102 0.549030 0.835647
1630597943.747803 -817.670445 2060.580774 0.366053 0.011238 0.009287 0.547236 0.836851
1630597943.851563 -817.972343 2061.330719 0.381199 0.007727 0.009625 0.546028 0.837676
1630597943.955200 -818.270240 2062.072602 0.391043 0.005099 0.009917 0.545375 0.838118
1630597944.058838 -818.564100 2062.805481 0.394580 0.004261 0.010453 0.545778 0.837854
1630597944.162476 -818.857623 2063.528762 0.394099 0.004152 0.010634 0.547170 0.836944
1630597944.266113 -819.152979 2064.243298 0.394198 0.003397 0.010793 0.549564 0.835375
1630597944.369873 -819.450002 2064.947209 0.395639 0.002306 0.011163 0.552663 0.833327
1630597944.473389 -819.747620 2065.633506 0.396608 0.001586 0.011168 0.556176 0.830988
1630597944.577149 -820.046823 2066.303867 0.396479 0.001595 0.011038 0.560216 0.828271
1630597944.680664 -820.343968 2066.955386 0.395593 0.002219 0.011564 0.564800 0.825144
1630597944.784424 -820.642847 2067.591843 0.394725 0.002625 0.012081 0.569998 0.821553
1630597944.887940 -820.944742 2068.209920 0.395164 0.002822 0.012454 0.575591 0.817638
1630597944.991821 -821.251295 2068.811683 0.396760 0.002685 0.012778 0.581330 0.813563
1630597945.095581 -821.561550 2069.392013 0.398938 0.002814 0.011691 0.587219 0.809339
1630597945.199341 -821.872989 2069.952983 0.401177 0.003371 0.010681 0.593064 0.805077
1630597945.303223 -822.184078 2070.496219 0.403206 0.004237 0.009879 0.598633 0.800951
1630597945.406983 -822.493092 2071.020621 0.405512 0.005026 0.009161 0.603836 0.797040
1630597945.510864 -822.800961 2071.529780 0.408816 0.005154 0.008653 0.608597 0.793415
1630597945.614746 -823.105949 2072.023478 0.413499 0.004507 0.008719 0.613025 0.790002
1630597945.718506 -823.406133 2072.498217 0.418068 0.003623 0.008774 0.617310 0.786663
1630597945.822388 -823.703262 2072.952216 0.422754 0.002747 0.008079 0.621455 0.783404
1630597945.926270 -823.995764 2073.384308 0.427294 0.002156 0.006913 0.625499 0.780191
1630597946.030029 -824.278969 2073.795812 0.430804 0.001984 0.006034 0.629560 0.776926
1630597946.133789 -824.550526 2074.187811 0.432590 0.002163 0.006207 0.633552 0.773673
1630597946.237549 -824.813002 2074.560319 0.433021 0.002730 0.006640 0.637606 0.770329
1630597946.341065 -825.070107 2074.913456 0.433952 0.002803 0.006697 0.641592 0.767012
1630597946.444702 -825.324248 2075.249280 0.436454 0.002523 0.005867 0.645445 0.763780
1630597946.548218 -825.571868 2075.569937 0.439104 0.002081 0.005373 0.649174 0.760618
1630597946.651734 -825.811118 2075.876163 0.441079 0.001639 0.005183 0.652947 0.757384
1630597946.755371 -826.042360 2076.168641 0.442541 0.001453 0.005501 0.656730 0.754104
1630597946.859009 -826.267937 2076.446830 0.443905 0.001514 0.005456 0.660268 0.751009
1630597946.962402 -826.487751 2076.711470 0.444870 0.001879 0.005346 0.663574 0.748089
1630597947.066040 -826.703575 2076.965370 0.445851 0.002221 0.004713 0.666748 0.745265
1630597947.169678 -826.912714 2077.209091 0.446907 0.002293 0.004559 0.669634 0.742674
1630597947.273316 -827.114020 2077.441278 0.447210 0.002598 0.004391 0.672327 0.740237
1630597947.377075 -827.308217 2077.662409 0.447236 0.002917 0.004410 0.674992 0.737806
1630597947.480713 -827.496909 2077.871750 0.447815 0.003121 0.003851 0.677323 0.735669
1630597947.584595 -827.680232 2078.072482 0.448780 0.003271 0.003390 0.679416 0.733738
1630597947.688355 -827.856915 2078.266290 0.449542 0.003238 0.003282 0.681572 0.731737
1630597947.792114 -828.028079 2078.453171 0.450249 0.002929 0.003387 0.683653 0.729794
1630597947.896118 -828.194706 2078.632198 0.450971 0.002524 0.003417 0.685520 0.728041
1630597948.000000 -828.354938 2078.801937 0.451493 0.002167 0.003365 0.687274 0.726387
1630597948.103760 -828.508130 2078.961931 0.451762 0.002141 0.003074 0.689037 0.724717
1630597948.207642 -828.655423 2079.113943 0.451984 0.001932 0.002794 0.690759 0.723077
1630597948.311401 -828.796669 2079.258521 0.452108 0.001351 0.002565 0.692302 0.721602
1630597948.415039 -828.931011 2079.395509 0.452182 0.000966 0.002472 0.693722 0.720238
1630597948.518799 -829.058790 2079.525888 0.452409 0.000828 0.002534 0.695151 0.718858
1630597948.622559 -829.181310 2079.650316 0.452656 0.000542 0.002820 0.696527 0.717525
1630597948.726196 -829.300143 2079.767917 0.452712 0.000331 0.002513 0.697764 0.716323
1630597948.829712 -829.414776 2079.879649 0.452905 0.000213 0.002223 0.698987 0.715131
1630597948.933350 -829.525536 2079.986772 0.452813 0.000040 0.001777 0.700253 0.713892
1630597949.036743 -829.633124 2080.090965 0.451835 0.000103 0.001619 0.701458 0.712709
1630597949.140381 -829.741327 2080.195218 0.450309 0.000438 0.001465 0.702692 0.711492
1630597949.243897 -829.850874 2080.300943 0.449060 0.000645 0.001523 0.703964 0.710234
1630597949.347656 -829.963454 2080.408644 0.448418 0.000406 0.001503 0.705203 0.709004
1630597949.451172 -830.078697 2080.515769 0.448207 0.000024 0.001023 0.706606 0.707606
1630597949.554932 -830.196547 2080.622824 0.447943 -0.000331 0.000595 0.708369 0.705842
1630597949.658447 -830.316437 2080.729238 0.447523 -0.000639 -0.000235 0.710255 0.703944
1630597949.762207 -830.437788 2080.837145 0.446633 -0.000966 -0.000518 0.712340 0.701834
1630597949.865845 -830.560299 2080.946701 0.444921 -0.001210 -0.000345 0.714917 0.699208
1630597949.969483 -830.685358 2081.057578 0.442621 -0.001329 0.000246 0.718011 0.696030
1630597950.073242 -830.815647 2081.168485 0.440823 -0.001565 0.000631 0.721552 0.692358
1630597950.177002 -830.952228 2081.279400 0.439340 -0.001608 0.000862 0.725863 0.687837
1630597950.280762 -831.096718 2081.391085 0.437370 -0.001194 0.000739 0.731018 0.682357
1630597950.384522 -831.252689 2081.505553 0.434656 -0.000287 0.000482 0.736710 0.676209
1630597950.488037 -831.423502 2081.625721 0.431717 0.000732 0.000113 0.742940 0.669357
1630597950.591919 -831.612264 2081.755307 0.429088 0.001056 0.000012 0.749870 0.661584
1630597950.695557 -831.819315 2081.893595 0.425649 0.000585 0.000573 0.757260 0.653113
1630597950.799317 -832.047379 2082.036860 0.421612 -0.000589 0.000780 0.765039 0.643984
1630597950.903076 -832.295080 2082.180095 0.418677 -0.001591 0.000161 0.773240 0.634112
1630597951.006714 -832.559291 2082.322292 0.415768 -0.001863 -0.000822 0.782021 0.623249
1630597951.110596 -832.840948 2082.466961 0.410626 -0.002528 -0.000447 0.791500 0.611163
1630597951.214234 -833.137893 2082.604612 0.405936 -0.001689 -0.001486 0.801267 0.598303
1630597951.317871 -833.447750 2082.736290 0.404146 0.000620 -0.000931 0.811180 0.584796
1630597951.421631 -833.774449 2082.862591 0.402783 0.003614 -0.000859 0.821449 0.570270
1630597951.525391 -834.119275 2082.985959 0.399020 0.006290 0.000351 0.831982 0.554766
1630597951.629151 -834.484215 2083.101983 0.392814 0.008689 0.001634 0.842588 0.538486
1630597951.732788 -834.871150 2083.206312 0.386451 0.010085 0.002404 0.853029 0.521760
1630597951.836426 -835.279647 2083.296706 0.380605 0.011291 0.001774 0.863590 0.504064
1630597951.940186 -835.713024 2083.370769 0.378773 0.010911 0.000450 0.873837 0.486096
1630597952.043945 -836.169437 2083.430002 0.382299 0.008780 -0.001705 0.884123 0.467169
1630597952.147705 -836.640821 2083.480133 0.388831 0.006123 -0.001818 0.894281 0.447461
1630597952.251343 -837.118918 2083.517612 0.395199 0.004615 0.001203 0.903893 0.427732
1630597952.355103 -837.611015 2083.524301 0.397521 0.003258 0.000121 0.913327 0.407214
1630597952.458862 -838.114511 2083.499485 0.393686 0.002089 -0.003658 0.922432 0.386136
1630597952.562500 -838.613074 2083.461462 0.387674 0.003125 -0.001562 0.930964 0.365095
1630597952.666382 -839.111023 2083.407934 0.382721 0.008352 0.002940 0.939302 0.342976
1630597952.770020 -839.622466 2083.325931 0.387252 0.010450 0.004994 0.947148 0.320589
1630597952.873901 -840.145101 2083.211473 0.396914 0.010693 0.005293 0.954115 0.299201
1630597952.977661 -840.668290 2083.069701 0.399488 0.013274 0.004915 0.960497 0.277931
1630597953.081299 -841.199574 2082.905655 0.401465 0.013300 0.005752 0.966587 0.255928
1630597953.185059 -841.740835 2082.711531 0.408916 0.012149 0.004435 0.972048 0.234426
1630597953.288818 -842.286959 2082.488458 0.417414 0.010486 0.002976 0.976681 0.214419
1630597953.392578 -842.837476 2082.241607 0.423523 0.009098 0.002278 0.980733 0.195128
1630597953.496338 -843.395538 2081.976050 0.428059 0.006223 0.003373 0.984403 0.175785
1630597953.600098 -843.957529 2081.687064 0.430511 0.002846 0.005528 0.987628 0.156691
1630597953.703735 -844.517224 2081.368659 0.430727 0.000332 0.007324 0.990473 0.137510
1630597953.807495 -845.073265 2081.017888 0.429400 -0.001244 0.008144 0.993020 0.117657
1630597953.911255 -845.623693 2080.636255 0.426924 -0.002410 0.008632 0.995171 0.097745
1630597954.014893 -846.166448 2080.225560 0.424046 -0.002851 0.008614 0.996873 0.078501
1630597954.118652 -846.704161 2079.787456 0.421411 -0.003245 0.008559 0.998136 0.060346
1630597954.222412 -847.237301 2079.324077 0.418594 -0.004017 0.008616 0.999011 0.043444
1630597954.325928 -847.761225 2078.836159 0.415962 -0.003895 0.008116 0.999576 0.027688
1630597954.429688 -848.279773 2078.323779 0.413368 -0.003729 0.007575 0.999874 0.013432
1630597954.533203 -848.792473 2077.791909 0.410409 -0.003913 0.006946 0.999968 0.000617
1630597954.636963 -849.303114 2077.242473 0.406142 -0.004652 0.006979 0.999905 -0.010980
1630597954.740723 -849.808527 2076.677032 0.401847 -0.005251 0.007306 0.999741 -0.020918
1630597954.844483 -850.307138 2076.096140 0.399255 -0.005706 0.006725 0.999516 -0.029849
1630597954.948242 -850.797498 2075.503446 0.397158 -0.005051 0.006459 0.999244 -0.037994
1630597955.052002 -851.281889 2074.900913 0.393625 -0.004398 0.006211 0.998956 -0.045053
1630597955.155884 -851.763975 2074.287736 0.390195 -0.003520 0.006275 0.998694 -0.050572
1630597955.259522 -852.243559 2073.667421 0.388292 -0.003479 0.005537 0.998480 -0.054722
1630597955.363281 -852.724251 2073.040599 0.386797 -0.004416 0.005549 0.998283 -0.058151
1630597955.467041 -853.201470 2072.408082 0.384388 -0.004572 0.004096 0.998071 -0.061786
1630597955.570557 -853.674823 2071.772940 0.380680 -0.005119 0.003900 0.997844 -0.065308
1630597955.674317 -854.146183 2071.132948 0.376241 -0.006067 0.003887 0.997613 -0.068673
1630597955.777832 -854.612718 2070.490244 0.371754 -0.006430 0.003369 0.997408 -0.071583
1630597955.881470 -855.075182 2069.844099 0.365872 -0.006205 0.003178 0.997221 -0.074171
1630597955.984985 -855.533291 2069.196187 0.359706 -0.005843 0.002984 0.997051 -0.076464
1630597956.088623 -855.990498 2068.546225 0.353619 -0.005905 0.003161 0.996895 -0.078453
1630597956.192139 -856.444622 2067.895926 0.348013 -0.005520 0.003085 0.996759 -0.080198
1630597956.295654 -856.896545 2067.244180 0.342971 -0.005224 0.002916 0.996649 -0.081575
1630597956.399414 -857.347658 2066.590042 0.337654 -0.005035 0.002711 0.996562 -0.082658
1630597956.503052 -857.795022 2065.935921 0.333037 -0.004247 0.002115 0.996488 -0.083602
1630597956.606812 -858.241412 2065.281049 0.328674 -0.003984 0.001393 0.996424 -0.084388
1630597956.710449 -858.686643 2064.628756 0.323158 -0.004027 0.001041 0.996346 -0.085308
1630597956.814209 -859.130606 2063.976139 0.317986 -0.004057 0.000536 0.996272 -0.086168
1630597956.917969 -859.572447 2063.323943 0.312488 -0.004317 0.000135 0.996203 -0.086948
1630597957.021851 -860.012450 2062.672403 0.305912 -0.004327 -0.000224 0.996128 -0.087808
1630597957.125610 -860.450027 2062.023873 0.299265 -0.004411 -0.000110 0.996055 -0.088634
1630597957.229370 -860.884716 2061.377003 0.292301 -0.004346 -0.000014 0.995988 -0.089381
1630597957.333252 -861.316842 2060.730844 0.284826 -0.004055 0.000006 0.995928 -0.090058
1630597957.437012 -861.746316 2060.087208 0.278256 -0.003871 -0.000221 0.995890 -0.090493
1630597957.540772 -862.174552 2059.446958 0.272138 -0.004083 -0.000312 0.995876 -0.090637
1630597957.644409 -862.600401 2058.811897 0.265768 -0.004412 -0.000039 0.995876 -0.090623
1630597957.748291 -863.024253 2058.179494 0.259543 -0.004536 0.000131 0.995868 -0.090700
1630597957.852051 -863.443715 2057.552418 0.253350 -0.004578 0.000398 0.995858 -0.090811
1630597957.955567 -863.858400 2056.932363 0.247601 -0.004597 0.000556 0.995849 -0.090902
1630597958.059326 -864.269275 2056.317631 0.242500 -0.004559 0.000675 0.995839 -0.091015
1630597958.162842 -864.673028 2055.712241 0.237672 -0.004346 0.001083 0.995833 -0.091084
1630597958.266602 -865.071184 2055.113140 0.233516 -0.003807 0.001038 0.995828 -0.091168
1630597958.370239 -865.463642 2054.524219 0.230190 -0.003620 0.001298 0.995815 -0.091308
1630597958.473877 -865.850556 2053.944897 0.227062 -0.003841 0.001324 0.995803 -0.091433
1630597958.577515 -866.231104 2053.375542 0.224248 -0.004205 0.001223 0.995799 -0.091465
1630597958.681030 -866.603951 2052.817824 0.221877 -0.004770 0.001179 0.995797 -0.091456
1630597958.784668 -866.968821 2052.270904 0.219381 -0.005219 0.000888 0.995802 -0.091376
1630597958.888428 -867.325993 2051.736093 0.216315 -0.005462 0.000779 0.995815 -0.091221
1630597958.992066 -867.674694 2051.215702 0.213220 -0.005792 0.000827 0.995820 -0.091153
1630597959.095703 -868.014514 2050.709650 0.209981 -0.006217 0.001285 0.995821 -0.091107
1630597959.199463 -868.343683 2050.215886 0.206505 -0.005902 0.001232 0.995831 -0.091015
1630597959.303223 -868.663025 2049.735877 0.203498 -0.005828 0.000948 0.995839 -0.090940
1630597959.407105 -868.973357 2049.270843 0.201064 -0.005944 0.000703 0.995834 -0.090986
1630597959.510864 -869.273225 2048.823297 0.198708 -0.006247 0.000722 0.995837 -0.090936
1630597959.614746 -869.561546 2048.391414 0.196439 -0.006181 0.000597 0.995851 -0.090783
1630597959.718506 -869.838099 2047.976852 0.194121 -0.006034 0.000595 0.995860 -0.090700
1630597959.822266 -870.104687 2047.579981 0.191650 -0.006278 0.000835 0.995862 -0.090656
1630597959.926026 -870.362525 2047.197665 0.187532 -0.007575 0.000524 0.995874 -0.090425
1630597960.029785 -870.607590 2046.831336 0.184378 -0.007184 0.000376 0.995880 -0.090393
1630597960.133545 -870.840645 2046.481683 0.182901 -0.007132 0.000165 0.995887 -0.090318
1630597960.237183 -871.062752 2046.148444 0.181926 -0.006858 0.000197 0.995891 -0.090296
1630597960.340943 -871.275779 2045.831827 0.180696 -0.007043 0.000222 0.995891 -0.090283
1630597960.444580 -871.478713 2045.533781 0.178966 -0.007757 0.000615 0.995893 -0.090208
1630597960.548218 -871.669141 2045.253415 0.174610 -0.007605 0.001492 0.995895 -0.090180
1630597960.651856 -871.845627 2044.988869 0.169137 -0.007198 0.002181 0.995924 -0.089883
1630597960.755371 -872.010992 2044.738312 0.168546 -0.006953 0.001177 0.995923 -0.089926
1630597960.859131 -872.165891 2044.505032 0.169442 -0.007208 0.000144 0.995917 -0.089980
1630597960.962647 -872.308378 2044.291449 0.168651 -0.007219 -0.000104 0.995928 -0.089865
1630597961.066406 -872.440289 2044.096900 0.166332 -0.007355 0.000349 0.995929 -0.089835
1630597961.169922 -872.560132 2043.921908 0.164355 -0.007764 0.000669 0.995929 -0.089807
1630597961.273682 -872.666421 2043.764835 0.163366 -0.007887 0.000711 0.995938 -0.089697
1630597961.377197 -872.758846 2043.625994 0.162886 -0.007816 0.000485 0.995932 -0.089765
1630597961.480957 -872.839511 2043.503923 0.161754 -0.007431 0.000542 0.995931 -0.089811
1630597961.584717 -872.910890 2043.396738 0.159869 -0.006924 0.000989 0.995948 -0.089664
1630597961.688355 -872.974841 2043.302873 0.158694 -0.006810 0.001344 0.995946 -0.089688
1630597961.792114 -873.031141 2043.220632 0.158134 -0.006912 0.001560 0.995942 -0.089713
1630597961.895996 -873.079095 2043.148834 0.157520 -0.006785 0.001656 0.995952 -0.089617
1630597961.999756 -873.119766 2043.087206 0.156926 -0.006550 0.001682 0.995956 -0.089588
1630597962.103394 -873.154528 2043.034688 0.156232 -0.006221 0.001855 0.995955 -0.089624
1630597962.207276 -873.185397 2042.988541 0.155478 -0.005779 0.002304 0.995955 -0.089637
1630597962.311035 -873.215505 2042.944112 0.154920 -0.005195 0.003064 0.995957 -0.089626
1630597962.414795 -873.248035 2042.896335 0.154673 -0.004617 0.003911 0.995958 -0.089619
1630597962.518433 -873.283940 2042.843036 0.154648 -0.004301 0.004274 0.995959 -0.089599
1630597962.622193 -873.323375 2042.783884 0.154345 -0.004230 0.004224 0.995962 -0.089577
1630597962.725830 -873.365776 2042.719712 0.153774 -0.004134 0.004039 0.995962 -0.089584
1630597962.829468 -873.410681 2042.651432 0.153431 -0.004014 0.003794 0.995960 -0.089630
1630597962.933106 -873.458188 2042.579522 0.152876 -0.003781 0.003745 0.995961 -0.089633
1630597963.036621 -873.509194 2042.503306 0.151722 -0.003530 0.003962 0.995964 -0.089598
1630597963.140381 -873.565688 2042.419753 0.149427 -0.002998 0.004757 0.995969 -0.089521
1630597963.244141 -873.630644 2042.324075 0.145950 -0.001954 0.006259 0.995970 -0.089448
1630597963.347901 -873.707205 2042.210969 0.143036 -0.001091 0.007540 0.995968 -0.089381
1630597963.451416 -873.796422 2042.078310 0.141980 -0.000904 0.007712 0.995971 -0.089344
1630597963.555176 -873.898331 2041.926165 0.141548 -0.001042 0.007390 0.995979 -0.089279
1630597963.658814 -874.012022 2041.756030 0.140462 -0.000841 0.007329 0.995987 -0.089193
1630597963.762451 -874.138642 2041.567798 0.139072 -0.000775 0.007386 0.995990 -0.089152
1630597963.866211 -874.277935 2041.361387 0.137831 -0.000820 0.007346 0.995995 -0.089101
1630597963.969971 -874.429002 2041.137705 0.136598 -0.000929 0.007424 0.996004 -0.088994
1630597964.073731 -874.591099 2040.896726 0.135214 -0.000753 0.007500 0.996010 -0.088922
1630597964.177490 -874.764153 2040.638861 0.134358 -0.000188 0.007851 0.996016 -0.088823
1630597964.281128 -874.949490 2040.362514 0.133283 0.000028 0.007965 0.996021 -0.088764
1630597964.384888 -875.148085 2040.066123 0.130837 -0.000067 0.007463 0.996035 -0.088650
1630597964.488648 -875.358733 2039.752300 0.128145 -0.000038 0.007135 0.996043 -0.088581
1630597964.592407 -875.581393 2039.421785 0.126121 0.000108 0.007150 0.996050 -0.088502
1630597964.696045 -875.816397 2039.074893 0.124654 -0.000050 0.007216 0.996049 -0.088511
1630597964.799927 -876.064135 2038.710103 0.123368 -0.000214 0.007407 0.996049 -0.088493
1630597964.903565 -876.324204 2038.327918 0.123023 -0.000826 0.007583 0.996061 -0.088342
1630597965.007324 -876.595176 2037.926976 0.119871 -0.000583 0.007799 0.996073 -0.088191
1630597965.110962 -876.877462 2037.507584 0.115481 -0.000192 0.007825 0.996079 -0.088117
1630597965.214600 -877.172195 2037.068890 0.112362 0.000155 0.007469 0.996086 -0.088078
1630597965.318360 -877.481053 2036.611612 0.110627 -0.000115 0.007255 0.996088 -0.088070
1630597965.421997 -877.803302 2036.137070 0.108796 -0.000526 0.007251 0.996090 -0.088040
1630597965.525635 -878.138436 2035.644176 0.105783 -0.000880 0.007310 0.996097 -0.087963
1630597965.629395 -878.485351 2035.132534 0.102029 -0.001016 0.007388 0.996102 -0.087894
1630597965.733032 -878.842492 2034.604177 0.098592 -0.000784 0.007532 0.996107 -0.087826
1630597965.836792 -879.210778 2034.058519 0.095943 -0.000882 0.007057 0.996117 -0.087757
1630597965.940430 -879.587168 2033.499128 0.093512 -0.000601 0.006212 0.996127 -0.087704
1630597966.044190 -879.973380 2032.924875 0.089701 0.000446 0.006347 0.996162 -0.087292
1630597966.147827 -880.371387 2032.335649 0.086543 0.000929 0.005802 0.996208 -0.086809
1630597966.251465 -880.780994 2031.734143 0.084252 -0.000084 0.004381 0.996238 -0.086546
1630597966.355347 -881.198780 2031.121686 0.081444 -0.000702 0.003638 0.996268 -0.086235
1630597966.459107 -881.620983 2030.499997 0.077977 0.000437 0.004307 0.996293 -0.085915
1630597966.562744 -882.049476 2029.866112 0.073804 0.002359 0.005263 0.996299 -0.085758
1630597966.666504 -882.487194 2029.216277 0.069604 0.004439 0.005706 0.996282 -0.085847
1630597966.770264 -882.937666 2028.548767 0.067828 0.005092 0.005639 0.996273 -0.085925
1630597966.873901 -883.399450 2027.863679 0.067523 0.005796 0.002621 0.996261 -0.086155
1630597966.977539 -883.875650 2027.169030 0.067555 0.004272 0.002941 0.996294 -0.085854
1630597967.081299 -884.361001 2026.460210 0.066424 0.003387 0.003009 0.996311 -0.085697
1630597967.185059 -884.851082 2025.738371 0.062899 0.004239 0.002914 0.996311 -0.085658
1630597967.288574 -885.352431 2025.008017 0.060085 0.003494 0.003000 0.996270 -0.086167
1630597967.392334 -885.862085 2024.265369 0.057354 0.002837 0.003278 0.996241 -0.086516
1630597967.496094 -886.375579 2023.511446 0.055600 0.002498 0.003270 0.996251 -0.086415
1630597967.599610 -886.892656 2022.750515 0.053774 0.002326 0.002477 0.996240 -0.086567
1630597967.703369 -887.417050 2021.979965 0.050815 0.001575 0.002144 0.996233 -0.086679
1630597967.807129 -887.947735 2021.201752 0.047135 0.000538 0.001958 0.996225 -0.086788
1630597967.910889 -888.485682 2020.417090 0.042170 -0.000567 0.001759 0.996215 -0.086899
1630597968.014649 -889.028675 2019.625564 0.035462 -0.002458 0.002141 0.996202 -0.087008
1630597968.118286 -889.573769 2018.826698 0.027835 -0.002802 0.003027 0.996192 -0.087087
1630597968.222046 -890.125902 2018.018499 0.018417 -0.002789 0.004132 0.996176 -0.087226
1630597968.325684 -890.685171 2017.199740 0.009557 -0.002940 0.005056 0.996162 -0.087332
1630597968.429443 -891.250809 2016.367148 0.002395 -0.002824 0.005469 0.996156 -0.087376
1630597968.533203 -891.823969 2015.523536 -0.004182 -0.003306 0.005935 0.996135 -0.087575
1630597968.636719 -892.402235 2014.671641 -0.010474 -0.003084 0.006564 0.996115 -0.087757
1630597968.740479 -892.989350 2013.806646 -0.016012 -0.003209 0.006995 0.996111 -0.087769
1630597968.844238 -893.583862 2012.929897 -0.021452 -0.003581 0.007341 0.996103 -0.087815
1630597968.947876 -894.184084 2012.043247 -0.025372 -0.003706 0.007010 0.996090 -0.087989
1630597969.051636 -894.790256 2011.147950 -0.029130 -0.003924 0.007088 0.996073 -0.088167
1630597969.155274 -895.399768 2010.246741 -0.032992 -0.004095 0.007027 0.996054 -0.088378
1630597969.259033 -896.014388 2009.337210 -0.036852 -0.004580 0.006739 0.996044 -0.088485
1630597969.362793 -896.632819 2008.421940 -0.040556 -0.005032 0.006532 0.996032 -0.088616
1630597969.466431 -897.252536 2007.502720 -0.045057 -0.005196 0.006336 0.996020 -0.088752
1630597969.570191 -897.874961 2006.577257 -0.049813 -0.005239 0.005798 0.996003 -0.088974
1630597969.673828 -898.498362 2005.648979 -0.054640 -0.005066 0.005286 0.995986 -0.089213
1630597969.777588 -899.123078 2004.716769 -0.060140 -0.004505 0.005160 0.995974 -0.089385
1630597969.881348 -899.750666 2003.782139 -0.065531 -0.004430 0.005518 0.995966 -0.089447
1630597969.984863 -900.380432 2002.845251 -0.070545 -0.004641 0.005484 0.995955 -0.089565
1630597970.088623 -901.015887 2001.901426 -0.074989 -0.005501 0.005247 0.995940 -0.089702
1630597970.192383 -901.652819 2000.952330 -0.080918 -0.005695 0.005042 0.995924 -0.089873
1630597970.296021 -902.292720 1999.998552 -0.089207 -0.006926 0.005080 0.995905 -0.090000
1630597970.399902 -902.937593 1999.037829 -0.098730 -0.007090 0.004442 0.995893 -0.090152
1630597970.503418 -903.580464 1998.076677 -0.109136 -0.006353 0.004089 0.995901 -0.090130
1630597970.607178 -904.225971 1997.107214 -0.120206 -0.005463 0.004660 0.995883 -0.090365
1630597970.710938 -904.873632 1996.126920 -0.129812 -0.003674 0.001551 0.995856 -0.090861
1630597970.814575 -905.526867 1995.150219 -0.136007 -0.003895 0.002696 0.995831 -0.091093
1630597970.918335 -906.179765 1994.175189 -0.142950 -0.002875 0.006034 0.995812 -0.091177
1630597971.021973 -906.837452 1993.196572 -0.143922 -0.002909 0.008317 0.995746 -0.091722
1630597971.125733 -907.500660 1992.207468 -0.139522 -0.004674 0.008102 0.995682 -0.092360
1630597971.229370 -908.163911 1991.213527 -0.136405 -0.006678 0.007345 0.995625 -0.092911
1630597971.333130 -908.825833 1990.215427 -0.138853 -0.007811 0.006623 0.995584 -0.093311
1630597971.436890 -909.487160 1989.215043 -0.146172 -0.008285 0.006542 0.995550 -0.093640
1630597971.540527 -910.148186 1988.212791 -0.155179 -0.008640 0.006231 0.995502 -0.094142
1630597971.644287 -910.809656 1987.206398 -0.163988 -0.008457 0.006180 0.995446 -0.094751
1630597971.748047 -911.470103 1986.197119 -0.172389 -0.007925 0.006264 0.995397 -0.095309
1630597971.851685 -912.129172 1985.185199 -0.179475 -0.007173 0.006144 0.995357 -0.095787
1630597971.955444 -912.789199 1984.168316 -0.185290 -0.006448 0.005804 0.995320 -0.096248
1630597972.059082 -913.448843 1983.148991 -0.190738 -0.005710 0.005121 0.995270 -0.096847
1630597972.162842 -914.109013 1982.125645 -0.196003 -0.005037 0.004095 0.995208 -0.097567
1630597972.266602 -914.770054 1981.099769 -0.202621 -0.004793 0.003536 0.995148 -0.098209
1630597972.370239 -915.431609 1980.071905 -0.209827 -0.005238 0.002130 0.995096 -0.098751
1630597972.473999 -916.092847 1979.044078 -0.217842 -0.005261 0.002122 0.995057 -0.099143
1630597972.577637 -916.752413 1978.020138 -0.227507 -0.004612 0.003221 0.995020 -0.099520
1630597972.681275 -917.413378 1976.994026 -0.234987 -0.004525 0.003695 0.995003 -0.099675
1630597972.784912 -918.075697 1975.964465 -0.239881 -0.005108 0.003591 0.995014 -0.099544
1630597972.888672 -918.739197 1974.932093 -0.245848 -0.005495 0.002521 0.995027 -0.099424
1630597972.992188 -919.400768 1973.903577 -0.253656 -0.005726 0.002494 0.995040 -0.099275
1630597973.095947 -920.063122 1972.874764 -0.263232 -0.005115 0.003087 0.995052 -0.099180
1630597973.199707 -920.726411 1971.845714 -0.271698 -0.004779 0.003795 0.995058 -0.099108
1630597973.303467 -921.389806 1970.814381 -0.277744 -0.004453 0.003793 0.995074 -0.098964
1630597973.407227 -922.053953 1969.783580 -0.282245 -0.004076 0.003775 0.995115 -0.098568
1630597973.510864 -922.717517 1968.755371 -0.286147 -0.003298 0.004411 0.995184 -0.097874
1630597973.614624 -923.385028 1967.726084 -0.288971 -0.003174 0.004773 0.995245 -0.097231
1630597973.718384 -924.056003 1966.696194 -0.290487 -0.003537 0.004548 0.995298 -0.096693
1630597973.822022 -924.727828 1965.668081 -0.292372 -0.003973 0.004434 0.995353 -0.096108
1630597973.925781 -925.400450 1964.638974 -0.295667 -0.004141 0.004220 0.995411 -0.095504
1630597974.029541 -926.071902 1963.609832 -0.299117 -0.003295 0.003843 0.995464 -0.095005
1630597974.133057 -926.742846 1962.583874 -0.302976 -0.002575 0.003681 0.995509 -0.094555
1630597974.236817 -927.416785 1961.554349 -0.306100 -0.001982 0.003094 0.995564 -0.094014
1630597974.340576 -928.094132 1960.524662 -0.309083 -0.002179 0.002375 0.995616 -0.093477
1630597974.444214 -928.774300 1959.497330 -0.313497 -0.002974 0.001996 0.995666 -0.092936
1630597974.547852 -929.455933 1958.471495 -0.319436 -0.003458 0.001931 0.995719 -0.092344
1630597974.651611 -930.138823 1957.446061 -0.326869 -0.003606 0.002441 0.995772 -0.091760
1630597974.755371 -930.822098 1956.418798 -0.334504 -0.002731 0.002079 0.995819 -0.091282
1630597974.858887 -931.508096 1955.394043 -0.341284 -0.004224 0.002194 0.995866 -0.090705
1630597974.962647 -932.194669 1954.366288 -0.348587 -0.003695 0.001740 0.995930 -0.090033
1630597975.066406 -932.883310 1953.340743 -0.356336 -0.003916 0.002070 0.995984 -0.089420
1630597975.169922 -933.571856 1952.318380 -0.363934 -0.003551 0.003085 0.996033 -0.088863
1630597975.273682 -934.264062 1951.292069 -0.370188 -0.003324 0.002778 0.996085 -0.088292
1630597975.377442 -934.959489 1950.264119 -0.376310 -0.003624 0.002480 0.996127 -0.087813
1630597975.481201 -935.655712 1949.235309 -0.382751 -0.003839 0.001750 0.996176 -0.087273
1630597975.584839 -936.351113 1948.209509 -0.390704 -0.003226 0.001890 0.996229 -0.086681
1630597975.688477 -937.047538 1947.184081 -0.398572 -0.002167 0.002411 0.996275 -0.086177
1630597975.792236 -937.748989 1946.155496 -0.404873 -0.002361 0.002194 0.996319 -0.085664
1630597975.896118 -938.454746 1945.123187 -0.410658 -0.002953 0.001231 0.996363 -0.085149
1630597975.999756 -939.162207 1944.092889 -0.418809 -0.004363 0.000358 0.996408 -0.084564
1630597976.103516 -939.873195 1943.062880 -0.430662 -0.005563 0.000085 0.996449 -0.084015
1630597976.207276 -940.585109 1942.035236 -0.445127 -0.006377 0.000800 0.996492 -0.083436
1630597976.310913 -941.295776 1941.010095 -0.459878 -0.006161 0.002055 0.996530 -0.082977
1630597976.414673 -942.007673 1939.982793 -0.472185 -0.005349 0.003374 0.996560 -0.082629
1630597976.518311 -942.719429 1938.952959 -0.481182 -0.004558 0.003331 0.996598 -0.082226
1630597976.622070 -943.433074 1937.919924 -0.487214 -0.003762 0.003055 0.996638 -0.081793
1630597976.725708 -944.149175 1936.889411 -0.492896 -0.003495 0.003350 0.996670 -0.081391
1630597976.829346 -944.870529 1935.858261 -0.499013 -0.004560 0.003770 0.996687 -0.081114
1630597976.932984 -945.594526 1934.826151 -0.504828 -0.006426 0.003910 0.996670 -0.081193
1630597977.036621 -946.315205 1933.795319 -0.512105 -0.005962 0.004962 0.996636 -0.081588
1630597977.140381 -947.034703 1932.762033 -0.519632 -0.005402 0.005882 0.996613 -0.081843
1630597977.244019 -947.753679 1931.724923 -0.523404 -0.005102 0.005662 0.996596 -0.082083
1630597977.347778 -948.473443 1930.684968 -0.525689 -0.004919 0.005288 0.996575 -0.082374
1630597977.451416 -949.192909 1929.645975 -0.529352 -0.004693 0.005503 0.996546 -0.082726
1630597977.555176 -949.913864 1928.602478 -0.533233 -0.004864 0.004966 0.996510 -0.083184
1630597977.658936 -950.633703 1927.556412 -0.537571 -0.004832 0.004174 0.996482 -0.083566
1630597977.762573 -951.351704 1926.510932 -0.543910 -0.004754 0.003806 0.996453 -0.083928
1630597977.866333 -952.072113 1925.465084 -0.550706 -0.005040 0.004300 0.996426 -0.084213
1630597977.970093 -952.792166 1924.417538 -0.557121 -0.005044 0.004631 0.996401 -0.084493
1630597978.073853 -953.513538 1923.367352 -0.562737 -0.005835 0.004527 0.996358 -0.084944
1630597978.177490 -954.232197 1922.313674 -0.569225 -0.005717 0.003621 0.996315 -0.085505
1630597978.281250 -954.948573 1921.255840 -0.576688 -0.004937 0.001170 0.996285 -0.085968
1630597978.385010 -955.663910 1920.200209 -0.585905 -0.003678 0.001931 0.996266 -0.086233
1630597978.488648 -956.380303 1919.147021 -0.595105 -0.003375 0.002246 0.996237 -0.086581
1630597978.592529 -957.100509 1918.091094 -0.601683 -0.003302 0.003485 0.996184 -0.087147
1630597978.696167 -957.820759 1917.037051 -0.606423 -0.004487 0.004939 0.996112 -0.087843
1630597978.799805 -958.539636 1915.980486 -0.609430 -0.004983 0.005959 0.996047 -0.088486
1630597978.903565 -959.256290 1914.920365 -0.611114 -0.005110 0.006710 0.996001 -0.088948
1630597979.007202 -959.968974 1913.859012 -0.611825 -0.004348 0.007085 0.995949 -0.089540
1630597979.111084 -960.682984 1912.791906 -0.611347 -0.003934 0.006928 0.995888 -0.090243
1630597979.214600 -961.395347 1911.724563 -0.610741 -0.004408 0.006110 0.995836 -0.090855
1630597979.318360 -962.109826 1910.650798 -0.612328 -0.005258 0.004533 0.995785 -0.091455
1630597979.422119 -962.824190 1909.573869 -0.618733 -0.006003 0.002702 0.995723 -0.092155
1630597979.525757 -963.537731 1908.501308 -0.628591 -0.007130 0.002987 0.995663 -0.092714
1630597979.629395 -964.247653 1907.433018 -0.640449 -0.005292 0.004571 0.995615 -0.093283
1630597979.733032 -964.958522 1906.366723 -0.647204 -0.004955 0.008239 0.995534 -0.093909
1630597979.836792 -965.668226 1905.295084 -0.644770 -0.004559 0.010517 0.995455 -0.094545
1630597979.940430 -966.377417 1904.218905 -0.635255 -0.004159 0.011221 0.995395 -0.095110
1630597980.044190 -967.086146 1903.136926 -0.622899 -0.004888 0.011462 0.995356 -0.095454
1630597980.147949 -967.792233 1902.054065 -0.612222 -0.004320 0.011571 0.995303 -0.096022
1630597980.251587 -968.497275 1900.971886 -0.603388 -0.003750 0.011733 0.995243 -0.096639
1630597980.355225 -969.203091 1899.887426 -0.593828 -0.003935 0.011589 0.995190 -0.097197
1630597980.458985 -969.907854 1898.799595 -0.583644 -0.003789 0.010886 0.995145 -0.097744
1630597980.562744 -970.611482 1897.710910 -0.574197 -0.003781 0.010701 0.995091 -0.098312
1630597980.666504 -971.313659 1896.620133 -0.565283 -0.003219 0.009887 0.995046 -0.098874
1630597980.770264 -972.015756 1895.527263 -0.557832 -0.003484 0.009154 0.994992 -0.099475
1630597980.873779 -972.715089 1894.435394 -0.551686 -0.003810 0.008248 0.994937 -0.100094
1630597980.977539 -973.415467 1893.341747 -0.547405 -0.003836 0.008208 0.994877 -0.100686
1630597981.081299 -974.115171 1892.248570 -0.543648 -0.003749 0.008957 0.994821 -0.101179
1630597981.184937 -974.813713 1891.155294 -0.538958 -0.003552 0.009536 0.994760 -0.101732
1630597981.288696 -975.512435 1890.057260 -0.532807 -0.003545 0.009329 0.994703 -0.102305
1630597981.392334 -976.209907 1888.957270 -0.526461 -0.003913 0.008662 0.994653 -0.102835
1630597981.496094 -976.906437 1887.854647 -0.521292 -0.004052 0.007980 0.994607 -0.103330
1630597981.599854 -977.601494 1886.753684 -0.517535 -0.003684 0.008508 0.994553 -0.103816
1630597981.703613 -978.296360 1885.654901 -0.512835 -0.003351 0.010126 0.994487 -0.104321
1630597981.807251 -978.990278 1884.555988 -0.505062 -0.002974 0.011448 0.994421 -0.104814
1630597981.911133 -979.686082 1883.450600 -0.493358 -0.003233 0.011702 0.994357 -0.105389
1630597982.014649 -980.377694 1882.345513 -0.480590 -0.003396 0.011052 0.994303 -0.105962
1630597982.118408 -981.068714 1881.236511 -0.469411 -0.003518 0.010685 0.994234 -0.106644
1630597982.222168 -981.757563 1880.126431 -0.460075 -0.003432 0.010400 0.994111 -0.107814
1630597982.325684 -982.442191 1879.017485 -0.451149 -0.003122 0.010286 0.993943 -0.109368
1630597982.429443 -983.124787 1877.904185 -0.441944 -0.002908 0.010536 0.993776 -0.110863
1630597982.533203 -983.803623 1876.787769 -0.432184 -0.002410 0.010609 0.993619 -0.112259
1630597982.636719 -984.478251 1875.669887 -0.421595 -0.002322 0.010071 0.993464 -0.113675
1630597982.740479 -985.152258 1874.545697 -0.411369 -0.002492 0.009019 0.993306 -0.115129
1630597982.844238 -985.823246 1873.419400 -0.403015 -0.002758 0.008189 0.993145 -0.116565
1630597982.947998 -986.489702 1872.291640 -0.396934 -0.002326 0.007627 0.992977 -0.118037
1630597983.051758 -987.152946 1871.161672 -0.392031 -0.001798 0.007389 0.992793 -0.119598
1630597983.155396 -987.813558 1870.029402 -0.387388 -0.001853 0.006858 0.992616 -0.121091
1630597983.259155 -988.474052 1868.892157 -0.383445 -0.002723 0.006191 0.992453 -0.122441
1630597983.362915 -989.130051 1867.752758 -0.380787 -0.002279 0.005040 0.992278 -0.123908
1630597983.466553 -989.782305 1866.614583 -0.380125 -0.002047 0.005365 0.992086 -0.125429
1630597983.570313 -990.435905 1865.471382 -0.380331 -0.002763 0.005608 0.991885 -0.126983
1630597983.673950 -991.086294 1864.326553 -0.378997 -0.003938 0.005367 0.991698 -0.128418
1630597983.777710 -991.727773 1863.181907 -0.377735 -0.002330 0.006517 0.991496 -0.129952
1630597983.881348 -992.361129 1862.037972 -0.372644 0.001157 0.008562 0.991237 -0.131815
1630597983.985108 -992.993914 1860.887858 -0.359449 0.002768 0.009283 0.990968 -0.133746
1630597984.088867 -993.628613 1859.730403 -0.341978 0.000777 0.009145 0.990740 -0.135463
1630597984.192383 -994.256695 1858.568910 -0.324834 -0.000551 0.006688 0.990515 -0.137244
1630597984.296143 -994.883940 1857.404214 -0.316362 -0.003163 0.005410 0.990250 -0.139158
1630597984.399902 -995.501747 1856.243261 -0.313625 -0.002426 0.004429 0.989986 -0.141075
1630597984.503662 -996.110452 1855.087368 -0.315021 -0.000143 0.006626 0.989735 -0.142762
1630597984.607300 -996.715857 1853.927005 -0.310883 0.001140 0.006837 0.989490 -0.144432
1630597984.710938 -997.322150 1852.760332 -0.300083 -0.000520 0.005778 0.989255 -0.146084
1630597984.814697 -997.926415 1851.591931 -0.291275 -0.002419 0.004654 0.989006 -0.147780
1630597984.918457 -998.528886 1850.426158 -0.288835 -0.004619 0.004956 0.988729 -0.149562
1630597985.022095 -999.125685 1849.263368 -0.290585 -0.006049 0.005866 0.988468 -0.151193
1630597985.125977 -999.719306 1848.098893 -0.293995 -0.007300 0.007660 0.988262 -0.152399
1630597985.229614 -1000.303755 1846.936054 -0.294765 -0.006847 0.009021 0.988143 -0.153117
1630597985.333374 -1000.884357 1845.770748 -0.292122 -0.005558 0.009737 0.988087 -0.153487
1630597985.437012 -1001.464583 1844.604361 -0.285420 -0.004930 0.010533 0.988034 -0.153794
1630597985.540772 -1002.046749 1843.433088 -0.276558 -0.005290 0.009199 0.988011 -0.154019
1630597985.644531 -1002.632465 1842.266197 -0.267979 -0.005876 0.011173 0.987977 -0.154082
1630597985.748291 -1003.215210 1841.100889 -0.260126 -0.005043 0.012712 0.987955 -0.154133
1630597985.851929 -1003.801950 1839.934447 -0.249246 -0.005718 0.014652 0.987883 -0.154403
1630597985.955567 -1004.388747 1838.761040 -0.235050 -0.007148 0.013593 0.987870 -0.154520
1630597986.059326 -1004.974452 1837.583634 -0.222450 -0.007800 0.012720 0.987878 -0.154512
1630597986.163086 -1005.558492 1836.406224 -0.214274 -0.008039 0.011890 0.987887 -0.154509
1630597986.266724 -1006.141346 1835.230302 -0.208595 -0.007885 0.011510 0.987881 -0.154582
1630597986.370361 -1006.724952 1834.054291 -0.204106 -0.008099 0.011050 0.987859 -0.154747
1630597986.473999 -1007.307601 1832.877757 -0.199750 -0.007795 0.010740 0.987845 -0.154876
1630597986.577637 -1007.889548 1831.700504 -0.195589 -0.007542 0.010318 0.987840 -0.154950
1630597986.681152 -1008.471381 1830.523406 -0.191759 -0.007978 0.009738 0.987835 -0.154997
1630597986.784912 -1009.050342 1829.341537 -0.188324 -0.006840 0.008009 0.987832 -0.155168
1630597986.888550 -1009.629271 1828.160233 -0.187659 -0.005984 0.007295 0.987794 -0.155479
1630597986.992310 -1010.209145 1826.976009 -0.186979 -0.005610 0.005425 0.987782 -0.155645
1630597987.095947 -1010.789954 1825.794933 -0.189051 -0.005704 0.005229 0.987810 -0.155472
1630597987.199707 -1011.373637 1824.614950 -0.192176 -0.005882 0.005753 0.987809 -0.155454
1630597987.303467 -1011.956038 1823.437111 -0.194582 -0.004821 0.006972 0.987759 -0.155758
1630597987.407105 -1012.536694 1822.259799 -0.194098 -0.003600 0.008196 0.987700 -0.156102
1630597987.510864 -1013.117934 1821.075843 -0.189605 -0.003513 0.008167 0.987704 -0.156083
1630597987.614746 -1013.699976 1819.885696 -0.183788 -0.003681 0.006439 0.987728 -0.156007
1630597987.718384 -1014.282410 1818.699876 -0.180579 -0.003770 0.005157 0.987718 -0.156115
1630597987.822144 -1014.867234 1817.516988 -0.180831 -0.004165 0.005901 0.987678 -0.156332
1630597987.925903 -1015.447300 1816.336405 -0.180000 -0.002968 0.007237 0.987622 -0.156660
1630597988.029663 -1016.024579 1815.156097 -0.175494 -0.001433 0.009023 0.987584 -0.156824
1630597988.133301 -1016.601016 1813.973812 -0.164421 -0.000744 0.009730 0.987579 -0.156820
1630597988.237061 -1017.178941 1812.788069 -0.149875 -0.000025 0.009043 0.987571 -0.156910
1630597988.340698 -1017.758100 1811.603799 -0.135604 0.000027 0.008581 0.987522 -0.157246
1630597988.444458 -1018.339863 1810.417640 -0.123917 -0.001058 0.007765 0.987459 -0.157680
1630597988.548096 -1018.920661 1809.232143 -0.115524 -0.002555 0.006725 0.987442 -0.157821
1630597988.651734 -1019.499824 1808.048580 -0.111089 -0.003632 0.006131 0.987433 -0.157876
1630597988.755371 -1020.077294 1806.868359 -0.109497 -0.004053 0.006299 0.987404 -0.158039
1630597988.859131 -1020.654097 1805.689203 -0.107964 -0.004232 0.007132 0.987367 -0.158234
1630597988.962891 -1021.230967 1804.510435 -0.105168 -0.004875 0.007673 0.987333 -0.158400
1630597989.066528 -1021.805684 1803.333372 -0.100687 -0.005384 0.007652 0.987326 -0.158427
1630597989.170166 -1022.376825 1802.159419 -0.096134 -0.004862 0.008046 0.987318 -0.158477
1630597989.273804 -1022.945760 1800.988739 -0.090906 -0.004165 0.008611 0.987303 -0.158558
1630597989.377442 -1023.514351 1799.819030 -0.083586 -0.004189 0.008710 0.987294 -0.158609
1630597989.481201 -1024.082802 1798.648723 -0.075247 -0.004591 0.007787 0.987301 -0.158602
1630597989.584961 -1024.648853 1797.482363 -0.068226 -0.004592 0.007112 0.987304 -0.158619
1630597989.688721 -1025.213275 1796.322196 -0.063008 -0.004648 0.007385 0.987290 -0.158691
1630597989.792359 -1025.775360 1795.168062 -0.058031 -0.004575 0.007992 0.987281 -0.158719
1630597989.896118 -1026.336523 1794.015654 -0.051609 -0.004984 0.008199 0.987273 -0.158748
1630597989.999756 -1026.893765 1792.868485 -0.044193 -0.004776 0.007918 0.987259 -0.158851
1630597990.103638 -1027.449985 1791.723714 -0.037076 -0.004729 0.008047 0.987250 -0.158902
1630597990.207398 -1028.004129 1790.584962 -0.029911 -0.005079 0.008295 0.987253 -0.158863
1630597990.311035 -1028.555287 1789.452157 -0.022546 -0.005368 0.008325 0.987248 -0.158884
1630597990.414795 -1029.104212 1788.323276 -0.015344 -0.005487 0.008616 0.987232 -0.158960
1630597990.518433 -1029.648292 1787.200913 -0.007795 -0.005092 0.008937 0.987213 -0.159072
1630597990.622315 -1030.189612 1786.080150 0.000321 -0.004073 0.008877 0.987206 -0.159149
1630597990.725830 -1030.727599 1784.965620 0.009056 -0.003795 0.008523 0.987207 -0.159170
1630597990.829590 -1031.265791 1783.850147 0.017840 -0.003919 0.007222 0.987208 -0.159226
1630597990.933350 -1031.803113 1782.739855 0.024885 -0.004575 0.006412 0.987211 -0.159227
1630597991.037110 -1032.337777 1781.635986 0.028945 -0.004433 0.006240 0.987202 -0.159292
1630597991.140625 -1032.869566 1780.540341 0.031830 -0.004497 0.006590 0.987204 -0.159260
1630597991.244263 -1033.398176 1779.448221 0.035921 -0.003950 0.006926 0.987208 -0.159237
1630597991.348023 -1033.923408 1778.360607 0.041417 -0.002884 0.007501 0.987225 -0.159132
1630597991.451660 -1034.444997 1777.278045 0.049032 -0.001683 0.007463 0.987226 -0.159144
1630597991.555420 -1034.966595 1776.198128 0.058793 -0.001263 0.007148 0.987234 -0.159110
1630597991.659058 -1035.483739 1775.126961 0.070550 -0.000936 0.007188 0.987227 -0.159157
1630597991.762695 -1035.997347 1774.063723 0.081451 0.000171 0.008069 0.987194 -0.159320
1630597991.866577 -1036.511892 1773.002156 0.094315 -0.000224 0.008274 0.987192 -0.159322
1630597991.970215 -1037.022557 1771.944638 0.107171 -0.000972 0.006631 0.987195 -0.159375
1630597992.073975 -1037.530543 1770.893380 0.118550 -0.002068 0.005497 0.987186 -0.159465
1630597992.177735 -1038.031443 1769.854020 0.126131 -0.000828 0.006012 0.987152 -0.159670
1630597992.281494 -1038.528633 1768.825363 0.133625 0.000309 0.007910 0.987142 -0.159647
1630597992.385254 -1039.021068 1767.802084 0.145690 0.001670 0.008936 0.987133 -0.159645
1630597992.488892 -1039.510626 1766.784095 0.162196 0.002032 0.008893 0.987134 -0.159638
1630597992.592774 -1039.999429 1765.768725 0.179773 0.001600 0.007507 0.987121 -0.159792
1630597992.696289 -1040.482788 1764.762955 0.194642 0.000824 0.005343 0.987121 -0.159882
1630597992.800049 -1040.962435 1763.764500 0.205025 0.000241 0.003644 0.987110 -0.160004
1630597992.903809 -1041.437983 1762.777353 0.210077 -0.000307 0.002804 0.987105 -0.160049
1630597993.007446 -1041.910118 1761.804096 0.213229 -0.001705 0.003032 0.987099 -0.160073
1630597993.111084 -1042.375263 1760.844306 0.216434 -0.002064 0.003972 0.987084 -0.160143
1630597993.214844 -1042.835249 1759.898915 0.220961 -0.002125 0.006142 0.987038 -0.160353
1630597993.318482 -1043.287130 1758.965393 0.228381 -0.001527 0.007763 0.987009 -0.160469
1630597993.422241 -1043.732002 1758.039842 0.239623 -0.001240 0.007713 0.987004 -0.160503
1630597993.525879 -1044.171748 1757.126937 0.252478 -0.001958 0.007701 0.987013 -0.160443
1630597993.629639 -1044.606115 1756.226651 0.263522 -0.002092 0.007489 0.987007 -0.160491
1630597993.733399 -1045.033880 1755.339756 0.273764 -0.002596 0.007341 0.987040 -0.160285
1630597993.836914 -1045.455823 1754.470008 0.282993 -0.003141 0.007790 0.987031 -0.160312
1630597993.940674 -1045.872980 1753.613216 0.291874 -0.003763 0.008889 0.987078 -0.159952
1630597994.044434 -1046.283232 1752.769689 0.301351 -0.003720 0.009586 0.987152 -0.159452
1630597994.148071 -1046.687967 1751.940200 0.311069 -0.003977 0.010155 0.987264 -0.158713
1630597994.251953 -1047.088895 1751.120056 0.321515 -0.004098 0.009785 0.987403 -0.157867
1630597994.355591 -1047.485654 1750.313776 0.331234 -0.005089 0.009632 0.987590 -0.156677
1630597994.459229 -1047.876395 1749.518925 0.339962 -0.004612 0.007765 0.987822 -0.155326
1630597994.563110 -1048.264307 1748.741164 0.348374 -0.004685 0.008517 0.988061 -0.153756
1630597994.666748 -1048.646906 1747.984323 0.355745 -0.004614 0.010455 0.988365 -0.151674
1630597994.770508 -1049.025268 1747.242977 0.362625 -0.003409 0.011740 0.988741 -0.149137
1630597994.874268 -1049.404964 1746.516611 0.373607 -0.005087 0.012514 0.989131 -0.146414
1630597994.977783 -1049.781278 1745.807769 0.386798 -0.006985 0.011802 0.989481 -0.144008
1630597995.081543 -1050.152041 1745.116607 0.398255 -0.008374 0.011244 0.989781 -0.141908
1630597995.185303 -1050.514136 1744.445914 0.405895 -0.009281 0.010883 0.990111 -0.139558
1630597995.289063 -1050.866414 1743.798414 0.412531 -0.009580 0.011793 0.990416 -0.137278
1630597995.392578 -1051.207906 1743.173284 0.419683 -0.008271 0.012616 0.990701 -0.135219
1630597995.496216 -1051.541214 1742.566972 0.426641 -0.006835 0.013444 0.991023 -0.132837
1630597995.599976 -1051.869580 1741.978538 0.434909 -0.005963 0.013871 0.991292 -0.130817
1630597995.703613 -1052.192591 1741.407642 0.446250 -0.006337 0.013528 0.991527 -0.129043
1630597995.807373 -1052.508398 1740.854818 0.456953 -0.007343 0.013464 0.991798 -0.126895
1630597995.910889 -1052.815072 1740.322662 0.466090 -0.007569 0.013335 0.992040 -0.124985
1630597996.014649 -1053.114029 1739.808878 0.474286 -0.007586 0.013366 0.992229 -0.123469
1630597996.118408 -1053.404043 1739.314238 0.482008 -0.007702 0.013733 0.992426 -0.121830
1630597996.222168 -1053.684218 1738.838235 0.489606 -0.007808 0.013771 0.992629 -0.120158
1630597996.325806 -1053.954461 1738.381743 0.497360 -0.007848 0.013553 0.992784 -0.118893
1630597996.429443 -1054.214938 1737.945034 0.504901 -0.007858 0.013550 0.992906 -0.117870
1630597996.533203 -1054.464903 1737.527796 0.511664 -0.007880 0.013590 0.993057 -0.116581
1630597996.636963 -1054.704663 1737.130536 0.517938 -0.008032 0.013773 0.993212 -0.115218
1630597996.740723 -1054.934228 1736.752855 0.524418 -0.008171 0.013757 0.993332 -0.114172
1630597996.844483 -1055.153188 1736.393628 0.530042 -0.008037 0.013933 0.993439 -0.113228
1630597996.948242 -1055.361859 1736.051823 0.535150 -0.007967 0.014010 0.993551 -0.112239
1630597997.052002 -1055.560350 1735.727572 0.540028 -0.007864 0.013959 0.993676 -0.111133
1630597997.155640 -1055.748909 1735.421949 0.544998 -0.007875 0.014050 0.993793 -0.110074
1630597997.259400 -1055.928032 1735.132974 0.550106 -0.007852 0.013812 0.993884 -0.109277
1630597997.363037 -1056.097345 1734.861125 0.554672 -0.007994 0.013856 0.993967 -0.108506
1630597997.466797 -1056.256667 1734.605529 0.558957 -0.007853 0.013685 0.994039 -0.107879
1630597997.570557 -1056.406742 1734.367060 0.562489 -0.008160 0.013997 0.994077 -0.107464
1630597997.674194 -1056.545752 1734.144943 0.565630 -0.008088 0.014116 0.994101 -0.107233
1630597997.777832 -1056.674060 1733.938602 0.568664 -0.008016 0.014251 0.994119 -0.107052
1630597997.881470 -1056.792011 1733.748300 0.571728 -0.007896 0.014170 0.994140 -0.106876
1630597997.985108 -1056.900699 1733.573399 0.574964 -0.007768 0.013957 0.994156 -0.106761
1630597998.088745 -1057.001188 1733.412418 0.577913 -0.007724 0.014024 0.994165 -0.106672
1630597998.192505 -1057.094292 1733.263287 0.580214 -0.007450 0.014275 0.994178 -0.106536
1630597998.296143 -1057.182191 1733.123106 0.582085 -0.007027 0.014906 0.994186 -0.106411
1630597998.399902 -1057.267558 1732.986673 0.583692 -0.006313 0.015791 0.994187 -0.106311
1630597998.503540 -1057.352839 1732.850204 0.585492 -0.005618 0.016568 0.994185 -0.106250
1630597998.607300 -1057.439521 1732.712072 0.588159 -0.005522 0.016734 0.994195 -0.106138
1630597998.711060 -1057.526832 1732.573089 0.590880 -0.005652 0.016594 0.994213 -0.105986
1630597998.814697 -1057.613842 1732.434478 0.593242 -0.005687 0.016601 0.994225 -0.105871
1630597998.918579 -1057.700502 1732.295689 0.595614 -0.005507 0.016645 0.994236 -0.105768
1630597999.022217 -1057.787152 1732.157290 0.598002 -0.005394 0.016749 0.994249 -0.105640
1630597999.125977 -1057.874251 1732.018423 0.600282 -0.005223 0.016864 0.994260 -0.105521
1630597999.229736 -1057.961849 1731.878541 0.602617 -0.005006 0.017047 0.994275 -0.105361
1630597999.333374 -1058.050235 1731.736896 0.604918 -0.004658 0.017259 0.994288 -0.105222
1630597999.437134 -1058.140780 1731.591903 0.606893 -0.004172 0.017656 0.994297 -0.105093
1630597999.540772 -1058.234670 1731.441877 0.608456 -0.003512 0.018326 0.994305 -0.104923
1630597999.644531 -1058.333910 1731.283611 0.609855 -0.002688 0.019250 0.994312 -0.104721
1630597999.748291 -1058.440493 1731.113780 0.611555 -0.001752 0.020250 0.994310 -0.104567
1630597999.851807 -1058.556622 1730.929556 0.613919 -0.000989 0.021227 0.994307 -0.104411
1630597999.955444 -1058.683737 1730.728372 0.617392 -0.000440 0.021854 0.994321 -0.104158
1630598000.059082 -1058.823088 1730.510184 0.621911 -0.000569 0.022425 0.994339 -0.103862
1630598000.162842 -1058.974126 1730.273598 0.626716 -0.000852 0.022244 0.994365 -0.103651
1630598000.266480 -1059.135545 1730.019436 0.631206 -0.001483 0.021630 0.994405 -0.103390
1630598000.370117 -1059.305793 1729.749363 0.636297 -0.001648 0.021067 0.994447 -0.103094
1630598000.473877 -1059.485797 1729.463929 0.642434 -0.001395 0.020712 0.994495 -0.102704
1630598000.577515 -1059.676906 1729.163792 0.649351 -0.001202 0.020582 0.994578 -0.101927
1630598000.681275 -1059.880553 1728.848101 0.656712 -0.001325 0.020454 0.994721 -0.100548
1630598000.785034 -1060.096029 1728.516984 0.664568 -0.001577 0.020288 0.994888 -0.098917
1630598000.888794 -1060.322394 1728.170431 0.672523 -0.001455 0.020200 0.995020 -0.097595
1630598000.992554 -1060.559358 1727.808975 0.677355 -0.000711 0.020903 0.995138 -0.096243
1630598001.096314 -1060.809716 1727.431050 0.681257 -0.000242 0.021562 0.995272 -0.094702
1630598001.199951 -1061.075139 1727.036336 0.687282 -0.000871 0.021820 0.995397 -0.093320
1630598001.303833 -1061.354691 1726.623653 0.695813 -0.001941 0.021957 0.995493 -0.092242
1630598001.407471 -1061.644243 1726.194026 0.705412 -0.002630 0.021612 0.995585 -0.091304
1630598001.511231 -1061.945144 1725.745873 0.714735 -0.003164 0.020850 0.995688 -0.090339
1630598001.614868 -1062.257604 1725.282555 0.722947 -0.003480 0.020443 0.995776 -0.089440
1630598001.718506 -1062.580989 1724.805942 0.730787 -0.003089 0.021156 0.995843 -0.088546
1630598001.822266 -1062.917126 1724.315647 0.739740 -0.003149 0.022105 0.995911 -0.087535
1630598001.925781 -1063.264964 1723.815411 0.749287 -0.004542 0.022620 0.995990 -0.086439
1630598002.029541 -1063.621012 1723.305908 0.758316 -0.005731 0.023304 0.996062 -0.085353
1630598002.133057 -1063.981965 1722.785801 0.767548 -0.006848 0.023819 0.996150 -0.084083
1630598002.236817 -1064.346477 1722.248941 0.778835 -0.005400 0.021689 0.996303 -0.082946
1630598002.340576 -1064.724359 1721.708641 0.790953 -0.005913 0.022608 0.996372 -0.081840
1630598002.444214 -1065.113588 1721.162305 0.803664 -0.006240 0.023566 0.996424 -0.080904
1630598002.547974 -1065.507457 1720.603637 0.813355 -0.006377 0.024453 0.996494 -0.079758
1630598002.651611 -1065.900478 1720.028075 0.822601 -0.003288 0.022822 0.996628 -0.078752
1630598002.755371 -1066.304407 1719.436821 0.835524 -0.000187 0.019612 0.996761 -0.077987
1630598002.859131 -1066.725805 1718.839115 0.849007 -0.000229 0.018566 0.996882 -0.076690
1630598002.962891 -1067.157246 1718.240578 0.863394 -0.000381 0.020001 0.996994 -0.074856
1630598003.066528 -1067.590894 1717.632796 0.878259 0.003761 0.022406 0.997080 -0.072905
1630598003.170288 -1068.035722 1717.010387 0.891372 0.006916 0.023466 0.997199 -0.070686
1630598003.274048 -1068.503826 1716.375765 0.910366 0.006453 0.022828 0.997356 -0.068688
1630598003.377808 -1068.989821 1715.728943 0.937664 0.003146 0.021217 0.997594 -0.065929
1630598003.481568 -1069.481645 1715.072454 0.964186 0.002168 0.019603 0.997816 -0.063042
1630598003.585205 -1069.979649 1714.414098 0.983387 0.003603 0.020124 0.997945 -0.060731
1630598003.688965 -1070.493819 1713.749403 0.998063 0.003647 0.022122 0.998046 -0.058324
1630598003.792725 -1071.019960 1713.071606 1.014735 0.003930 0.022247 0.998191 -0.055720
1630598003.896240 -1071.556702 1712.381745 1.037804 0.003446 0.020436 0.998369 -0.053191
1630598004.000000 -1072.105976 1711.683639 1.061076 0.003411 0.019147 0.998506 -0.051066
1630598004.103516 -1072.664285 1710.983702 1.081445 0.003373 0.019373 0.998612 -0.048858
1630598004.207276 -1073.232578 1710.276064 1.100623 0.004186 0.019761 0.998713 -0.046514
1630598004.310913 -1073.809769 1709.562444 1.121210 0.004781 0.019286 0.998815 -0.044435
1630598004.414551 -1074.397511 1708.843871 1.143310 0.004065 0.018491 0.998922 -0.042382
1630598004.518189 -1074.992297 1708.120330 1.165536 0.004222 0.017692 0.999023 -0.040266
1630598004.621826 -1075.593971 1707.392679 1.187254 0.005086 0.017185 0.999116 -0.038027
1630598004.725586 -1076.205156 1706.661489 1.208539 0.005697 0.016893 0.999192 -0.036030
1630598004.829346 -1076.825344 1705.927826 1.230444 0.005921 0.016783 0.999259 -0.034118
1630598004.932861 -1077.451947 1705.191399 1.252589 0.006306 0.016629 0.999320 -0.032290
1630598005.036621 -1078.086033 1704.447180 1.275191 0.007052 0.015757 0.999379 -0.030729
1630598005.140381 -1078.728422 1703.700728 1.298722 0.007403 0.015585 0.999422 -0.029282
1630598005.244019 -1079.377702 1702.954757 1.321986 0.007756 0.016773 0.999434 -0.028120
1630598005.347901 -1080.035029 1702.203243 1.345796 0.008210 0.018003 0.999435 -0.027187
1630598005.451660 -1080.699897 1701.446024 1.371596 0.007900 0.018645 0.999449 -0.026286
1630598005.555298 -1081.370076 1700.681570 1.400473 0.007309 0.017932 0.999494 -0.025229
1630598005.659058 -1082.045596 1699.911619 1.429424 0.007257 0.017002 0.999535 -0.024237
1630598005.762940 -1082.728187 1699.137368 1.455198 0.007492 0.016113 0.999570 -0.023335
1630598005.866577 -1083.417134 1698.362828 1.480123 0.007243 0.016566 0.999584 -0.022480
1630598005.970215 -1084.110835 1697.584216 1.505812 0.006781 0.016575 0.999605 -0.021679
1630598006.073975 -1084.810436 1696.802636 1.531453 0.006741 0.017884 0.999601 -0.020815
1630598006.177735 -1085.517950 1696.018656 1.558528 0.006250 0.018690 0.999607 -0.019945
1630598006.281494 -1086.231513 1695.230415 1.586622 0.005913 0.019217 0.999618 -0.018981
1630598006.385132 -1086.950165 1694.437933 1.615113 0.005231 0.019431 0.999633 -0.018124
1630598006.488770 -1087.673402 1693.640630 1.643578 0.004811 0.019104 0.999652 -0.017535
1630598006.592529 -1088.401927 1692.838607 1.671185 0.004619 0.018736 0.999671 -0.016925
1630598006.696045 -1089.131373 1692.034717 1.698172 0.004788 0.018618 0.999679 -0.016516
1630598006.799805 -1089.864967 1691.224126 1.725546 0.005587 0.018158 0.999687 -0.016286
1630598006.903443 -1090.601513 1690.409812 1.753134 0.006649 0.017321 0.999697 -0.016176
1630598007.007080 -1091.342338 1689.591161 1.781601 0.007301 0.016551 0.999709 -0.015966
1630598007.110840 -1092.087177 1688.767412 1.809935 0.007895 0.015244 0.999727 -0.015819
1630598007.214478 -1092.833351 1687.940593 1.837740 0.008093 0.013514 0.999750 -0.015893
1630598007.318360 -1093.585405 1687.109928 1.864044 0.007481 0.012482 0.999764 -0.016136
1630598007.421875 -1094.329915 1686.278783 1.889735 0.010065 0.010743 0.999755 -0.016518
1630598007.525635 -1095.072092 1685.444824 1.915826 0.013602 0.010730 0.999710 -0.016730
1630598007.629395 -1095.816455 1684.602543 1.942276 0.016972 0.007815 0.999681 -0.016969
1630598007.733032 -1096.570016 1683.756015 1.973455 0.017119 0.003989 0.999715 -0.016163
1630598007.836792 -1097.330800 1682.915242 2.004006 0.017286 0.002155 0.999741 -0.014640
1630598007.940552 -1098.105395 1682.095175 2.028653 0.014049 0.010069 0.999767 -0.012897
1630598008.044312 -1098.877471 1681.272544 2.056818 0.016248 0.013505 0.999699 -0.012459
1630598008.148071 -1099.650926 1680.449756 2.096618 0.018103 0.019159 0.999579 -0.012132
1630598008.251831 -1100.431791 1679.618962 2.144413 0.018692 0.022606 0.999505 -0.011392
1630598008.355591 -1101.220733 1678.766204 2.200418 0.016515 0.018994 0.999631 -0.010232
1630598008.459229 -1102.018508 1677.906917 2.255157 0.012322 0.013277 0.999786 -0.009989
1630598008.562988 -1102.819957 1677.057928 2.295713 0.008921 0.013916 0.999815 -0.009859
1630598008.666504 -1103.614854 1676.215822 2.323284 0.010582 0.016754 0.999758 -0.009566
1630598008.770264 -1104.418251 1675.366511 2.350619 0.011179 0.018796 0.999719 -0.009182
1630598008.873779 -1105.228691 1674.506465 2.386648 0.009180 0.018158 0.999754 -0.008814
1630598008.977417 -1106.045791 1673.639281 2.425516 0.006534 0.016862 0.999801 -0.008422
1630598009.081055 -1106.864538 1672.771500 2.458890 0.005687 0.016577 0.999814 -0.008081
1630598009.184815 -1107.686259 1671.903091 2.487511 0.005758 0.017982 0.999791 -0.007791
1630598009.288574 -1108.512972 1671.033031 2.515423 0.005800 0.019947 0.999756 -0.007498
1630598009.392090 -1109.343139 1670.158573 2.546545 0.005736 0.020977 0.999738 -0.007151
1630598009.495850 -1110.183655 1669.275622 2.580296 0.004251 0.020971 0.999748 -0.006804
1630598009.599610 -1111.028421 1668.386126 2.614335 0.003221 0.020186 0.999770 -0.006508
1630598009.703369 -1111.874665 1667.494289 2.646096 0.003075 0.019840 0.999780 -0.006146
1630598009.807007 -1112.718774 1666.601178 2.676775 0.004831 0.020311 0.999765 -0.005881
1630598009.910767 -1113.568303 1665.704164 2.709431 0.006219 0.021165 0.999740 -0.005759
1630598010.014526 -1114.423134 1664.800561 2.746634 0.006965 0.020783 0.999743 -0.005743
1630598010.118286 -1115.283009 1663.892128 2.785648 0.006723 0.020284 0.999754 -0.005954
1630598010.222046 -1116.146446 1662.980885 2.824053 0.006778 0.020149 0.999754 -0.006250
1630598010.325684 -1117.012101 1662.068134 2.861295 0.005844 0.019620 0.999769 -0.006514
1630598010.429443 -1117.878308 1661.151779 2.898850 0.005123 0.018433 0.999794 -0.006741
1630598010.533203 -1118.743121 1660.236789 2.934022 0.004385 0.017834 0.999807 -0.007007
1630598010.636841 -1119.603452 1659.323604 2.967684 0.004452 0.017200 0.999816 -0.007235
1630598010.740601 -1120.462226 1658.410770 3.000275 0.004555 0.016654 0.999823 -0.007494
1630598010.844238 -1121.317195 1657.500131 3.032518 0.004639 0.015783 0.999835 -0.007729
1630598010.947998 -1122.170352 1656.591179 3.064010 0.004691 0.015197 0.999842 -0.007907
1630598011.051514 -1123.019187 1655.688316 3.094292 0.004547 0.015286 0.999840 -0.008050
1630598011.155274 -1123.865169 1654.786953 3.125337 0.005470 0.015262 0.999835 -0.008238
1630598011.259033 -1124.711120 1653.889627 3.156207 0.005775 0.016820 0.999806 -0.008464
1630598011.362549 -1125.552526 1652.989122 3.189229 0.005327 0.014994 0.999835 -0.008732
1630598011.466309 -1126.395318 1652.085472 3.221528 0.004101 0.012860 0.999868 -0.009065
1630598011.570068 -1127.231840 1651.185258 3.249264 0.004432 0.011043 0.999886 -0.009263
1630598011.673706 -1128.062582 1650.292500 3.272133 0.005754 0.011979 0.999867 -0.009507
1630598011.777466 -1128.893776 1649.400407 3.295292 0.006765 0.012468 0.999851 -0.009848
1630598011.881104 -1129.725374 1648.508088 3.321811 0.006696 0.012055 0.999853 -0.010220
1630598011.984863 -1130.555682 1647.618485 3.350806 0.006413 0.012637 0.999845 -0.010433
1630598012.088501 -1131.380353 1646.733403 3.378680 0.007755 0.014479 0.999810 -0.010457
1630598012.192261 -1132.209200 1645.845040 3.409006 0.007542 0.014978 0.999803 -0.010612
1630598012.296021 -1133.042292 1644.953724 3.442038 0.005621 0.014203 0.999824 -0.010874
1630598012.399658 -1133.872758 1644.062012 3.471330 0.004504 0.013172 0.999841 -0.011135
1630598012.503418 -1134.702518 1643.169777 3.495094 0.002667 0.012841 0.999849 -0.011406
1630598012.607178 -1135.528393 1642.276045 3.515373 0.003553 0.011669 0.999857 -0.011671
1630598012.710816 -1136.355008 1641.383793 3.533053 0.002724 0.011495 0.999860 -0.011875
1630598012.814697 -1137.186542 1640.487698 3.549782 0.001023 0.010933 0.999865 -0.012210
1630598012.918335 -1138.014964 1639.593226 3.565225 -0.000033 0.010296 0.999865 -0.012807
1630598013.022095 -1138.838724 1638.702138 3.579431 0.000892 0.012046 0.999834 -0.013633
1630598013.125733 -1139.659930 1637.814151 3.594088 0.001532 0.015952 0.999766 -0.014559
1630598013.229370 -1140.480272 1636.917723 3.616341 0.001869 0.016266 0.999732 -0.016341
1630598013.333130 -1141.298932 1636.014541 3.644340 0.001618 0.016559 0.999683 -0.018889
1630598013.436768 -1142.108562 1635.106436 3.672164 0.002735 0.015740 0.999637 -0.021690
1630598013.540405 -1142.914816 1634.192132 3.698088 0.002866 0.015370 0.999586 -0.024140
1630598013.644043 -1143.716694 1633.271574 3.723985 0.002860 0.013452 0.999551 -0.026603
1630598013.747681 -1144.516202 1632.351095 3.746547 0.002617 0.013490 0.999480 -0.029174
1630598013.851441 -1145.311049 1631.426534 3.768086 0.002455 0.013727 0.999395 -0.031858
1630598013.955078 -1146.098444 1630.497695 3.790734 0.003701 0.013800 0.999304 -0.034472
1630598014.058838 -1146.883408 1629.561955 3.814665 0.003792 0.013333 0.999220 -0.036964
1630598014.162720 -1147.666202 1628.618036 3.838580 0.003742 0.012329 0.999144 -0.039321
1630598014.266358 -1148.448206 1627.671451 3.859089 0.002566 0.011204 0.999059 -0.041819
1630598014.370117 -1149.232589 1626.718466 3.874964 -0.000627 0.009777 0.998965 -0.044425
1630598014.473877 -1150.010376 1625.760391 3.885774 -0.002592 0.008436 0.998855 -0.047026
1630598014.577515 -1150.772774 1624.806364 3.894840 -0.001036 0.010766 0.998714 -0.049527
1630598014.681397 -1151.524127 1623.849576 3.905797 0.004283 0.014403 0.998539 -0.051908
1630598014.785156 -1152.279554 1622.881401 3.927525 0.005158 0.015706 0.998391 -0.054247
1630598014.888672 -1153.036390 1621.899180 3.960363 0.002932 0.011518 0.998324 -0.056640
1630598014.992432 -1153.792278 1620.912802 3.986417 0.000572 0.008844 0.998207 -0.059202
1630598015.096192 -1154.539079 1619.927630 4.000031 0.000218 0.008114 0.998057 -0.061780
1630598015.199951 -1155.278113 1618.942331 4.007372 0.000962 0.009027 0.997896 -0.064198
1630598015.303589 -1156.009718 1617.954903 4.016310 0.002806 0.009958 0.997731 -0.066522
1630598015.407227 -1156.740899 1616.964941 4.031011 0.002850 0.011984 0.997562 -0.068692
1630598015.510986 -1157.470076 1615.960634 4.049499 0.002646 0.009637 0.997411 -0.071219
1630598015.614502 -1158.196824 1614.952619 4.070303 0.000510 0.007479 0.997256 -0.073652
1630598015.718262 -1158.918050 1613.942312 4.083049 0.000233 0.006010 0.997100 -0.075858
1630598015.822022 -1159.633988 1612.929728 4.088380 0.000340 0.005974 0.996947 -0.077857
1630598015.925659 -1160.346863 1611.916189 4.092185 -0.000100 0.006327 0.996776 -0.079987
1630598016.029419 -1161.052270 1610.903088 4.098411 0.001615 0.008442 0.996580 -0.082190
1630598016.133057 -1161.750769 1609.889319 4.108467 0.004236 0.011474 0.996352 -0.084459
1630598016.236694 -1162.451372 1608.862670 4.127451 0.003942 0.011129 0.996173 -0.086604
1630598016.340454 -1163.157182 1607.823081 4.150255 0.000342 0.008374 0.996034 -0.088575
1630598016.444092 -1163.853555 1606.781171 4.166131 -0.001799 0.003952 0.995862 -0.090771
1630598016.547974 -1164.542447 1605.742407 4.168531 -0.001230 0.004384 0.995632 -0.093254
1630598016.651611 -1165.224337 1604.707481 4.167371 -0.000321 0.006610 0.995411 -0.095460
1630598016.755371 -1165.902913 1603.667137 4.170280 0.000893 0.008881 0.995216 -0.097295
1630598016.859131 -1166.579885 1602.618486 4.179673 0.001417 0.009332 0.995020 -0.099224
1630598016.962769 -1167.252382 1601.564141 4.194526 0.001177 0.007750 0.994823 -0.101323
1630598017.066406 -1167.924390 1600.507755 4.206996 -0.000037 0.007873 0.994606 -0.103429
1630598017.170166 -1168.594125 1599.443779 4.217318 -0.001487 0.006870 0.994411 -0.105347
1630598017.273804 -1169.262937 1598.378150 4.221868 -0.003769 0.006871 0.994203 -0.107236
1630598017.377442 -1169.928039 1597.310484 4.221601 -0.005336 0.006861 0.993976 -0.109255
1630598017.481201 -1170.586814 1596.241335 4.220187 -0.005062 0.008851 0.993727 -0.111363
1630598017.584839 -1171.238305 1595.170313 4.221406 -0.003609 0.011165 0.993482 -0.113388
1630598017.688477 -1171.886766 1594.088571 4.229173 -0.002972 0.011468 0.993272 -0.115199
1630598017.792236 -1172.535781 1592.992697 4.240328 -0.003250 0.007922 0.993079 -0.117133
1630598017.895996 -1173.184818 1591.893186 4.247772 -0.005549 0.005420 0.992830 -0.119285
1630598017.999756 -1173.827013 1590.796172 4.246932 -0.005628 0.005643 0.992548 -0.121593
1630598018.103516 -1174.467567 1589.697225 4.240172 -0.007046 0.007479 0.992226 -0.124022
1630598018.207276 -1175.100087 1588.584346 4.235429 -0.006509 0.005136 0.991922 -0.126576
1630598018.310913 -1175.731964 1587.470907 4.230236 -0.009698 0.005705 0.991581 -0.128998
1630598018.414551 -1176.346736 1586.355094 4.223773 -0.005417 0.005133 0.991301 -0.131403
1630598018.518311 -1176.958787 1585.238972 4.219492 -0.002839 0.007505 0.990944 -0.134035
1630598018.622070 -1177.571266 1584.117056 4.224333 -0.001601 0.009574 0.990528 -0.136970
1630598018.725708 -1178.182475 1582.989531 4.235932 -0.002990 0.011326 0.990040 -0.140295
1630598018.829346 -1178.787564 1581.853008 4.249031 -0.004612 0.012040 0.989434 -0.144412
1630598018.932984 -1179.383422 1580.705198 4.259895 -0.006528 0.010992 0.988767 -0.148917
1630598019.036621 -1179.964961 1579.547081 4.266309 -0.006914 0.008117 0.988139 -0.153192
1630598019.140137 -1180.535652 1578.386447 4.266080 -0.006923 0.006794 0.987534 -0.157109
1630598019.244019 -1181.101080 1577.219034 4.261885 -0.007629 0.006321 0.986918 -0.160916
1630598019.347656 -1181.656102 1576.050270 4.257309 -0.007468 0.006331 0.986269 -0.164855
1630598019.451416 -1182.205886 1574.875478 4.253849 -0.008441 0.007474 0.985566 -0.168918
1630598019.555054 -1182.745213 1573.692435 4.251386 -0.009309 0.006771 0.984882 -0.172845
1630598019.658814 -1183.275695 1572.500258 4.246812 -0.010218 0.005171 0.984196 -0.176713
1630598019.762451 -1183.794748 1571.306582 4.238217 -0.009892 0.004605 0.983496 -0.180600
1630598019.866333 -1184.305093 1570.108364 4.227099 -0.009152 0.005391 0.982800 -0.184369
1630598019.970093 -1184.808669 1568.906014 4.217658 -0.008831 0.006399 0.982105 -0.188018
1630598020.073853 -1185.303857 1567.694757 4.211334 -0.010008 0.005334 0.981395 -0.191664
1630598020.177612 -1185.787821 1566.479117 4.205930 -0.008690 0.005210 0.980667 -0.195424
1630598020.281372 -1186.265630 1565.262019 4.199553 -0.009239 0.005924 0.979930 -0.199040
1630598020.385010 -1186.734239 1564.039551 4.193805 -0.008842 0.006184 0.979223 -0.202498
1630598020.488770 -1187.197976 1562.809278 4.188386 -0.009800 0.005424 0.978478 -0.206045
1630598020.592529 -1187.652926 1561.574898 4.180815 -0.010180 0.005206 0.977714 -0.209630
1630598020.696167 -1188.098022 1560.337594 4.171228 -0.010550 0.005123 0.976949 -0.213151
1630598020.799927 -1188.535079 1559.094111 4.161098 -0.010884 0.005143 0.976191 -0.216578
1630598020.903565 -1188.963052 1557.847356 4.150748 -0.011036 0.005142 0.975455 -0.219860
1630598021.007324 -1189.384497 1556.594181 4.139991 -0.011399 0.004880 0.974692 -0.223209
1630598021.110840 -1189.797639 1555.339199 4.128742 -0.012041 0.004663 0.973914 -0.226548
1630598021.214600 -1190.202898 1554.076453 4.116308 -0.012351 0.004315 0.973128 -0.229892
1630598021.318115 -1190.599481 1552.812318 4.102642 -0.012923 0.004248 0.972325 -0.233238
1630598021.421875 -1190.988359 1551.540932 4.087964 -0.013092 0.004039 0.971530 -0.236519
1630598021.525513 -1191.368756 1550.267696 4.072931 -0.013205 0.004258 0.970738 -0.239738
1630598021.629273 -1191.741532 1548.988427 4.057818 -0.013338 0.004657 0.969935 -0.242955
1630598021.732910 -1192.107200 1547.703310 4.042670 -0.014347 0.003960 0.969117 -0.246153
1630598021.836670 -1192.463467 1546.413900 4.027468 -0.014520 0.003464 0.968313 -0.249292
1630598021.940430 -1192.807547 1545.124278 4.010811 -0.012982 0.003891 0.967526 -0.252407
1630598022.044068 -1193.144538 1543.830086 3.997030 -0.011430 0.003783 0.966786 -0.255304
1630598022.147827 -1193.474897 1542.526508 3.984756 -0.010599 0.001996 0.966107 -0.257918
1630598022.251587 -1193.798410 1541.218899 3.970106 -0.009697 0.000451 0.965485 -0.260277
1630598022.355225 -1194.115695 1539.911243 3.951797 -0.008325 -0.000578 0.965085 -0.261803
1630598022.459107 -1194.427374 1538.598955 3.932531 -0.005550 -0.001688 0.964920 -0.262481
1630598022.562866 -1194.738933 1537.285422 3.913869 -0.003622 -0.002280 0.964768 -0.263067
1630598022.666504 -1195.050950 1535.967388 3.896228 -0.002873 -0.004254 0.964574 -0.263762
1630598022.770264 -1195.364757 1534.644359 3.876416 -0.003195 -0.006546 0.964347 -0.264540
1630598022.874024 -1195.675490 1533.322178 3.851824 -0.002916 -0.007878 0.964019 -0.265699
1630598022.977783 -1195.983719 1532.000665 3.823041 -0.002359 -0.008647 0.963498 -0.267564
1630598023.081543 -1196.296504 1530.678433 3.792690 -0.006232 -0.007390 0.962753 -0.270208
1630598023.184937 -1196.593434 1529.355376 3.761356 -0.007308 -0.008327 0.961508 -0.274552
1630598023.288452 -1196.872770 1528.033209 3.730474 -0.006528 -0.008222 0.959762 -0.280619
1630598023.392090 -1197.138761 1526.718424 3.701322 -0.005389 -0.002806 0.958155 -0.286184
1630598023.495728 -1197.395996 1525.399904 3.681673 -0.007980 0.003058 0.956828 -0.290529
1630598023.599121 -1197.637313 1524.068919 3.674897 -0.009159 0.002309 0.955255 -0.295632
1630598023.702881 -1197.872999 1522.726881 3.669898 -0.012783 0.001159 0.953417 -0.301382
1630598023.806519 -1198.088256 1521.389150 3.658383 -0.014598 0.001205 0.951813 -0.306330
1630598023.910156 -1198.281104 1520.055883 3.640410 -0.013425 0.002994 0.950422 -0.310659
1630598024.013916 -1198.456904 1518.719328 3.623417 -0.011052 0.004162 0.949182 -0.314506
1630598024.117798 -1198.623850 1517.374269 3.611645 -0.010389 0.003801 0.947986 -0.318119
1630598024.221680 -1198.783019 1516.023035 3.602778 -0.010891 0.001495 0.946720 -0.321871
1630598024.325562 -1198.933685 1514.671427 3.590789 -0.011558 -0.000201 0.945383 -0.325756
1630598024.429443 -1199.074503 1513.321887 3.572985 -0.012021 -0.000664 0.944048 -0.329589
1630598024.533325 -1199.204237 1511.972421 3.551642 -0.012367 -0.000442 0.942771 -0.333211
1630598024.637207 -1199.322022 1510.621523 3.529762 -0.012315 -0.000475 0.941515 -0.336747
1630598024.741089 -1199.428270 1509.269438 3.508638 -0.011461 -0.000725 0.940299 -0.340155
1630598024.844849 -1199.525237 1507.917122 3.488200 -0.010997 -0.001091 0.939236 -0.343094
1630598024.948609 -1199.613979 1506.563540 3.468463 -0.010241 -0.001574 0.938402 -0.345390
1630598025.052368 -1199.698969 1505.208685 3.447640 -0.010487 -0.001643 0.937623 -0.347491
1630598025.156006 -1199.780807 1503.851188 3.424914 -0.011973 -0.002001 0.936819 -0.349605
1630598025.259644 -1199.854884 1502.493023 3.400386 -0.012641 -0.004644 0.935962 -0.351844
1630598025.363281 -1199.921392 1501.138354 3.371968 -0.011827 -0.003476 0.935100 -0.354169
1630598025.466675 -1199.979881 1499.785990 3.344470 -0.011074 -0.003530 0.934369 -0.356117
1630598025.570313 -1200.031363 1498.427516 3.318457 -0.009848 -0.002949 0.933857 -0.357499
1630598025.673950 -1200.078525 1497.065442 3.293913 -0.008662 -0.003701 0.933415 -0.358675
1630598025.777344 -1200.126108 1495.704455 3.269468 -0.008659 -0.003407 0.933010 -0.359731
1630598025.880982 -1200.171893 1494.339426 3.245447 -0.008652 -0.003119 0.932605 -0.360783
1630598025.984619 -1200.214402 1492.973846 3.222422 -0.007923 -0.002141 0.932260 -0.361697
1630598026.088135 -1200.252852 1491.607133 3.201757 -0.007042 -0.001841 0.932060 -0.362232
1630598026.191895 -1200.287482 1490.234692 3.183512 -0.005574 -0.002198 0.931942 -0.362557
1630598026.295654 -1200.323074 1488.860451 3.165570 -0.005217 -0.002379 0.931866 -0.362756
1630598026.399414 -1200.358787 1487.484322 3.148115 -0.004140 -0.003210 0.931816 -0.362894
1630598026.503174 -1200.404811 1486.104618 3.128410 -0.007968 -0.003602 0.931880 -0.362661
1630598026.606934 -1200.446536 1484.725262 3.107316 -0.007788 -0.005477 0.931860 -0.362692
1630598026.710816 -1200.489516 1483.351431 3.082843 -0.009331 -0.003818 0.931963 -0.362412
1630598026.814697 -1200.529593 1481.980264 3.060100 -0.008133 -0.002148 0.932201 -0.361843
1630598026.918457 -1200.569065 1480.609110 3.041915 -0.006797 -0.002102 0.932497 -0.361109
1630598027.022339 -1200.611003 1479.235548 3.025532 -0.005721 -0.002594 0.932773 -0.360411
1630598027.126099 -1200.657208 1477.864252 3.008621 -0.006034 -0.002998 0.933036 -0.359721
1630598027.229859 -1200.706776 1476.495390 2.990856 -0.006836 -0.003209 0.933277 -0.359078
1630598027.333618 -1200.757745 1475.131436 2.972707 -0.006584 -0.001595 0.933469 -0.358594
1630598027.437256 -1200.808507 1473.770513 2.956188 -0.006214 -0.001627 0.933577 -0.358319
1630598027.540772 -1200.859509 1472.410665 2.942543 -0.005901 -0.001862 0.933573 -0.358334
1630598027.644531 -1200.909758 1471.049493 2.928448 -0.006338 -0.002649 0.933456 -0.358626
1630598027.748047 -1200.958018 1469.696560 2.913099 -0.005891 -0.002377 0.933251 -0.359168
1630598027.851685 -1201.006398 1468.347085 2.897431 -0.005870 -0.001203 0.933059 -0.359675
1630598027.955200 -1201.052014 1467.002987 2.885149 -0.005396 0.000088 0.932889 -0.360124
1630598028.058716 -1201.096585 1465.661387 2.876534 -0.005025 0.001338 0.932662 -0.360715
1630598028.162354 -1201.140213 1464.318683 2.871728 -0.005701 0.001636 0.932224 -0.361833
1630598028.265869 -1201.176758 1462.978563 2.867654 -0.005428 0.000645 0.931403 -0.363948
1630598028.369507 -1201.204626 1461.641213 2.862452 -0.004874 0.000076 0.930496 -0.366269
1630598028.473145 -1201.225228 1460.308934 2.854640 -0.003517 0.000346 0.929949 -0.367670
1630598028.576904 -1201.242045 1458.971299 2.845252 -0.003261 -0.002730 0.929686 -0.368330
1630598028.680664 -1201.264996 1457.637573 2.835971 -0.004360 -0.003659 0.929356 -0.369140
1630598028.784424 -1201.295340 1456.315264 2.819826 -0.007491 -0.001853 0.929046 -0.369884
1630598028.888184 -1201.318068 1455.001065 2.807640 -0.008049 0.001520 0.928819 -0.370444
1630598028.992066 -1201.325459 1453.690705 2.801309 -0.003338 0.003470 0.928654 -0.370916
1630598029.095947 -1201.324958 1452.374418 2.802159 0.000651 0.001873 0.928727 -0.370760
1630598029.199829 -1201.323095 1451.054050 2.808003 0.003287 -0.003090 0.929199 -0.369553
1630598029.303833 -1201.326112 1449.739210 2.806556 0.006225 -0.006146 0.929542 -0.368612
1630598029.407593 -1201.341419 1448.439850 2.798540 0.007961 -0.006279 0.929731 -0.368099
1630598029.511353 -1201.371596 1447.148578 2.786749 0.006850 -0.003458 0.930208 -0.366954
1630598029.615235 -1201.417442 1445.851081 2.778095 -0.000947 -0.000830 0.930983 -0.365061
1630598029.718994 -1201.458724 1444.556818 2.774765 -0.003459 -0.003550 0.931542 -0.363600
1630598029.822754 -1201.498564 1443.282352 2.769188 -0.002850 -0.000638 0.932075 -0.362254
1630598029.926270 -1201.536180 1442.017510 2.762885 -0.000367 0.003155 0.932665 -0.360730
1630598030.029785 -1201.571348 1440.744017 2.767329 0.001675 0.000448 0.933386 -0.358870
1630598030.133423 -1201.613772 1439.468290 2.771269 0.001734 -0.002545 0.933940 -0.357418
1630598030.236939 -1201.664526 1438.201015 2.767509 0.001346 -0.004384 0.934438 -0.356097
1630598030.340454 -1201.723724 1436.941977 2.755764 0.000113 -0.003174 0.934948 -0.354771
1630598030.443848 -1201.785722 1435.689374 2.742831 -0.000016 -0.001625 0.935387 -0.353621
1630598030.547485 -1201.853769 1434.434169 2.732134 -0.001318 -0.000104 0.935827 -0.352457
1630598030.651001 -1201.923256 1433.176718 2.724530 -0.003240 0.000014 0.936370 -0.350999
1630598030.754639 -1201.985493 1431.917959 2.718573 -0.001012 -0.003671 0.936889 -0.349606
1630598030.858276 -1202.057918 1430.664924 2.708337 -0.001604 -0.003259 0.937488 -0.347999
1630598030.962036 -1202.136591 1429.413864 2.696317 -0.001644 -0.002224 0.938321 -0.345755
1630598031.065796 -1202.217854 1428.165674 2.685657 -0.000148 -0.001494 0.938985 -0.343954
1630598031.169678 -1202.312145 1426.916914 2.675868 -0.002175 0.000242 0.939591 -0.342292
1630598031.273438 -1202.405917 1425.667867 2.669634 -0.001148 -0.000055 0.940259 -0.340459
1630598031.377319 -1202.504460 1424.417315 2.664175 -0.002751 -0.000792 0.941014 -0.338355
1630598031.481201 -1202.607958 1423.170849 2.658425 -0.002933 -0.001680 0.941670 -0.336520
1630598031.585083 -1202.718806 1421.928729 2.649770 -0.004399 -0.000705 0.942336 -0.334637
1630598031.688965 -1202.833337 1420.689623 2.640592 -0.004864 -0.000787 0.942880 -0.333096
1630598031.792847 -1202.951198 1419.455291 2.630481 -0.004755 -0.000206 0.943546 -0.331206
1630598031.896485 -1203.071305 1418.226324 2.620562 -0.004603 0.000216 0.944364 -0.328871
1630598032.000244 -1203.196084 1416.997484 2.612848 -0.004857 -0.000584 0.945129 -0.326659
1630598032.104004 -1203.328911 1415.774724 2.605630 -0.004559 -0.001281 0.945682 -0.325059
1630598032.207520 -1203.472405 1414.560229 2.596117 -0.006847 -0.000202 0.946330 -0.323130
1630598032.311279 -1203.618367 1413.346630 2.587756 -0.007378 0.000020 0.946990 -0.321178
1630598032.414795 -1203.762291 1412.139568 2.577910 -0.005790 -0.001630 0.947687 -0.319145
1630598032.518311 -1203.913135 1410.938964 2.567665 -0.006858 -0.000295 0.948406 -0.316984
1630598032.621948 -1204.061507 1409.742166 2.558704 -0.004100 -0.000432 0.949206 -0.314628
1630598032.725464 -1204.222795 1408.549071 2.549432 -0.004506 0.000915 0.949918 -0.312465
1630598032.828980 -1204.394873 1407.351665 2.541287 -0.007874 -0.000108 0.950676 -0.310087
1630598032.932617 -1204.568870 1406.156898 2.532363 -0.007834 -0.001467 0.951432 -0.307757
1630598033.036133 -1204.744270 1404.971573 2.518072 -0.006007 -0.000398 0.952194 -0.305435
1630598033.140015 -1204.923540 1403.784094 2.505571 -0.003957 0.001446 0.953065 -0.302736
1630598033.243652 -1205.106326 1402.590214 2.494990 -0.001721 -0.001938 0.953937 -0.299997
1630598033.347412 -1205.306323 1401.392708 2.486289 -0.004572 -0.002853 0.954949 -0.296721
1630598033.451172 -1205.508655 1400.209541 2.476730 -0.002547 -0.002096 0.955863 -0.293793
1630598033.555054 -1205.719874 1399.036750 2.464203 0.000171 0.004836 0.956696 -0.291047
1630598033.658814 -1205.942138 1397.851264 2.464436 -0.000399 0.006687 0.957397 -0.288698
1630598033.762695 -1206.172211 1396.647999 2.476239 -0.002843 0.003148 0.958165 -0.286185
1630598033.866577 -1206.407176 1395.442843 2.481220 -0.004055 -0.001112 0.958811 -0.284014
1630598033.970459 -1206.651042 1394.243783 2.471055 -0.006896 -0.001393 0.959481 -0.281684
1630598034.074097 -1206.891694 1393.052626 2.452819 -0.003679 -0.001507 0.960170 -0.279387
1630598034.177857 -1207.142305 1391.861822 2.433344 -0.003388 0.000967 0.960909 -0.276841
1630598034.281616 -1207.394290 1390.664224 2.421941 0.000154 -0.000618 0.961559 -0.274598
1630598034.385376 -1207.660467 1389.467719 2.416529 -0.001439 0.000034 0.962286 -0.272037
1630598034.489014 -1207.930110 1388.276702 2.412929 -0.000390 0.002112 0.963054 -0.269300
1630598034.592774 -1208.207759 1387.082566 2.411310 -0.000405 0.003438 0.963830 -0.266496
1630598034.696289 -1208.489671 1385.884094 2.412852 0.000786 0.001476 0.964480 -0.264151
1630598034.800049 -1208.784161 1384.682713 2.411740 -0.001882 0.000318 0.965155 -0.261671
1630598034.903565 -1209.081416 1383.487612 2.405404 -0.001414 0.000308 0.965892 -0.258940
1630598035.007324 -1209.385120 1382.293435 2.397103 -0.001042 0.001007 0.966674 -0.256007
1630598035.110840 -1209.697110 1381.102142 2.389522 -0.000781 0.002137 0.967362 -0.253389
1630598035.214478 -1210.014255 1379.903889 2.385271 0.000289 -0.000264 0.968009 -0.250916
1630598035.318115 -1210.341353 1378.703867 2.379965 -0.001426 -0.001568 0.968658 -0.248390
1630598035.421875 -1210.672792 1377.503926 2.371039 -0.001202 -0.003375 0.969339 -0.245700
1630598035.525391 -1211.007367 1376.308432 2.356501 0.000101 -0.003979 0.969990 -0.243114
1630598035.629151 -1211.360282 1375.115331 2.340461 -0.001847 -0.001504 0.970640 -0.240526
1630598035.732910 -1211.724169 1373.922569 2.324441 -0.004241 0.001111 0.971268 -0.237946
1630598035.836548 -1212.088109 1372.729406 2.315538 -0.004085 0.002939 0.971715 -0.236104
1630598035.940308 -1212.454588 1371.537911 2.312146 -0.002521 0.006213 0.972030 -0.234760
1630598036.044068 -1212.821377 1370.343692 2.315125 -0.000439 0.009495 0.972481 -0.232788
1630598036.147827 -1213.188395 1369.140401 2.327033 0.002549 0.009438 0.972949 -0.230813
1630598036.251465 -1213.561622 1367.931661 2.342855 0.004063 0.008908 0.973361 -0.229068
1630598036.355347 -1213.936279 1366.708748 2.356752 0.006965 0.002991 0.973665 -0.227859
1630598036.459107 -1214.319597 1365.488214 2.367530 0.007316 -0.000344 0.973960 -0.226601
1630598036.562744 -1214.710518 1364.283520 2.371717 0.008705 0.002018 0.974394 -0.224671
1630598036.666626 -1215.116943 1363.082561 2.376162 0.008252 0.008135 0.974835 -0.222626
1630598036.770264 -1215.538298 1361.875524 2.392035 0.004795 0.010935 0.975085 -0.221512
1630598036.874024 -1215.966748 1360.656046 2.414127 -0.000165 0.011214 0.975346 -0.220395
1630598036.977783 -1216.385498 1359.432093 2.434598 -0.000746 0.009461 0.975774 -0.218575
1630598037.081299 -1216.796091 1358.211836 2.447819 0.002842 0.008920 0.976431 -0.215628
1630598037.185059 -1217.210897 1356.991974 2.461644 0.008160 0.009228 0.977283 -0.211582
1630598037.288696 -1217.638999 1355.777609 2.480237 0.012660 0.010839 0.978164 -0.207167
1630598037.392456 -1218.091763 1354.559178 2.509510 0.013152 0.011928 0.978953 -0.203314
1630598037.496094 -1218.565740 1353.339754 2.546567 0.010068 0.011784 0.979694 -0.199899
1630598037.599854 -1219.048824 1352.120374 2.581974 0.007286 0.012181 0.980364 -0.196683
1630598037.703369 -1219.534102 1350.904874 2.611534 0.007406 0.012591 0.980833 -0.194304
1630598037.807129 -1220.025814 1349.686515 2.638761 0.007192 0.012969 0.981287 -0.191979
1630598037.910645 -1220.520063 1348.472712 2.667164 0.007556 0.013705 0.981770 -0.189427
1630598038.014404 -1221.025536 1347.260840 2.697742 0.007247 0.015029 0.982262 -0.186771
1630598038.118042 -1221.549384 1346.054122 2.730551 0.001246 0.016885 0.982789 -0.183953
1630598038.221802 -1222.075768 1344.849696 2.766261 -0.001788 0.018771 0.983263 -0.181213
1630598038.325440 -1222.584940 1343.656411 2.803566 0.004306 0.019346 0.983672 -0.178876
1630598038.429077 -1223.096227 1342.466638 2.843848 0.009535 0.020834 0.984184 -0.175661
1630598038.532715 -1223.618929 1341.267037 2.896330 0.011568 0.016930 0.985013 -0.171259
1630598038.636475 -1224.159272 1340.071719 2.949443 0.010957 0.011812 0.985801 -0.167145
1630598038.740235 -1224.717267 1338.895714 2.990539 0.007387 0.011832 0.986342 -0.164120
1630598038.843994 -1225.273100 1337.738050 3.026351 0.009771 0.015827 0.986819 -0.160754
1630598038.947754 -1225.829855 1336.589336 3.062150 0.011950 0.019527 0.987342 -0.156943
1630598039.051514 -1226.393293 1335.436237 3.112643 0.013442 0.019106 0.987906 -0.153283
1630598039.155151 -1226.970264 1334.286681 3.169519 0.010652 0.016478 0.988529 -0.149752
1630598039.258911 -1227.551375 1333.148225 3.222845 0.009592 0.013496 0.989071 -0.146504
1630598039.362671 -1228.129874 1332.033072 3.267111 0.012851 0.016967 0.989480 -0.143095
1630598039.466309 -1228.710819 1330.929513 3.310689 0.016009 0.020167 0.989891 -0.139475
1630598039.569946 -1229.304909 1329.824466 3.366518 0.015624 0.018983 0.990433 -0.135790
1630598039.673706 -1229.911571 1328.722535 3.426417 0.012028 0.015633 0.991055 -0.131991
1630598039.777344 -1230.522812 1327.636443 3.478223 0.009081 0.013792 0.991581 -0.128433
1630598039.881104 -1231.135026 1326.567505 3.518876 0.008767 0.014832 0.992009 -0.124983
1630598039.984619 -1231.749426 1325.514810 3.554413 0.008699 0.017317 0.992401 -0.121510
1630598040.088379 -1232.367906 1324.463624 3.592867 0.008532 0.017541 0.992832 -0.117914
1630598040.191895 -1232.983857 1323.411635 3.633437 0.009702 0.012448 0.993286 -0.114599
1630598040.295654 -1233.599607 1322.365238 3.672737 0.013035 0.005701 0.993699 -0.111175
1630598040.399414 -1234.218917 1321.353602 3.708446 0.016056 0.008617 0.994130 -0.106650
1630598040.503174 -1234.842133 1320.372682 3.744362 0.020146 0.018668 0.994481 -0.101254
1630598040.606812 -1235.483429 1319.395655 3.799132 0.020330 0.023963 0.994815 -0.096727
1630598040.710571 -1236.143885 1318.412140 3.871746 0.014151 0.021010 0.995360 -0.092825
1630598040.814331 -1236.804592 1317.434904 3.938819 0.008764 0.017045 0.995878 -0.088659
1630598040.918213 -1237.456664 1316.473163 3.985946 0.008038 0.014835 0.996303 -0.084236
1630598041.021851 -1238.106144 1315.531983 4.018800 0.008897 0.015295 0.996634 -0.080051
1630598041.125488 -1238.759674 1314.607770 4.049963 0.009481 0.016824 0.996860 -0.076800
1630598041.229248 -1239.420296 1313.696629 4.085721 0.008464 0.019188 0.996998 -0.074527
1630598041.333008 -1240.084253 1312.794995 4.126760 0.004481 0.020469 0.997130 -0.072747
1630598041.436646 -1240.729481 1311.904437 4.172582 0.005712 0.019783 0.997256 -0.071113
1630598041.540283 -1241.356168 1311.032017 4.215701 0.010196 0.019890 0.997354 -0.069182
1630598041.643921 -1241.980377 1310.175586 4.257930 0.012696 0.021221 0.997426 -0.067310
1630598041.747437 -1242.603476 1309.328354 4.308179 0.011815 0.018687 0.997611 -0.065443
1630598041.851196 -1243.224214 1308.494795 4.358502 0.010097 0.015642 0.997776 -0.064003
1630598041.954834 -1243.836608 1307.685581 4.400089 0.008410 0.015268 0.997878 -0.062736
1630598042.058472 -1244.437145 1306.897038 4.434509 0.008273 0.016303 0.997951 -0.061309
1630598042.162232 -1245.028024 1306.125218 4.466647 0.008321 0.018065 0.998018 -0.059703
1630598042.265869 -1245.608495 1305.366996 4.501090 0.008871 0.017997 0.998096 -0.058322
1630598042.369629 -1246.179924 1304.621260 4.538351 0.009313 0.017144 0.998184 -0.056988
1630598042.473389 -1246.745611 1303.891244 4.573888 0.008296 0.016882 0.998268 -0.055743
1630598042.577149 -1247.300150 1303.179397 4.607724 0.008180 0.016201 0.998344 -0.054593
1630598042.680908 -1247.844739 1302.487806 4.640389 0.008529 0.018059 0.998378 -0.053308
1630598042.784668 -1248.380105 1301.812063 4.670174 0.009158 0.019999 0.998390 -0.052275
1630598042.888428 -1248.909251 1301.147467 4.703281 0.008444 0.020973 0.998430 -0.051245
1630598042.992066 -1249.429930 1300.494183 4.739736 0.006939 0.019766 0.998509 -0.050399
1630598043.095947 -1249.940835 1299.854940 4.773977 0.005950 0.019141 0.998565 -0.049657
1630598043.199707 -1250.438440 1299.234339 4.803738 0.005471 0.019499 0.998595 -0.048964
1630598043.303467 -1250.923275 1298.629603 4.831161 0.005809 0.020144 0.998602 -0.048517
1630598043.407227 -1251.396747 1298.040052 4.858486 0.005770 0.020981 0.998597 -0.048269
1630598043.510742 -1251.861150 1297.464433 4.885083 0.003631 0.021356 0.998613 -0.047996
1630598043.614502 -1252.313504 1296.902617 4.912219 0.002747 0.019718 0.998656 -0.047847
1630598043.718018 -1252.750258 1296.360850 4.939881 0.002736 0.019877 0.998651 -0.047887
1630598043.821777 -1253.171649 1295.834167 4.964533 0.003748 0.020329 0.998637 -0.047932
1630598043.925537 -1253.580342 1295.323095 4.984559 0.005688 0.021595 0.998591 -0.048130
1630598044.029053 -1253.979755 1294.825166 5.006880 0.004748 0.021356 0.998590 -0.048357
1630598044.132813 -1254.369528 1294.339334 5.031901 0.003344 0.020614 0.998603 -0.048541
1630598044.236328 -1254.744484 1293.869048 5.056205 0.002677 0.019221 0.998630 -0.048596
1630598044.340088 -1255.105432 1293.414440 5.077245 0.002876 0.018633 0.998638 -0.048654
1630598044.443726 -1255.452542 1292.978893 5.094716 0.003022 0.018803 0.998632 -0.048699
1630598044.547363 -1255.786924 1292.560451 5.111057 0.003216 0.018885 0.998631 -0.048676
1630598044.651245 -1256.109150 1292.157152 5.127926 0.003095 0.018782 0.998635 -0.048643
1630598044.755005 -1256.416786 1291.771262 5.145060 0.002823 0.018207 0.998644 -0.048698
1630598044.858765 -1256.709139 1291.404356 5.161084 0.002648 0.017800 0.998656 -0.048594
1630598044.962525 -1256.986553 1291.057038 5.175527 0.002541 0.017479 0.998671 -0.048411
1630598045.066162 -1257.249718 1290.729020 5.188674 0.002456 0.017637 0.998674 -0.048299
1630598045.169922 -1257.499141 1290.417545 5.200780 0.002583 0.017701 0.998677 -0.048212
1630598045.273682 -1257.735012 1290.122679 5.212244 0.002506 0.017499 0.998686 -0.048111
1630598045.377442 -1257.956565 1289.845396 5.223136 0.002442 0.017230 0.998696 -0.047991
1630598045.481079 -1258.164225 1289.586772 5.233178 0.002388 0.017277 0.998700 -0.047897
1630598045.584717 -1258.358721 1289.344225 5.242628 0.002463 0.017123 0.998706 -0.047816
1630598045.688477 -1258.540942 1289.117675 5.251490 0.002246 0.017196 0.998712 -0.047683
1630598045.791992 -1258.709801 1288.906642 5.259532 0.002428 0.016915 0.998720 -0.047609
1630598045.895630 -1258.866059 1288.711011 5.267071 0.002334 0.016666 0.998727 -0.047555
1630598045.999390 -1259.008921 1288.531493 5.273913 0.002468 0.016320 0.998734 -0.047525
1630598046.103027 -1259.138413 1288.369277 5.279908 0.002325 0.015974 0.998744 -0.047424
1630598046.206787 -1259.254286 1288.225559 5.284980 0.002198 0.015891 0.998748 -0.047384
1630598046.310303 -1259.355801 1288.100692 5.289179 0.002102 0.016092 0.998747 -0.047333
1630598046.414063 -1259.443753 1287.991789 5.292787 0.002148 0.016260 0.998751 -0.047201
1630598046.517822 -1259.520222 1287.896010 5.295407 0.002692 0.016709 0.998745 -0.047131
1630598046.621460 -1259.587429 1287.811216 5.298032 0.003218 0.016880 0.998740 -0.047159
1630598046.725220 -1259.646528 1287.737018 5.300953 0.003300 0.016739 0.998745 -0.047080
1630598046.828858 -1259.697821 1287.673284 5.303064 0.003336 0.016785 0.998748 -0.047010
1630598046.932617 -1259.741463 1287.619514 5.304698 0.003341 0.016789 0.998747 -0.047030
1630598047.036499 -1259.776925 1287.575259 5.306039 0.003421 0.016780 0.998749 -0.046987
1630598047.140137 -1259.804669 1287.540203 5.306958 0.003569 0.016839 0.998751 -0.046909
1630598047.243897 -1259.825599 1287.514149 5.307741 0.003647 0.016771 0.998748 -0.046984
1630598047.347656 -1259.840257 1287.496389 5.308206 0.003699 0.016929 0.998744 -0.047016
1630598047.451294 -1259.849815 1287.484821 5.308317 0.003938 0.017256 0.998741 -0.046938
1630598047.555176 -1259.856162 1287.477310 5.308392 0.004209 0.017615 0.998733 -0.046942
1630598047.658692 -1259.861117 1287.471293 5.308448 0.004565 0.018007 0.998722 -0.047008
1630598047.762451 -1259.866456 1287.464147 5.308474 0.005008 0.018321 0.998714 -0.047009
1630598047.866211 -1259.873574 1287.454789 5.308732 0.005224 0.018426 0.998712 -0.046990
1630598047.969849 -1259.882781 1287.443228 5.309134 0.005218 0.018360 0.998712 -0.047001
1630598048.073486 -1259.893629 1287.429950 5.309598 0.005164 0.018284 0.998714 -0.046994
1630598048.177246 -1259.905708 1287.415214 5.310140 0.005132 0.018324 0.998714 -0.046982
1630598048.281006 -1259.918990 1287.398583 5.310699 0.005182 0.018325 0.998713 -0.046997
1630598048.384522 -1259.933795 1287.379916 5.311321 0.005196 0.018263 0.998715 -0.046984
1630598048.488281 -1259.950598 1287.358886 5.311634 0.005366 0.018375 0.998713 -0.046957
1630598048.591919 -1259.971203 1287.333468 5.310933 0.005914 0.019101 0.998700 -0.046897
1630598048.695557 -1259.998910 1287.299268 5.309797 0.006919 0.020271 0.998672 -0.046859
1630598048.799317 -1260.037154 1287.251800 5.309890 0.007704 0.021180 0.998648 -0.046843
1630598048.903076 -1260.087826 1287.188351 5.311662 0.008095 0.021488 0.998641 -0.046778
1630598049.006836 -1260.151421 1287.108480 5.314755 0.008098 0.021209 0.998649 -0.046741
1630598049.110596 -1260.227443 1287.013183 5.318397 0.008078 0.020981 0.998656 -0.046695
1630598049.214234 -1260.316093 1286.902280 5.322075 0.008309 0.020964 0.998658 -0.046633
1630598049.317993 -1260.418540 1286.774625 5.326330 0.008382 0.020911 0.998660 -0.046583
1630598049.421753 -1260.534579 1286.630505 5.331437 0.008354 0.020930 0.998663 -0.046515
1630598049.525391 -1260.663965 1286.469942 5.336986 0.008473 0.020993 0.998663 -0.046478
1630598049.629151 -1260.807079 1286.292033 5.342846 0.008459 0.020929 0.998666 -0.046443
1630598049.732910 -1260.963143 1286.097451 5.349680 0.008527 0.020777 0.998669 -0.046436
1630598049.836548 -1261.131018 1285.887981 5.357892 0.008799 0.020761 0.998665 -0.046471
1630598049.940186 -1261.311975 1285.662192 5.365896 0.008849 0.020703 0.998662 -0.046562
1630598050.043945 -1261.506638 1285.418182 5.373069 0.008567 0.019731 0.998677 -0.046703
1630598050.147705 -1261.713755 1285.158491 5.380489 0.008236 0.018921 0.998691 -0.046793
1630598050.251221 -1261.931794 1284.885095 5.388792 0.008229 0.018544 0.998690 -0.046966
1630598050.354981 -1262.162887 1284.596684 5.397825 0.008068 0.018533 0.998670 -0.047422
1630598050.458740 -1262.406449 1284.292149 5.407332 0.007662 0.018333 0.998641 -0.048189
1630598050.562378 -1262.660792 1283.971069 5.417594 0.007181 0.017874 0.998598 -0.049300
1630598050.666016 -1262.925212 1283.632979 5.429244 0.006835 0.016779 0.998548 -0.050730
1630598050.769776 -1263.198710 1283.279744 5.438003 0.007178 0.016275 0.998479 -0.052179
1630598050.873291 -1263.482286 1282.913019 5.445259 0.007576 0.016357 0.998397 -0.053650
1630598050.977051 -1263.779105 1282.530154 5.453520 0.007599 0.016672 0.998311 -0.055122
1630598051.080811 -1264.089081 1282.131193 5.463300 0.007093 0.017149 0.998224 -0.056604
1630598051.184570 -1264.414476 1281.712798 5.472643 0.005066 0.016104 0.998167 -0.058121
1630598051.288330 -1264.750099 1281.275321 5.480773 0.002560 0.015270 0.998099 -0.059663
1630598051.391968 -1265.085933 1280.821063 5.490288 0.003963 0.014699 0.998009 -0.061202
1630598051.495606 -1265.429332 1280.349655 5.502135 0.006276 0.014063 0.997904 -0.062848
1630598051.599365 -1265.787438 1279.862356 5.514055 0.007007 0.012990 0.997798 -0.064657
1630598051.703125 -1266.158208 1279.366756 5.518927 0.006928 0.014496 0.997670 -0.066304
1630598051.806763 -1266.535131 1278.857064 5.526315 0.006832 0.014344 0.997589 -0.067555
1630598051.910645 -1266.917362 1278.330167 5.538854 0.006375 0.012897 0.997533 -0.068713
1630598052.014404 -1267.302833 1277.791394 5.551832 0.006796 0.011079 0.997474 -0.069834
1630598052.118042 -1267.694512 1277.244591 5.562539 0.007172 0.009627 0.997442 -0.070463
1630598052.221802 -1268.097510 1276.689444 5.571104 0.006440 0.008925 0.997450 -0.070521
1630598052.325562 -1268.508330 1276.124342 5.578564 0.006093 0.008303 0.997439 -0.070775
1630598052.429199 -1268.920897 1275.547243 5.585947 0.007573 0.008350 0.997410 -0.071033
1630598052.532959 -1269.337340 1274.955300 5.594012 0.010932 0.006772 0.997393 -0.071002
1630598052.636475 -1269.766110 1274.356854 5.601231 0.013679 0.007392 0.997408 -0.070247
1630598052.740235 -1270.213081 1273.743670 5.608569 0.013898 0.007059 0.997522 -0.068603
1630598052.843994 -1270.675898 1273.115750 5.617417 0.012898 0.005522 0.997679 -0.066631
1630598052.947632 -1271.149394 1272.478766 5.630673 0.011386 0.004676 0.997821 -0.064820
1630598053.051392 -1271.635464 1271.836415 5.643201 0.011311 0.004616 0.997946 -0.062881
1630598053.155029 -1272.136697 1271.198649 5.651032 0.009749 0.010082 0.998077 -0.060386
1630598053.258667 -1272.645185 1270.549421 5.661982 0.012562 0.014382 0.998082 -0.058887
1630598053.362427 -1273.170439 1269.881084 5.675367 0.009671 0.017572 0.998135 -0.057663
1630598053.466065 -1273.713544 1269.193689 5.694172 0.004956 0.017507 0.998171 -0.057642
1630598053.569702 -1274.259824 1268.487881 5.719379 0.002542 0.013273 0.998276 -0.057116
1630598053.673218 -1274.809531 1267.776928 5.737554 0.001432 0.011160 0.998345 -0.056404
1630598053.776856 -1275.371563 1267.063748 5.742506 -0.001363 0.012371 0.998341 -0.056210
1630598053.880371 -1275.930712 1266.340629 5.747862 -0.000316 0.010735 0.998381 -0.055853
1630598053.984131 -1276.497727 1265.611373 5.754803 -0.000971 0.010958 0.998423 -0.055048
1630598054.087891 -1277.072439 1264.879043 5.758439 -0.002106 0.010947 0.998451 -0.054517
1630598054.191528 -1277.657781 1264.138391 5.762974 -0.005115 0.009900 0.998504 -0.053537
1630598054.295166 -1278.251033 1263.390966 5.764509 -0.008132 0.007836 0.998545 -0.052727
1630598054.398926 -1278.840937 1262.639960 5.762796 -0.008147 0.006867 0.998586 -0.052082
1630598054.502808 -1279.435331 1261.890320 5.754935 -0.007075 0.009842 0.998596 -0.051567
1630598054.606568 -1280.036271 1261.133954 5.746501 -0.005922 0.012118 0.998606 -0.051030
1630598054.710449 -1280.648096 1260.361129 5.744957 -0.005986 0.011477 0.998663 -0.050051
1630598054.814209 -1281.267831 1259.577008 5.745874 -0.006593 0.008640 0.998722 -0.049367
1630598054.917969 -1281.895427 1258.787718 5.742868 -0.007351 0.007280 0.998755 -0.048802
1630598055.021607 -1282.528818 1257.995592 5.735026 -0.007366 0.006912 0.998785 -0.048228
1630598055.125366 -1283.170441 1257.197776 5.725166 -0.007610 0.007439 0.998813 -0.047542
1630598055.229248 -1283.818984 1256.391531 5.715785 -0.007806 0.006990 0.998852 -0.046738
1630598055.332764 -1284.473888 1255.583070 5.706927 -0.010251 0.006412 0.998875 -0.045864
1630598055.436524 -1285.131376 1254.771054 5.697702 -0.010492 0.005480 0.998910 -0.045157
1630598055.540039 -1285.786513 1253.961763 5.687007 -0.010153 0.004664 0.998955 -0.044329
1630598055.643799 -1286.446206 1253.151281 5.675244 -0.008951 0.005013 0.998996 -0.043613
1630598055.747315 -1287.108840 1252.339463 5.665747 -0.010063 0.003829 0.999024 -0.042843
1630598055.851074 -1287.774695 1251.524873 5.654571 -0.010336 0.003071 0.999059 -0.042007
1630598055.954712 -1288.442302 1250.712816 5.639982 -0.010638 0.002855 0.999089 -0.041236
1630598056.058350 -1289.112362 1249.900329 5.623293 -0.010756 0.002636 0.999111 -0.040669
1630598056.161865 -1289.785628 1249.086930 5.606124 -0.011489 0.002562 0.999112 -0.040467
1630598056.265747 -1290.465946 1248.268440 5.587485 -0.012728 0.002406 0.999089 -0.040654
1630598056.369385 -1291.150256 1247.448105 5.566375 -0.016139 0.002675 0.999025 -0.041012
1630598056.473023 -1291.828337 1246.621826 5.544772 -0.015910 0.002327 0.998996 -0.041805
1630598056.576660 -1292.503163 1245.794023 5.521427 -0.014956 0.001968 0.998967 -0.042862
1630598056.680420 -1293.178712 1244.961716 5.497470 -0.012870 0.002630 0.998958 -0.043707
1630598056.784180 -1293.858935 1244.122908 5.476578 -0.013382 0.002134 0.998927 -0.044276
1630598056.887818 -1294.540481 1243.280333 5.456044 -0.013843 0.001659 0.998894 -0.044899
1630598056.991699 -1295.223404 1242.433629 5.433981 -0.013282 0.001263 0.998868 -0.045665
1630598057.095459 -1295.905638 1241.585842 5.410708 -0.012314 0.001505 0.998850 -0.046310
1630598057.199219 -1296.589689 1240.733203 5.388149 -0.011628 0.001681 0.998855 -0.046380
1630598057.302979 -1297.277081 1239.874628 5.367590 -0.011212 0.000488 0.998882 -0.045913
1630598057.406860 -1297.969854 1239.012953 5.346871 -0.011472 -0.000632 0.998898 -0.045505
1630598057.510620 -1298.665018 1238.151967 5.324002 -0.011451 -0.001233 0.998909 -0.045253
1630598057.614258 -1299.362874 1237.291773 5.299265 -0.011951 -0.001185 0.998917 -0.044955
1630598057.718018 -1300.064902 1236.427967 5.273119 -0.012494 -0.001119 0.998930 -0.044512
1630598057.821777 -1300.772846 1235.559713 5.245378 -0.013696 -0.002791 0.998929 -0.044111
1630598057.925415 -1301.484863 1234.692380 5.216049 -0.016498 -0.003006 0.998907 -0.043639
1630598058.029053 -1302.189441 1233.823660 5.184847 -0.015036 -0.003540 0.998943 -0.043293
1630598058.132813 -1302.898378 1232.957297 5.150476 -0.014572 -0.001166 0.998966 -0.043039
1630598058.236328 -1303.609690 1232.085098 5.120780 -0.014170 -0.002010 0.998984 -0.042742
1630598058.340088 -1304.326219 1231.206016 5.092135 -0.015047 -0.003491 0.998984 -0.042348
1630598058.443482 -1305.042528 1230.330465 5.060091 -0.015576 -0.004256 0.998982 -0.042120
1630598058.547119 -1305.762200 1229.454177 5.024559 -0.016002 -0.004379 0.998988 -0.041815
1630598058.650757 -1306.483758 1228.578148 4.987782 -0.016228 -0.003766 0.999004 -0.041402
1630598058.754395 -1307.206864 1227.701053 4.951722 -0.016280 -0.003656 0.999018 -0.041040
1630598058.858032 -1307.931953 1226.823290 4.916484 -0.016664 -0.003214 0.999029 -0.040647
1630598058.961792 -1308.658462 1225.943493 4.881985 -0.016819 -0.003110 0.999043 -0.040249
1630598059.065430 -1309.384853 1225.064438 4.847649 -0.016892 -0.003025 0.999057 -0.039878
1630598059.169190 -1310.117486 1224.188124 4.812260 -0.018962 -0.001459 0.999048 -0.039259
1630598059.273071 -1310.845883 1223.308089 4.778125 -0.016988 -0.002694 0.999096 -0.038876
1630598059.376831 -1311.573941 1222.430933 4.745103 -0.016392 -0.001570 0.999118 -0.038635
1630598059.480591 -1312.304157 1221.553147 4.713744 -0.015816 -0.001268 0.999138 -0.038361
1630598059.584351 -1313.035180 1220.672507 4.683803 -0.015284 -0.001839 0.999166 -0.037809
1630598059.688233 -1313.765528 1219.788692 4.654207 -0.014200 -0.003747 0.999189 -0.037486
1630598059.791870 -1314.497104 1218.909166 4.622636 -0.014075 -0.003643 0.999193 -0.037435
1630598059.895630 -1315.231302 1218.027023 4.590452 -0.014158 -0.004832 0.999178 -0.037667
1630598059.999390 -1315.968355 1217.143934 4.556357 -0.014958 -0.005109 0.999139 -0.038346
1630598060.103150 -1316.707746 1216.256075 4.518678 -0.017786 -0.006099 0.999048 -0.039358
1630598060.206787 -1317.438944 1215.364383 4.479607 -0.017570 -0.008094 0.998982 -0.040761
1630598060.310425 -1318.162468 1214.476818 4.439152 -0.014212 -0.005908 0.998992 -0.042159
1630598060.414063 -1318.883192 1213.586835 4.401206 -0.010743 -0.003834 0.998991 -0.043437
1630598060.517700 -1319.611025 1212.685133 4.372361 -0.009436 -0.003944 0.998947 -0.044734
1630598060.621338 -1320.347720 1211.774098 4.345829 -0.011973 -0.005580 0.998836 -0.046383
1630598060.724976 -1321.079344 1210.854103 4.315622 -0.012407 -0.008053 0.998708 -0.048612
1630598060.828491 -1321.805881 1209.931845 4.277385 -0.012599 -0.008306 0.998597 -0.050765
1630598060.932129 -1322.529800 1209.004100 4.235767 -0.009819 -0.008963 0.998516 -0.052804
1630598061.035767 -1323.253397 1208.075782 4.196716 -0.009136 -0.007635 0.998443 -0.054490
1630598061.139649 -1323.982681 1207.145825 4.162977 -0.009190 -0.003024 0.998337 -0.056828
1630598061.243164 -1324.713765 1206.211205 4.138022 -0.010799 0.000211 0.998149 -0.059851
1630598061.346924 -1325.445483 1205.257716 4.115400 -0.012696 0.000141 0.997943 -0.062832
1630598061.450684 -1326.169196 1204.292989 4.092920 -0.015164 -0.001574 0.997724 -0.065678
1630598061.554443 -1326.881838 1203.324325 4.061747 -0.014083 -0.001131 0.997557 -0.068411
1630598061.658203 -1327.592342 1202.348161 4.029302 -0.013850 -0.001103 0.997364 -0.071221
1630598061.761963 -1328.303091 1201.362632 3.997724 -0.014843 -0.001466 0.997143 -0.074056
1630598061.865845 -1329.012810 1200.368738 3.965819 -0.016405 -0.002222 0.996893 -0.077011
1630598061.969605 -1329.717152 1199.370985 3.931072 -0.017382 -0.002236 0.996650 -0.079884
1630598062.073364 -1330.417668 1198.368545 3.893940 -0.018497 -0.001697 0.996420 -0.082481
1630598062.177124 -1331.111787 1197.360955 3.857281 -0.018566 -0.000962 0.996193 -0.085168
1630598062.280884 -1331.798487 1196.348925 3.822137 -0.017255 -0.000202 0.995962 -0.088102
1630598062.384766 -1332.480946 1195.329971 3.790099 -0.016266 0.000696 0.995715 -0.091030
1630598062.488281 -1333.152966 1194.305432 3.762731 -0.014372 -0.000261 0.995466 -0.094027
1630598062.592041 -1333.824749 1193.273254 3.735950 -0.014313 -0.000943 0.995160 -0.097210
1630598062.695557 -1334.497073 1192.242160 3.708159 -0.017836 0.000741 0.994817 -0.100103
1630598062.799317 -1335.157149 1191.204505 3.679557 -0.018286 -0.000043 0.994452 -0.103592
1630598062.902832 -1335.802175 1190.169195 3.649761 -0.016092 0.000791 0.994038 -0.107835
1630598063.006592 -1336.443302 1189.125402 3.623309 -0.015053 0.002174 0.993569 -0.112202
1630598063.110108 -1337.072833 1188.069997 3.601380 -0.015267 -0.000041 0.993130 -0.116013
1630598063.213623 -1337.691954 1187.009064 3.579083 -0.014750 -0.001958 0.992663 -0.119997
1630598063.317383 -1338.304270 1185.947049 3.551625 -0.013724 -0.001428 0.992160 -0.124212
1630598063.421021 -1338.910435 1184.884555 3.523317 -0.013604 0.000458 0.991627 -0.128419
1630598063.524658 -1339.513835 1183.816129 3.497734 -0.015040 0.002269 0.991079 -0.132408
1630598063.628418 -1340.111242 1182.733998 3.473785 -0.016928 0.003060 0.990487 -0.136527
1630598063.732178 -1340.694990 1181.638799 3.449991 -0.017597 -0.000119 0.989826 -0.141188
1630598063.835938 -1341.269469 1180.538862 3.420809 -0.017004 0.000370 0.989169 -0.145795
1630598063.939697 -1341.833718 1179.429126 3.389098 -0.015147 0.000860 0.988584 -0.149902
1630598064.043579 -1342.394673 1178.306933 3.359133 -0.014633 0.002414 0.987966 -0.153958
1630598064.147339 -1342.951353 1177.175047 3.332820 -0.014486 0.003311 0.987282 -0.158282
1630598064.251221 -1343.506550 1176.030060 3.308414 -0.015384 0.004447 0.986547 -0.162690
1630598064.354981 -1344.056624 1174.871235 3.285368 -0.017450 0.003868 0.985794 -0.167005
1630598064.458740 -1344.595927 1173.699957 3.260726 -0.018161 0.003161 0.985048 -0.171292
1630598064.562500 -1345.118742 1172.520219 3.233698 -0.015825 0.002044 0.984352 -0.175488
1630598064.666138 -1345.633387 1171.333099 3.205968 -0.013121 0.003177 0.983745 -0.179063
1630598064.769776 -1346.144082 1170.131320 3.183636 -0.011777 0.002384 0.983240 -0.181918
1630598064.873657 -1346.655214 1168.915966 3.163371 -0.011355 0.001082 0.982704 -0.184834
1630598064.977295 -1347.165629 1167.697627 3.141976 -0.012081 0.000778 0.982102 -0.187960
1630598065.081055 -1347.673063 1166.472954 3.118595 -0.014106 0.000680 0.981436 -0.191269
1630598065.184570 -1348.172642 1165.246016 3.093100 -0.015958 0.001105 0.980640 -0.195163
1630598065.288208 -1348.660656 1164.011788 3.066478 -0.017593 0.001735 0.979701 -0.199682
1630598065.391846 -1349.129364 1162.772318 3.040899 -0.015780 0.001980 0.978789 -0.204252
1630598065.495361 -1349.586533 1161.529847 3.017685 -0.014499 0.002832 0.977870 -0.208689
1630598065.598999 -1350.035309 1160.277930 2.998514 -0.014713 0.002648 0.976864 -0.213340
1630598065.702515 -1350.474771 1159.022483 2.980664 -0.016130 0.002209 0.975621 -0.218859
1630598065.806152 -1350.900663 1157.763571 2.960369 -0.017037 0.002369 0.974246 -0.224833
1630598065.909790 -1351.307811 1156.501841 2.938894 -0.017101 0.002514 0.972883 -0.230651
1630598066.013428 -1351.693919 1155.236732 2.918180 -0.015558 0.002367 0.971537 -0.236366
1630598066.117188 -1352.063632 1153.964699 2.898113 -0.014186 0.001928 0.970161 -0.242038
1630598066.220947 -1352.423185 1152.684925 2.878379 -0.016632 0.000612 0.968733 -0.247549
1630598066.324707 -1352.765282 1151.404869 2.857269 -0.015818 -0.002896 0.967273 -0.253227
1630598066.428467 -1353.092572 1150.132826 2.832494 -0.014461 -0.000645 0.965702 -0.259251
1630598066.532349 -1353.403660 1148.859261 2.810161 -0.012298 0.000502 0.964127 -0.265155
1630598066.636109 -1353.699318 1147.581674 2.793024 -0.011480 0.001385 0.962601 -0.270675
1630598066.739868 -1353.980165 1146.300041 2.779591 -0.012107 0.000710 0.961013 -0.276236
1630598066.843872 -1354.245380 1145.016211 2.765511 -0.011718 0.000913 0.959295 -0.282160
1630598066.947632 -1354.496909 1143.735343 2.750105 -0.012805 0.001107 0.957495 -0.288164
1630598067.051392 -1354.734087 1142.451663 2.734094 -0.014120 0.000775 0.955675 -0.294083
1630598067.155151 -1354.954002 1141.165488 2.716180 -0.015751 -0.000440 0.953856 -0.299851
1630598067.258911 -1355.160000 1139.879984 2.693789 -0.019263 -0.000607 0.952000 -0.305490
1630598067.362549 -1355.344241 1138.600111 2.668625 -0.017551 -0.001935 0.950201 -0.311138
1630598067.466187 -1355.517202 1137.325032 2.642549 -0.016811 0.001871 0.948267 -0.317024
1630598067.569824 -1355.674555 1136.045087 2.622327 -0.016869 0.002539 0.946449 -0.322404
1630598067.673462 -1355.814717 1134.759260 2.606890 -0.016899 0.002977 0.944667 -0.327581
1630598067.776856 -1355.937523 1133.472754 2.591740 -0.016678 0.001907 0.942788 -0.332970
1630598067.880615 -1356.044750 1132.181497 2.574800 -0.015125 0.001885 0.940875 -0.338411
1630598067.984253 -1356.138043 1130.890421 2.556556 -0.014203 0.002640 0.938967 -0.343705
1630598068.087769 -1356.217859 1129.595934 2.540364 -0.014155 0.002745 0.937052 -0.348893
1630598068.191284 -1356.279955 1128.295915 2.525661 -0.011396 0.000378 0.935111 -0.354173
1630598068.295044 -1356.332778 1126.992424 2.511545 -0.012505 0.000777 0.933154 -0.359259
1630598068.398682 -1356.370056 1125.693720 2.497458 -0.010198 0.002525 0.931182 -0.364403
1630598068.502442 -1356.397771 1124.389442 2.486103 -0.011831 0.003981 0.929161 -0.369464
1630598068.606323 -1356.408834 1123.075721 2.479222 -0.012514 0.003220 0.927189 -0.374372
1630598068.710083 -1356.404642 1121.762010 2.470738 -0.012415 0.001630 0.925204 -0.379263
1630598068.813843 -1356.386500 1120.450679 2.457704 -0.011904 0.001526 0.923257 -0.383995
1630598068.917725 -1356.354806 1119.139253 2.443678 -0.011206 0.001770 0.921398 -0.388455
1630598069.021485 -1356.311298 1117.830050 2.431405 -0.010645 0.002381 0.919616 -0.392667
1630598069.125244 -1356.256514 1116.521002 2.422068 -0.010271 0.002798 0.917853 -0.396777
1630598069.229126 -1356.188744 1115.210807 2.415150 -0.009359 0.002559 0.916017 -0.401022
1630598069.332886 -1356.109367 1113.902554 2.408897 -0.009257 0.002348 0.914152 -0.405258
1630598069.436646 -1356.016847 1112.596520 2.402506 -0.008583 0.001821 0.912242 -0.409558
1630598069.540283 -1355.916834 1111.292208 2.393679 -0.010901 0.001508 0.910364 -0.413661
1630598069.644043 -1355.801622 1109.989700 2.385310 -0.010062 0.000766 0.908493 -0.417778
1630598069.747559 -1355.675036 1108.698002 2.375196 -0.009196 0.000740 0.906523 -0.422057
1630598069.851318 -1355.535821 1107.407522 2.366290 -0.007842 0.001703 0.904597 -0.426192
1630598069.954834 -1355.384057 1106.120896 2.360097 -0.007470 0.001187 0.902690 -0.430226
1630598070.058472 -1355.225315 1104.832147 2.353289 -0.009636 0.000106 0.900814 -0.434097
1630598070.162110 -1355.054872 1103.548943 2.344657 -0.010135 -0.000906 0.898875 -0.438086
1630598070.265625 -1354.871852 1102.276298 2.331930 -0.008981 -0.000726 0.896863 -0.442217
1630598070.369385 -1354.679553 1101.004159 2.319123 -0.008824 -0.000916 0.894975 -0.446028
1630598070.472901 -1354.475370 1099.736792 2.307719 -0.008363 -0.001784 0.893266 -0.449448
1630598070.576660 -1354.260255 1098.468892 2.294984 -0.008119 -0.003889 0.891499 -0.452934
1630598070.680298 -1354.038721 1097.208383 2.278614 -0.008739 -0.004771 0.889658 -0.456520
1630598070.783936 -1353.809775 1095.956142 2.258247 -0.009135 -0.003957 0.887837 -0.460050
1630598070.887695 -1353.573820 1094.707245 2.237826 -0.010471 -0.002649 0.886053 -0.463457
1630598070.991577 -1353.327160 1093.460264 2.220566 -0.010958 -0.001535 0.884270 -0.466845
1630598071.095337 -1353.070398 1092.218046 2.205886 -0.011429 -0.001719 0.882478 -0.470211
1630598071.199097 -1352.803699 1090.980587 2.192320 -0.011549 -0.001644 0.880607 -0.473703
1630598071.302979 -1352.526943 1089.748553 2.178648 -0.011065 -0.001432 0.878766 -0.477122
1630598071.406738 -1352.243063 1088.524080 2.164984 -0.011287 -0.000462 0.876900 -0.480540
1630598071.510620 -1351.951816 1087.301433 2.152232 -0.012421 -0.000318 0.874909 -0.484127
1630598071.614258 -1351.651979 1086.088222 2.141602 -0.013846 -0.000243 0.872615 -0.488212
1630598071.718018 -1351.339145 1084.885119 2.131411 -0.013801 0.001158 0.869979 -0.492894
1630598071.821777 -1351.011293 1083.690272 2.122583 -0.012638 0.001762 0.867358 -0.497522
1630598071.925415 -1350.669502 1082.502132 2.116982 0.011698 -0.000926 -0.864894 0.501818
1630598072.029053 -1350.317597 1081.318120 2.109664 0.012598 0.001055 -0.862459 0.505969
1630598072.132691 -1349.954260 1080.142433 2.099148 0.011242 0.003418 -0.859889 0.510347
1630598072.236084 -1349.584238 1078.984389 2.084585 0.010252 0.003971 -0.857177 0.514904
1630598072.339844 -1349.202679 1077.842409 2.069903 0.006963 0.000460 -0.854551 0.519320
1630598072.443482 -1348.810002 1076.708749 2.059048 0.004376 -0.001772 -0.851910 0.523667
1630598072.547119 -1348.404140 1075.574203 2.058799 0.003127 0.000274 -0.849179 0.528097
1630598072.650879 -1347.988863 1074.445512 2.060714 0.002649 0.003285 -0.846406 0.532522
1630598072.754639 -1347.573395 1073.329966 2.055252 0.003728 0.003271 -0.843645 0.536879
1630598072.858276 -1347.160238 1072.226838 2.044023 0.007954 0.000745 -0.840935 0.541077
1630598072.961914 -1346.733746 1071.136384 2.034090 0.009585 -0.001074 -0.838178 0.545312
1630598073.065796 -1346.291253 1070.055696 2.029406 0.008130 -0.001175 -0.835427 0.549540
1630598073.169556 -1345.840863 1068.986632 2.028211 0.008775 -0.001313 -0.832759 0.553565
1630598073.273316 -1345.376871 1067.928648 2.029439 0.006963 0.000541 -0.830338 0.557216
1630598073.377197 -1344.908928 1066.879670 2.026985 0.006803 0.002844 -0.827685 0.561145
1630598073.480957 -1344.438586 1065.846584 2.019647 0.007229 0.003475 -0.824940 0.565164
1630598073.584595 -1343.969146 1064.829296 2.007846 0.009067 0.002789 -0.822207 0.569109
1630598073.688355 -1343.494427 1063.824573 1.996383 0.010628 0.001804 -0.819598 0.572838
1630598073.791992 -1343.012915 1062.834757 1.987534 0.011627 0.001808 -0.817038 0.576463
1630598073.895752 -1342.523761 1061.859892 1.980431 0.011536 0.002019 -0.814452 0.580112
1630598073.999512 -1342.030621 1060.902056 1.974151 0.010295 0.001376 -0.811950 0.583634
1630598074.103150 -1341.536851 1059.959014 1.966978 0.009673 0.001286 -0.809663 0.586814
1630598074.206787 -1341.041852 1059.028801 1.961685 0.010007 0.001722 -0.807469 0.589822
1630598074.310303 -1340.549235 1058.115959 1.956894 0.011020 0.001797 -0.805329 0.592723
1630598074.414063 -1340.057490 1057.218630 1.950940 0.011731 0.000660 -0.803098 0.595731
1630598074.517578 -1339.567619 1056.338904 1.945936 0.012393 0.000072 -0.800871 0.598708
1630598074.621338 -1339.073220 1055.473270 1.943757 0.011711 0.000065 -0.798668 0.601658
1630598074.724854 -1338.579379 1054.622714 1.940776 0.011957 0.000921 -0.796578 0.604417
1630598074.828613 -1338.084124 1053.781593 1.936228 0.012550 0.002589 -0.794432 0.607217
1630598074.932129 -1337.588273 1052.960796 1.930836 0.011683 0.004432 -0.792334 0.609960
1630598075.035889 -1337.095859 1052.157003 1.922819 0.011041 0.003209 -0.790175 0.612773
1630598075.139649 -1336.608031 1051.367944 1.913594 0.011710 0.001179 -0.788007 0.615554
1630598075.243286 -1336.117118 1050.591777 1.907099 0.010902 0.000627 -0.785971 0.618167
1630598075.347046 -1335.623784 1049.823359 1.904512 0.010214 0.001056 -0.783837 0.620882
1630598075.450806 -1335.128699 1049.064561 1.901605 0.009277 0.001817 -0.781564 0.623753
1630598075.554566 -1334.629121 1048.316812 1.895885 0.007671 0.002456 -0.779323 0.626571
1630598075.658447 -1334.130722 1047.576602 1.889151 0.007006 0.002785 -0.777041 0.629404
1630598075.762207 -1333.638243 1046.849167 1.883214 0.007529 0.002772 -0.774822 0.632128
1630598075.865845 -1333.148184 1046.137220 1.876897 0.007528 0.000158 -0.772692 0.634736
1630598075.969727 -1332.656573 1045.433737 1.870730 0.008123 -0.000824 -0.770646 0.637211
1630598076.073486 -1332.163222 1044.739564 1.870617 0.008166 -0.000178 -0.768266 0.640078
1630598076.177124 -1331.673085 1044.055803 1.871704 0.009697 0.002230 -0.766084 0.642663
1630598076.280762 -1331.185231 1043.390497 1.868844 0.008817 0.003286 -0.763980 0.645172
1630598076.384522 -1330.701115 1042.742875 1.863424 0.007993 0.003484 -0.761900 0.647636
1630598076.488037 -1330.224322 1042.114019 1.856503 0.007025 0.002677 -0.759902 0.649994
1630598076.591797 -1329.753006 1041.498305 1.850823 0.006197 0.002425 -0.757966 0.652260
1630598076.695435 -1329.289630 1040.899232 1.847351 0.005800 0.002411 -0.756221 0.654286
1630598076.799194 -1328.834668 1040.315993 1.844941 0.005772 0.002671 -0.754710 0.656027
1630598076.902832 -1328.391100 1039.749345 1.842101 0.006143 0.002817 -0.753203 0.657754
1630598077.006470 -1327.957986 1039.199808 1.838309 0.006684 0.002637 -0.751767 0.659390
1630598077.110108 -1327.534275 1038.665297 1.834278 0.007964 0.002930 -0.750608 0.660693
1630598077.213745 -1327.115577 1038.145923 1.830053 0.007763 0.005085 -0.749347 0.662112
1630598077.317505 -1326.705632 1037.642194 1.825101 0.006970 0.006204 -0.748359 0.663229
1630598077.421265 -1326.309459 1037.156862 1.821000 0.006302 0.006983 -0.747910 0.663733
1630598077.524902 -1325.932443 1036.689512 1.818195 0.007027 0.004951 -0.747333 0.664394
1630598077.628662 -1325.570604 1036.237092 1.812748 0.009278 0.002271 -0.746744 0.665043
1630598077.732544 -1325.215153 1035.800490 1.804378 0.009186 0.001085 -0.746377 0.665459
1630598077.836182 -1324.867018 1035.380948 1.798150 0.008236 0.001699 -0.746003 0.665890
1630598077.939942 -1324.527468 1034.975871 1.798303 0.007104 0.004115 -0.745400 0.666566
1630598078.043701 -1324.203542 1034.585660 1.802361 0.007123 0.007093 -0.744612 0.667422
1630598078.147217 -1323.897816 1034.218237 1.801745 0.007042 0.008371 -0.743970 0.668123
1630598078.250977 -1323.606412 1033.874824 1.795261 0.005769 0.007924 -0.743494 0.668671
1630598078.354736 -1323.334584 1033.550294 1.787962 0.005849 0.006217 -0.743058 0.669172
1630598078.458374 -1323.082149 1033.239717 1.782930 0.007350 0.004309 -0.742501 0.669791
1630598078.562012 -1322.846422 1032.942769 1.780195 0.010601 0.002920 -0.741881 0.670441
1630598078.665650 -1322.618131 1032.665145 1.777595 0.011940 0.002894 -0.741224 0.671145
1630598078.769287 -1322.393322 1032.410083 1.773701 0.010570 0.003708 -0.740460 0.672007
1630598078.872803 -1322.176259 1032.176938 1.768417 0.007512 0.004152 -0.739869 0.672696
1630598078.976563 -1321.974987 1031.956856 1.764978 0.005515 0.004432 -0.739275 0.673366
1630598079.080322 -1321.795512 1031.743326 1.764175 0.006504 0.005208 -0.738315 0.674405
1630598079.183960 -1321.634519 1031.541602 1.764950 0.009075 0.006121 -0.737476 0.675284
1630598079.287598 -1321.486208 1031.359277 1.765195 0.011301 0.006425 -0.737038 0.675726
1630598079.391358 -1321.347714 1031.199869 1.765280 0.011418 0.006511 -0.736596 0.676205
1630598079.495117 -1321.221576 1031.060263 1.765302 0.010647 0.006226 -0.735936 0.676939
1630598079.598877 -1321.107885 1030.935810 1.764794 0.009632 0.005860 -0.735462 0.677472
1630598079.702515 -1321.005021 1030.823414 1.761813 0.008786 0.004478 -0.735583 0.677363
1630598079.806397 -1320.909162 1030.717439 1.757498 0.008303 0.002334 -0.735868 0.677070
1630598079.910156 -1320.818077 1030.612755 1.755380 0.008054 0.001133 -0.735806 0.677144
1630598080.013916 -1320.728391 1030.507046 1.753514 0.008446 0.000068 -0.735903 0.677034
1630598080.117676 -1320.635673 1030.399584 1.751669 0.008537 -0.000777 -0.736165 0.676748
1630598080.221436 -1320.538676 1030.289533 1.750812 0.008213 -0.000900 -0.736339 0.676562
1630598080.325073 -1320.438934 1030.177000 1.749872 0.007694 -0.000732 -0.736306 0.676604
1630598080.428833 -1320.337830 1030.061776 1.748167 0.007415 -0.000680 -0.736412 0.676492
1630598080.532471 -1320.236440 1029.944081 1.745796 0.007476 -0.000885 -0.736598 0.676289
1630598080.636231 -1320.134016 1029.824278 1.743720 0.007692 -0.001299 -0.736698 0.676177
1630598080.739746 -1320.029037 1029.703431 1.742062 0.007610 -0.001767 -0.736806 0.676060
1630598080.843506 -1319.919953 1029.579748 1.740155 0.007204 -0.002311 -0.736964 0.675890
1630598080.947022 -1319.807198 1029.451458 1.738354 0.006782 -0.002724 -0.737097 0.675747
1630598081.050781 -1319.689832 1029.316045 1.737075 0.006717 -0.003093 -0.737215 0.675618
1630598081.154419 -1319.566188 1029.172346 1.736197 0.006823 -0.003576 -0.737360 0.675456
1630598081.258057 -1319.433246 1029.018948 1.735330 0.006708 -0.004251 -0.737459 0.675346
1630598081.361694 -1319.289125 1028.854118 1.734392 0.006417 -0.005057 -0.737447 0.675356
1630598081.465332 -1319.133103 1028.675402 1.733667 0.006137 -0.006103 -0.737412 0.675387
1630598081.568970 -1318.962175 1028.479920 1.732500 0.005750 -0.007055 -0.737419 0.675374
1630598081.672730 -1318.773803 1028.265430 1.730779 0.005219 -0.007065 -0.737243 0.675571
1630598081.776489 -1318.569831 1028.033159 1.728872 0.004913 -0.006325 -0.736912 0.675941
1630598081.880249 -1318.352640 1027.785592 1.727102 0.004788 -0.005965 -0.736454 0.676445
1630598081.984009 -1318.122331 1027.523023 1.725770 0.004967 -0.006091 -0.735657 0.677308
1630598082.087769 -1317.877381 1027.245661 1.724582 0.005059 -0.006164 -0.734546 0.678512
1630598082.191406 -1317.616568 1026.954573 1.723464 0.004752 -0.006000 -0.733340 0.679819
1630598082.295288 -1317.338489 1026.648401 1.724020 0.004102 -0.005189 -0.732015 0.681256
1630598082.399048 -1317.044402 1026.329611 1.723572 0.002989 -0.004609 -0.730663 0.682716
1630598082.502686 -1316.734360 1025.999222 1.719679 0.001257 -0.004708 -0.729252 0.684228
1630598082.606445 -1316.408313 1025.651146 1.714432 -0.001035 -0.003705 -0.727580 0.686012
1630598082.710205 -1316.074496 1025.286202 1.711573 0.000951 -0.003816 -0.725971 0.687714
1630598082.813843 -1315.726568 1024.911556 1.711627 0.002262 -0.006202 -0.724078 0.689687
1630598082.917725 -1315.356715 1024.525431 1.711764 0.002109 -0.007954 -0.721725 0.692131
1630598083.021240 -1314.964199 1024.130919 1.709277 -0.000084 -0.009217 -0.718865 0.695089
1630598083.125000 -1314.552353 1023.723390 1.702835 -0.001413 -0.010715 -0.715736 0.698287
1630598083.228516 -1314.123586 1023.299064 1.702557 -0.001553 -0.010056 -0.712173 0.701931
1630598083.332276 -1313.675385 1022.858771 1.708891 -0.000929 -0.008050 -0.708813 0.705350
1630598083.435791 -1313.212655 1022.408943 1.714437 0.000864 -0.004914 -0.705379 0.708813
1630598083.539429 -1312.735886 1021.954284 1.714748 0.001923 -0.002679 -0.701541 0.712621
1630598083.643067 -1312.247753 1021.499723 1.711616 0.004188 -0.002148 -0.697882 0.716197
1630598083.746826 -1311.739350 1021.051757 1.709389 0.001647 -0.004469 -0.694126 0.719838
1630598083.850586 -1311.219363 1020.602029 1.707901 0.000654 -0.008075 -0.689972 0.723791
1630598083.954224 -1310.691029 1020.139849 1.705616 0.003456 -0.011158 -0.685537 0.727944
1630598084.057861 -1310.144422 1019.667139 1.706471 0.006559 -0.011986 -0.680901 0.732248
1630598084.161621 -1309.569571 1019.192985 1.713058 0.007542 -0.011014 -0.677063 0.735804
1630598084.265503 -1308.967484 1018.715309 1.723842 0.006741 -0.007697 -0.673062 0.739516
1630598084.369263 -1308.346087 1018.236045 1.729183 0.004421 -0.004856 -0.668495 0.743687
1630598084.472901 -1307.709690 1017.751554 1.727538 0.004206 -0.002420 -0.664286 0.747463
1630598084.576782 -1307.055888 1017.262015 1.722087 0.003938 -0.001381 -0.660573 0.750750
1630598084.680542 -1306.385893 1016.773546 1.715666 0.002886 -0.002136 -0.657291 0.753629
1630598084.784424 -1305.698099 1016.280715 1.707550 0.002213 -0.003736 -0.654383 0.756151
1630598084.888184 -1304.992909 1015.775850 1.697915 0.003340 -0.003486 -0.651968 0.758231
1630598084.991943 -1304.266590 1015.268944 1.693341 0.000843 -0.002544 -0.649957 0.759966
1630598085.095825 -1303.525881 1014.759381 1.691833 -0.000712 -0.001776 -0.647992 0.761645
1630598085.199463 -1302.784756 1014.242608 1.686005 0.000680 -0.002864 -0.645669 0.763611
1630598085.303223 -1302.031944 1013.717139 1.679450 0.004046 -0.003662 -0.643642 0.765308
1630598085.406860 -1301.259752 1013.195004 1.674673 0.004111 -0.001921 -0.641856 0.766812
1630598085.510620 -1300.472162 1012.670389 1.671141 0.004010 0.001080 -0.639761 0.768563
1630598085.614136 -1299.679547 1012.145696 1.664582 0.004224 0.002615 -0.637409 0.770510
1630598085.717774 -1298.877646 1011.622988 1.653878 0.004627 0.002180 -0.635285 0.772261
1630598085.821411 -1298.063114 1011.103130 1.639954 0.003128 0.001562 -0.633077 0.774081
1630598085.924927 -1297.238496 1010.580489 1.627397 0.003296 0.001388 -0.630847 0.775899
1630598086.028565 -1296.401456 1010.053275 1.615602 0.004599 0.001352 -0.628716 0.777620
1630598086.132080 -1295.552133 1009.525691 1.603418 0.005204 0.000846 -0.626677 0.779261
1630598086.235840 -1294.687335 1008.996163 1.593407 0.005014 0.000928 -0.624331 0.781143
1630598086.339356 -1293.812844 1008.470761 1.583634 0.004193 0.000353 -0.621807 0.783160
1630598086.443115 -1292.927926 1007.947404 1.575344 0.003674 -0.001146 -0.619303 0.785143
1630598086.546753 -1292.035993 1007.424772 1.568683 0.004109 -0.003345 -0.617028 0.786923
1630598086.650513 -1291.130289 1006.900254 1.565016 0.004558 -0.003693 -0.614867 0.788609
1630598086.754151 -1290.210939 1006.375599 1.565186 0.003987 -0.002143 -0.612549 0.790420
1630598086.858032 -1289.282269 1005.846060 1.564060 0.005594 0.000024 -0.610013 0.792371
1630598086.961792 -1288.347620 1005.322030 1.558397 0.006327 0.001097 -0.607523 0.794276
1630598087.065674 -1287.403953 1004.806464 1.550449 0.005992 0.001129 -0.605040 0.796172
1630598087.169434 -1286.453384 1004.300854 1.542348 0.004057 -0.000201 -0.602360 0.798214
1630598087.273316 -1285.494116 1003.794370 1.534330 0.004133 -0.000747 -0.599763 0.800167
1630598087.376953 -1284.528658 1003.287929 1.528768 0.004744 0.000186 -0.597206 0.802073
1630598087.480713 -1283.557534 1002.780725 1.523532 0.007459 0.002372 -0.594248 0.804243
1630598087.584473 -1282.586252 1002.277515 1.518350 0.011519 0.001134 -0.590712 0.806799
1630598087.688110 -1281.611116 1001.783879 1.512347 0.015118 -0.001575 -0.587067 0.809396
1630598087.791748 -1280.622092 1001.308997 1.513257 0.014682 -0.006189 -0.583587 0.811894
1630598087.895508 -1279.615471 1000.840289 1.520431 0.013735 -0.008390 -0.580106 0.814382
1630598087.999024 -1278.595527 1000.378948 1.535383 0.010939 -0.007892 -0.576712 0.816836
1630598088.102783 -1277.563898 999.927088 1.552953 0.007978 -0.008303 -0.573306 0.819260
1630598088.206299 -1276.529729 999.482520 1.566974 0.005614 -0.009707 -0.569651 0.821810
1630598088.310059 -1275.484158 999.038918 1.580287 0.004500 -0.010522 -0.566001 0.824325
1630598088.413574 -1274.429881 998.600532 1.595471 0.003390 -0.009745 -0.562605 0.826662
1630598088.517334 -1273.364100 998.164890 1.609378 0.003506 -0.008915 -0.559219 0.828965
1630598088.620972 -1272.290329 997.734886 1.621625 0.003469 -0.007359 -0.555664 0.831367
1630598088.724854 -1271.207186 997.307600 1.631080 0.004415 -0.005930 -0.551882 0.833889
1630598088.828491 -1270.120689 996.887969 1.637940 0.006311 -0.005709 -0.548262 0.836263
1630598088.932129 -1269.023058 996.475910 1.641607 0.007563 -0.005153 -0.544919 0.838439
1630598089.035889 -1267.914604 996.075176 1.648763 0.007088 -0.003554 -0.541333 0.840771
1630598089.139771 -1266.802205 995.683525 1.653922 0.007839 -0.006219 -0.537498 0.843206
1630598089.243408 -1265.684107 995.299840 1.663256 0.008968 -0.007560 -0.533872 0.845484
1630598089.347168 -1264.552086 994.924175 1.676706 0.009124 -0.008570 -0.530466 0.847614
1630598089.450928 -1263.406798 994.554082 1.691368 0.009051 -0.006820 -0.526884 0.849861
1630598089.554688 -1262.253857 994.190186 1.704851 0.009414 -0.004948 -0.523234 0.852123
1630598089.658447 -1261.095003 993.835396 1.713056 0.009010 -0.004661 -0.519627 0.854333
1630598089.762085 -1259.929429 993.486757 1.719608 0.010807 -0.003730 -0.516115 0.856443
1630598089.865845 -1258.753528 993.152817 1.726501 0.008848 -0.003898 -0.512601 0.858572
1630598089.969483 -1257.574322 992.828519 1.732699 0.008386 -0.005058 -0.509109 0.860647
1630598090.073242 -1256.384672 992.507883 1.738689 0.010245 -0.004905 -0.505770 0.862594
1630598090.176758 -1255.190002 992.196311 1.748990 0.009869 -0.004668 -0.502474 0.864523
1630598090.280518 -1253.990862 991.889718 1.758674 0.011241 -0.006155 -0.498959 0.866531
1630598090.384155 -1252.786184 991.589147 1.771959 0.013460 -0.007536 -0.495242 0.868618
1630598090.487793 -1251.571274 991.300577 1.790496 0.013016 -0.008049 -0.491710 0.870625
1630598090.591431 -1250.348392 991.021123 1.810096 0.013446 -0.008461 -0.488199 0.872588
1630598090.695068 -1249.118097 990.751827 1.830508 0.013732 -0.008244 -0.484727 0.874519
1630598090.798828 -1247.881673 990.494054 1.851384 0.013060 -0.009157 -0.481118 0.876511
1630598090.902588 -1246.640985 990.244748 1.873508 0.013154 -0.010041 -0.477324 0.878572
1630598091.006226 -1245.395472 990.004898 1.898361 0.013202 -0.009629 -0.473660 0.880556
1630598091.109863 -1244.145446 989.774583 1.924248 0.013099 -0.008731 -0.470082 0.882482
1630598091.213623 -1242.892613 989.554274 1.949111 0.013242 -0.008630 -0.466289 0.884491
1630598091.317505 -1241.637975 989.343652 1.972971 0.013814 -0.009225 -0.462269 0.886584
1630598091.421143 -1240.384210 989.144208 1.998032 0.014814 -0.010101 -0.458224 0.888656
1630598091.524902 -1239.124542 988.955863 2.025384 0.015435 -0.010290 -0.454114 0.890750
1630598091.628662 -1237.860234 988.778207 2.054622 0.016299 -0.009204 -0.449716 0.892975
1630598091.732300 -1236.595892 988.615189 2.084144 0.016390 -0.008943 -0.444962 0.895355
1630598091.835938 -1235.332505 988.467300 2.112955 0.016374 -0.009832 -0.440071 0.897760
1630598091.939697 -1234.066722 988.334022 2.142777 0.016570 -0.011268 -0.435249 0.900087
1630598092.043457 -1232.794504 988.211941 2.174458 0.017841 -0.010762 -0.430799 0.902208
1630598092.147217 -1231.514550 988.104871 2.206876 0.015407 -0.009082 -0.426240 0.904433
1630598092.250855 -1230.238456 988.009103 2.235640 0.014462 -0.006590 -0.420863 0.906985
1630598092.354614 -1228.967035 987.926516 2.260253 0.015319 -0.009081 -0.415273 0.909523
1630598092.458252 -1227.696357 987.858364 2.287099 0.017005 -0.010433 -0.410424 0.911676
1630598092.561890 -1226.421694 987.805286 2.319694 0.018073 -0.011560 -0.405721 0.913745
1630598092.665650 -1225.140244 987.762593 2.355317 0.020393 -0.010552 -0.400914 0.915828
1630598092.769287 -1223.855448 987.734720 2.391462 0.019563 -0.008081 -0.395859 0.918067
1630598092.873047 -1222.570196 987.722014 2.424929 0.020050 -0.008101 -0.390377 0.920401
1630598092.976685 -1221.289496 987.727434 2.455881 0.018619 -0.008919 -0.385126 0.922633
1630598093.080322 -1220.008565 987.749400 2.487074 0.018139 -0.010867 -0.380382 0.924588
1630598093.184082 -1218.721112 987.787720 2.521422 0.016495 -0.010931 -0.375740 0.926514
1630598093.287720 -1217.432027 987.838502 2.556562 0.015027 -0.010524 -0.370905 0.928489
1630598093.391602 -1216.140031 987.899588 2.589132 0.014394 -0.010102 -0.365928 0.930477
1630598093.495361 -1214.850597 987.970819 2.619714 0.015233 -0.010081 -0.361019 0.932380
1630598093.598999 -1213.562776 988.054769 2.650271 0.016088 -0.010249 -0.356207 0.934212
1630598093.702637 -1212.273925 988.150849 2.682619 0.017142 -0.009853 -0.351356 0.936033
1630598093.806397 -1210.982991 988.261365 2.716231 0.017358 -0.009313 -0.346465 0.937856
1630598093.910278 -1209.691661 988.389339 2.750232 0.016391 -0.008987 -0.341558 0.939675
1630598094.013916 -1208.404784 988.530938 2.782844 0.016051 -0.009103 -0.336560 0.941481
1630598094.117676 -1207.119683 988.687178 2.815502 0.015322 -0.009233 -0.331589 0.943254
1630598094.221314 -1205.840121 988.854321 2.847373 0.015924 -0.009800 -0.326668 0.944954
1630598094.324951 -1204.563724 989.034891 2.881441 0.016291 -0.010951 -0.321812 0.946600
1630598094.428711 -1203.287975 989.227888 2.918288 0.016645 -0.011557 -0.316932 0.948232
1630598094.532227 -1202.016726 989.434123 2.957527 0.016702 -0.011989 -0.312003 0.949859
1630598094.635986 -1200.744054 989.653780 2.997977 0.016627 -0.011730 -0.307101 0.951459
1630598094.739746 -1199.473798 989.887600 3.037594 0.015911 -0.011613 -0.302295 0.953011
1630598094.843384 -1198.206026 990.132719 3.075268 0.015702 -0.010644 -0.297808 0.954437
1630598094.947022 -1196.939737 990.392453 3.110566 0.014210 -0.009703 -0.293537 0.955793
1630598095.050781 -1195.674056 990.662901 3.142362 0.013022 -0.008453 -0.289276 0.957120
1630598095.154541 -1194.412381 990.942352 3.170681 0.012862 -0.007982 -0.284950 0.958423
1630598095.258057 -1193.159552 991.231779 3.197147 0.012993 -0.008801 -0.280868 0.959618
1630598095.361817 -1191.907229 991.530667 3.224633 0.014182 -0.009449 -0.276800 0.960776
1630598095.465576 -1190.656586 991.841963 3.256004 0.014445 -0.010289 -0.272799 0.961908
1630598095.569214 -1189.407955 992.164137 3.289829 0.014165 -0.010199 -0.269036 0.962972
1630598095.672974 -1188.157806 992.496203 3.323542 0.013531 -0.009430 -0.265983 0.963837
1630598095.776734 -1186.907193 992.840317 3.354074 0.010627 -0.007919 -0.263545 0.964556
1630598095.880493 -1185.661380 993.190043 3.381574 0.008918 -0.007669 -0.261554 0.965117
1630598095.984253 -1184.427252 993.539772 3.405507 0.009711 -0.011544 -0.259837 0.965535
1630598096.088013 -1183.192330 993.890943 3.432332 0.011063 -0.014255 -0.258268 0.965905
1630598096.191773 -1181.946640 994.246519 3.469402 0.011249 -0.013167 -0.256847 0.966297
1630598096.295654 -1180.694832 994.607365 3.507725 0.010906 -0.010919 -0.255554 0.966672
1630598096.399292 -1179.446582 994.972961 3.539843 0.009895 -0.009824 -0.254221 0.967046
1630598096.502930 -1178.199638 995.341444 3.565828 0.009920 -0.009763 -0.252927 0.967385
1630598096.606690 -1176.952636 995.714572 3.589960 0.009748 -0.010283 -0.251928 0.967642
1630598096.710205 -1175.707910 996.088222 3.615649 0.009938 -0.009729 -0.251198 0.967836
1630598096.813965 -1174.460455 996.464198 3.643519 0.009347 -0.008853 -0.250530 0.968023
1630598096.917603 -1173.217637 996.840050 3.670827 0.009529 -0.008196 -0.249892 0.968192
1630598097.021240 -1171.978368 997.218139 3.696118 0.008990 -0.008204 -0.249390 0.968327
1630598097.124756 -1170.742490 997.597177 3.720475 0.008311 -0.008416 -0.249208 0.968378
1630598097.228516 -1169.505755 997.978891 3.743583 0.006948 -0.008324 -0.249131 0.968409
1630598097.332153 -1168.273248 998.358001 3.765609 0.006440 -0.008434 -0.248999 0.968446
1630598097.435913 -1167.045038 998.734486 3.787561 0.006879 -0.009230 -0.248845 0.968475
1630598097.539551 -1165.820852 999.105951 3.810795 0.008745 -0.009158 -0.248701 0.968497
1630598097.643311 -1164.596233 999.478663 3.838468 0.009598 -0.010000 -0.248504 0.968532
1630598097.746948 -1163.376132 999.852216 3.868600 0.009514 -0.009376 -0.248414 0.968562
1630598097.850708 -1162.159595 1000.226759 3.898059 0.009591 -0.010272 -0.248319 0.968576
1630598097.954468 -1160.947527 1000.602232 3.927741 0.009418 -0.011246 -0.248288 0.968575
1630598098.058228 -1159.737315 1000.980756 3.957961 0.007295 -0.012601 -0.248207 0.968598
1630598098.161987 -1158.528289 1001.352253 3.989990 0.008320 -0.011562 -0.248360 0.968563
1630598098.265747 -1157.326191 1001.721005 4.021504 0.008683 -0.012689 -0.248819 0.968428
1630598098.369385 -1156.128474 1002.085425 4.054218 0.010268 -0.013270 -0.249393 0.968257
1630598098.473145 -1154.927252 1002.449669 4.089328 0.010111 -0.012651 -0.249794 0.968163
1630598098.577026 -1153.723694 1002.812885 4.124564 0.009551 -0.010284 -0.250329 0.968059
1630598098.680664 -1152.528939 1003.172642 4.155503 0.009285 -0.009690 -0.251206 0.967841
1630598098.784424 -1151.340011 1003.529546 4.182580 0.009799 -0.010730 -0.252263 0.967550
1630598098.888184 -1150.151994 1003.882346 4.210270 0.010487 -0.011784 -0.253318 0.967254
1630598098.991699 -1148.962104 1004.231285 4.240318 0.009700 -0.010686 -0.254581 0.966944
1630598099.095459 -1147.765806 1004.573674 4.269758 0.010148 -0.007196 -0.256344 0.966506
1630598099.199219 -1146.576227 1004.915229 4.294662 0.008749 -0.007109 -0.258069 0.966061
1630598099.302735 -1145.395371 1005.245493 4.315189 0.012380 -0.008199 -0.259476 0.965635
1630598099.406494 -1144.213450 1005.583168 4.337626 0.010393 -0.012050 -0.261003 0.965207
1630598099.510010 -1143.026634 1005.915513 4.367579 0.010924 -0.013104 -0.262690 0.964730
1630598099.613770 -1141.831400 1006.247267 4.402961 0.008623 -0.013401 -0.264873 0.964152
1630598099.717407 -1140.632381 1006.571619 4.436602 0.007930 -0.012946 -0.267160 0.963532
1630598099.821045 -1139.427865 1006.888354 4.466406 0.006955 -0.011218 -0.269005 0.963048
1630598099.924805 -1138.220116 1007.199558 4.491702 0.006527 -0.010421 -0.271048 0.962487
1630598100.028565 -1137.012957 1007.506210 4.513717 0.006251 -0.010230 -0.273225 0.961875
1630598100.132080 -1135.809465 1007.809255 4.535397 0.005464 -0.010862 -0.275488 0.961228
1630598100.235840 -1134.601434 1008.106885 4.558253 0.004681 -0.010918 -0.277770 0.960574
1630598100.339600 -1133.391184 1008.397229 4.581300 0.003884 -0.010108 -0.280189 0.959884
1630598100.443237 -1132.182291 1008.680292 4.602603 0.003143 -0.009262 -0.282713 0.959155
1630598100.546997 -1130.973357 1008.954937 4.621131 0.003252 -0.008360 -0.285200 0.958426
1630598100.650757 -1129.768186 1009.222726 4.638302 0.003418 -0.008529 -0.287666 0.957687
1630598100.754517 -1128.567248 1009.482030 4.655965 0.004403 -0.009335 -0.290185 0.956915
1630598100.858399 -1127.368686 1009.734797 4.676387 0.005113 -0.010976 -0.292702 0.956127
1630598100.962158 -1126.172609 1009.978990 4.700825 0.006288 -0.011511 -0.295238 0.955334
1630598101.065796 -1124.977838 1010.216151 4.728500 0.006502 -0.011203 -0.297768 0.954551
1630598101.169556 -1123.781381 1010.444272 4.756124 0.006278 -0.009837 -0.300428 0.953733
1630598101.273316 -1122.585380 1010.665653 4.780238 0.007429 -0.005880 -0.302986 0.952948
1630598101.376953 -1121.397240 1010.889092 4.800431 0.004259 -0.005790 -0.305257 0.952243
1630598101.480713 -1120.215698 1011.098086 4.814904 0.005197 -0.004987 -0.307222 0.951611
1630598101.584229 -1119.044368 1011.305791 4.827956 0.004992 -0.006503 -0.309677 0.950806
1630598101.687988 -1117.871964 1011.506463 4.843122 0.004383 -0.006681 -0.311841 0.950101
1630598101.791504 -1116.704528 1011.698086 4.859487 0.003941 -0.005951 -0.313752 0.949478
1630598101.895264 -1115.539228 1011.883759 4.873639 0.003569 -0.004403 -0.315513 0.948904
1630598101.998901 -1114.382778 1012.064198 4.885022 0.004009 -0.003075 -0.316961 0.948425
1630598102.102539 -1113.235421 1012.244639 4.893103 0.002782 -0.002041 -0.318048 0.948068
1630598102.206299 -1112.098100 1012.419246 4.900497 0.003385 -0.002776 -0.319168 0.947688
1630598102.310059 -1110.972816 1012.589439 4.908221 0.002470 -0.003379 -0.320377 0.947281
1630598102.413574 -1109.860148 1012.752276 4.916737 0.003832 -0.003892 -0.321521 0.946887
1630598102.517334 -1108.753486 1012.910336 4.927757 0.003663 -0.002981 -0.322276 0.946634
1630598102.621094 -1107.658613 1013.063011 4.937679 0.004469 -0.001890 -0.323174 0.946327
1630598102.724854 -1106.577628 1013.213461 4.945818 0.004360 -0.001154 -0.324016 0.946041
1630598102.828613 -1105.511464 1013.361174 4.952207 0.004674 -0.000803 -0.324967 0.945714
1630598102.932373 -1104.459756 1013.505688 4.957753 0.004674 -0.000826 -0.325762 0.945440
1630598103.036133 -1103.421374 1013.645070 4.962913 0.004933 -0.000172 -0.326562 0.945163
1630598103.139893 -1102.397457 1013.780740 4.968494 0.005176 0.000264 -0.327314 0.944901
1630598103.243652 -1101.388269 1013.914006 4.973271 0.005322 0.001061 -0.328025 0.944653
1630598103.347412 -1100.394401 1014.045626 4.976938 0.004581 0.001258 -0.328487 0.944497
1630598103.451172 -1099.417422 1014.172028 4.980715 0.004681 0.001165 -0.328936 0.944340
1630598103.554932 -1098.458163 1014.298702 4.982982 0.003971 0.000103 -0.329545 0.944132
1630598103.658692 -1097.513622 1014.421884 4.985897 0.003964 0.000094 -0.330150 0.943920
1630598103.762207 -1096.586842 1014.540833 4.990331 0.003346 0.000259 -0.330505 0.943798
1630598103.865967 -1095.675883 1014.656447 4.994596 0.003173 0.000222 -0.331062 0.943604
1630598103.969605 -1094.784436 1014.768242 4.998012 0.003572 -0.000380 -0.331692 0.943381
1630598104.073364 -1093.907102 1014.876207 5.001136 0.003780 -0.000803 -0.332228 0.943191
1630598104.177002 -1093.045082 1014.979392 5.005022 0.004559 -0.000352 -0.332834 0.942974
1630598104.280762 -1092.199379 1015.080778 5.011108 0.004912 -0.000900 -0.333378 0.942780
1630598104.384277 -1091.371636 1015.178234 5.016407 0.005964 -0.001546 -0.333997 0.942554
1630598104.488037 -1090.556421 1015.272883 5.020838 0.006516 -0.001844 -0.334641 0.942321
1630598104.591553 -1089.755339 1015.365194 5.028283 0.006160 -0.001029 -0.335343 0.942075
1630598104.695313 -1088.967848 1015.453409 5.036123 0.006388 0.000486 -0.336113 0.941800
1630598104.799072 -1088.198782 1015.539192 5.041849 0.006287 0.000950 -0.336791 0.941558
1630598104.902832 -1087.446081 1015.622076 5.045323 0.006744 0.000872 -0.337559 0.941280
1630598105.006592 -1086.706832 1015.702264 5.048061 0.007357 0.000854 -0.338327 0.940999
1630598105.110230 -1085.978623 1015.776915 5.050604 0.008304 0.002518 -0.339142 0.940695
1630598105.214111 -1085.262002 1015.851188 5.053693 0.008906 0.002705 -0.339924 0.940407
1630598105.317871 -1084.562406 1015.927528 5.057997 0.008158 0.001986 -0.340575 0.940180
1630598105.421509 -1083.876151 1016.004065 5.061348 0.006606 0.000318 -0.341099 0.940004
1630598105.525391 -1083.199963 1016.072303 5.061315 0.006873 -0.000725 -0.341376 0.939901
1630598105.629151 -1082.534453 1016.135526 5.064608 0.008390 0.000389 -0.341947 0.939682
1630598105.732788 -1081.881491 1016.202129 5.070796 0.007887 0.001249 -0.342388 0.939525
1630598105.836548 -1081.242938 1016.270541 5.075337 0.006441 0.001354 -0.342727 0.939412
1630598105.940186 -1080.621583 1016.335751 5.076777 0.005906 0.000883 -0.342958 0.939332
1630598106.043823 -1080.015534 1016.394864 5.078188 0.006184 0.001068 -0.343020 0.939307
1630598106.147461 -1079.425496 1016.451158 5.080235 0.006594 0.000962 -0.343319 0.939195
1630598106.251221 -1078.850820 1016.507436 5.082934 0.006591 0.001184 -0.343715 0.939050
1630598106.354736 -1078.295322 1016.562801 5.085568 0.006247 0.001581 -0.343955 0.938964
1630598106.458496 -1077.758194 1016.616373 5.087876 0.005773 0.001519 -0.344140 0.938899
1630598106.562256 -1077.240981 1016.666669 5.090082 0.005538 0.001800 -0.344289 0.938846
1630598106.665772 -1076.746686 1016.713677 5.092193 0.005658 0.002233 -0.344496 0.938768
1630598106.769531 -1076.275473 1016.757942 5.093977 0.005829 0.002617 -0.344746 0.938674
1630598106.873169 -1075.829484 1016.800552 5.095503 0.005677 0.002647 -0.344965 0.938595
1630598106.976929 -1075.406542 1016.841828 5.096647 0.005465 0.002346 -0.345133 0.938535
1630598107.080689 -1075.006177 1016.880509 5.097577 0.005446 0.002075 -0.345222 0.938503
1630598107.184326 -1074.628885 1016.915557 5.098623 0.005761 0.002037 -0.345439 0.938421
1630598107.288208 -1074.273549 1016.947815 5.099892 0.005936 0.002284 -0.345661 0.938338
1630598107.391968 -1073.941603 1016.978158 5.101669 0.006092 0.002287 -0.345809 0.938282
1630598107.495606 -1073.631613 1017.007167 5.102981 0.006151 0.002240 -0.345929 0.938238
1630598107.599365 -1073.342446 1017.035397 5.103495 0.005782 0.001940 -0.346041 0.938200
1630598107.703125 -1073.074360 1017.061435 5.103967 0.005639 0.001765 -0.346157 0.938158
1630598107.806885 -1072.827517 1017.085256 5.105011 0.005447 0.001539 -0.346288 0.938111
1630598107.910645 -1072.602333 1017.106096 5.106538 0.005516 0.001596 -0.346403 0.938068
1630598108.014282 -1072.400319 1017.124329 5.108171 0.005364 0.001955 -0.346450 0.938051
1630598108.118164 -1072.222321 1017.140190 5.109586 0.005476 0.002049 -0.346479 0.938040
1630598108.221680 -1072.068597 1017.153969 5.110317 0.005615 0.001988 -0.346550 0.938013
1630598108.325440 -1071.936139 1017.166268 5.109891 0.005740 0.001621 -0.346687 0.937962
1630598108.429199 -1071.822367 1017.177047 5.108555 0.006041 0.000794 -0.346784 0.937925
1630598108.532715 -1071.725506 1017.186218 5.108392 0.006041 0.000491 -0.346710 0.937953
1630598108.636475 -1071.644603 1017.194034 5.109153 0.005966 0.000473 -0.346776 0.937929
1630598108.739990 -1071.579224 1017.200438 5.109641 0.005957 0.000226 -0.346884 0.937889
1630598108.843750 -1071.527354 1017.205043 5.109851 0.006116 -0.000051 -0.346843 0.937903
1630598108.947510 -1071.486998 1017.208435 5.109834 0.006378 -0.000438 -0.346845 0.937901
1630598109.051148 -1071.456421 1017.211141 5.109890 0.006511 -0.000721 -0.346920 0.937872
1630598109.154785 -1071.434272 1017.213079 5.109991 0.006632 -0.000884 -0.346936 0.937865
1630598109.258545 -1071.418893 1017.214470 5.110015 0.006690 -0.001105 -0.346863 0.937891
1630598109.362305 -1071.408263 1017.215583 5.110051 0.006797 -0.001383 -0.346885 0.937882
1630598109.466065 -1071.399260 1017.216529 5.109932 0.007006 -0.001883 -0.346932 0.937862
1630598109.569702 -1071.387644 1017.217531 5.109742 0.007289 -0.002550 -0.346877 0.937879
1630598109.673584 -1071.370748 1017.219001 5.109766 0.007553 -0.002977 -0.346847 0.937887
1630598109.777222 -1071.348071 1017.221301 5.110042 0.007464 -0.003022 -0.346924 0.937859
1630598109.880860 -1071.320339 1017.223946 5.110292 0.007391 -0.002912 -0.346937 0.937855
1630598109.984619 -1071.288334 1017.227080 5.110477 0.007313 -0.002945 -0.346899 0.937869
1630598110.088379 -1071.252150 1017.230767 5.110673 0.007254 -0.003029 -0.346925 0.937860
1630598110.191895 -1071.211526 1017.234709 5.110841 0.007222 -0.003078 -0.346966 0.937845
1630598110.295654 -1071.165921 1017.238964 5.110762 0.007261 -0.003257 -0.346965 0.937844
1630598110.399414 -1071.113349 1017.243918 5.109750 0.007618 -0.003915 -0.346985 0.937832
1630598110.502930 -1071.049103 1017.250256 5.107670 0.008183 -0.005388 -0.347040 0.937799
1630598110.606690 -1070.965939 1017.258268 5.105521 0.008988 -0.007143 -0.347058 0.937773
1630598110.710449 -1070.858312 1017.268460 5.104695 0.009419 -0.008286 -0.347012 0.937777
1630598110.814087 -1070.724516 1017.281184 5.105552 0.009345 -0.008373 -0.347030 0.937770
1630598110.917969 -1070.565494 1017.296373 5.107124 0.009070 -0.008070 -0.347033 0.937774
1630598111.021485 -1070.384039 1017.313589 5.108314 0.008863 -0.008027 -0.346970 0.937800
1630598111.125244 -1070.178716 1017.332577 5.109214 0.009031 -0.008214 -0.346951 0.937804
1630598111.229004 -1069.949391 1017.353236 5.110574 0.009067 -0.008076 -0.346883 0.937830
1630598111.332520 -1069.698791 1017.376013 5.112530 0.009175 -0.008101 -0.346785 0.937865
1630598111.436401 -1069.425537 1017.401983 5.114359 0.009187 -0.008320 -0.346647 0.937914
1630598111.540039 -1069.129506 1017.431140 5.115577 0.008650 -0.008251 -0.346486 0.937979
1630598111.643677 -1068.810820 1017.461758 5.116914 0.008301 -0.007936 -0.346283 0.938060
1630598111.747437 -1068.470488 1017.494117 5.118849 0.008169 -0.007867 -0.346104 0.938128
1630598111.851074 -1068.108570 1017.528368 5.120918 0.008296 -0.007662 -0.345879 0.938211
1630598111.954834 -1067.724262 1017.565305 5.122982 0.008220 -0.007656 -0.345436 0.938375
1630598112.058594 -1067.318071 1017.604909 5.125230 0.008114 -0.007577 -0.344965 0.938550
1630598112.162110 -1066.890457 1017.647462 5.128359 0.007810 -0.007258 -0.344562 0.938703
1630598112.265869 -1066.440723 1017.692840 5.130260 0.007735 -0.007387 -0.344136 0.938859
1630598112.369629 -1065.969742 1017.740752 5.131224 0.007787 -0.007910 -0.343521 0.939079
1630598112.473267 -1065.477232 1017.791466 5.132962 0.007728 -0.008228 -0.342813 0.939336
1630598112.576904 -1064.962593 1017.845743 5.135506 0.007371 -0.008545 -0.342284 0.939529
1630598112.680664 -1064.424555 1017.902042 5.138011 0.007347 -0.008430 -0.341776 0.939715
1630598112.784424 -1063.864630 1017.960432 5.140587 0.007470 -0.008307 -0.341085 0.939966
1630598112.888184 -1063.283684 1018.021734 5.143989 0.007647 -0.008117 -0.340413 0.940210
1630598112.991943 -1062.683071 1018.086685 5.148251 0.007609 -0.007969 -0.339874 0.940406
1630598113.095459 -1062.066560 1018.154987 5.153066 0.007172 -0.007614 -0.339215 0.940651
1630598113.199219 -1061.432256 1018.227677 5.156679 0.005506 -0.006304 -0.338256 0.941017
1630598113.302979 -1060.786053 1018.300993 5.158643 0.005506 -0.004679 -0.337381 0.941340
1630598113.406616 -1060.135114 1018.376492 5.162663 0.005017 -0.005993 -0.336648 0.941598
1630598113.510376 -1059.471145 1018.454235 5.168570 0.006242 -0.008259 -0.335820 0.941869
1630598113.614014 -1058.792987 1018.538145 5.171051 0.006052 -0.010165 -0.334937 0.942166
1630598113.717651 -1058.098381 1018.626659 5.173904 0.004951 -0.011414 -0.334254 0.942401
1630598113.821411 -1057.382851 1018.717715 5.183949 0.003358 -0.010567 -0.333633 0.942638
1630598113.925049 -1056.653345 1018.809111 5.194538 0.002663 -0.009696 -0.333205 0.942801
1630598114.028809 -1055.911090 1018.901864 5.200861 0.002208 -0.010492 -0.333032 0.942855
1630598114.132568 -1055.156375 1018.992043 5.205850 0.003835 -0.011395 -0.332888 0.942890
1630598114.236206 -1054.386904 1019.083366 5.211970 0.006008 -0.012255 -0.332681 0.942941
1630598114.339966 -1053.592870 1019.183471 5.217419 0.004591 -0.011007 -0.332652 0.942974
1630598114.443604 -1052.775215 1019.289580 5.223114 0.000556 -0.008066 -0.332744 0.942983
1630598114.547363 -1051.940552 1019.389733 5.232278 -0.000654 -0.004285 -0.333066 0.942894
1630598114.651123 -1051.099021 1019.487125 5.236790 0.000870 -0.003574 -0.333544 0.942727
1630598114.754883 -1050.250836 1019.588179 5.231272 0.003284 -0.007406 -0.334005 0.942536
1630598114.858643 -1049.384422 1019.691301 5.227162 0.004483 -0.010553 -0.334257 0.942412
1630598114.962280 -1048.496012 1019.794667 5.231931 0.005202 -0.010550 -0.334382 0.942364
1630598115.065918 -1047.589056 1019.901349 5.242198 0.004406 -0.008809 -0.334568 0.942320
1630598115.169556 -1046.668957 1020.007560 5.252060 0.004252 -0.006680 -0.334818 0.942249
1630598115.273316 -1045.740235 1020.115165 5.259441 0.003948 -0.005733 -0.334932 0.942217
1630598115.376953 -1044.804377 1020.222449 5.262783 0.005940 -0.004058 -0.335349 0.942067
1630598115.480713 -1043.857879 1020.336873 5.264115 0.003113 -0.005092 -0.335395 0.942059
1630598115.584229 -1042.904146 1020.446957 5.267713 0.003066 -0.005023 -0.335725 0.941942
1630598115.687988 -1041.940178 1020.553765 5.270264 0.004588 -0.004637 -0.335766 0.941923
1630598115.791626 -1040.967294 1020.665604 5.272281 0.004662 -0.004900 -0.335910 0.941870
1630598115.895386 -1039.979188 1020.777214 5.274685 0.005728 -0.003510 -0.335835 0.941897
1630598115.999024 -1038.980033 1020.889884 5.275789 0.005818 -0.002501 -0.335794 0.941914
1630598116.102783 -1037.969671 1021.004336 5.275146 0.005989 -0.001676 -0.335893 0.941879
1630598116.206543 -1036.950283 1021.120720 5.273135 0.006326 -0.001482 -0.335945 0.941859
1630598116.310303 -1035.921052 1021.238242 5.270653 0.006657 -0.001529 -0.335901 0.941873
1630598116.414063 -1034.881466 1021.358129 5.268588 0.006709 -0.001821 -0.335866 0.941884
1630598116.517822 -1033.831129 1021.480815 5.267258 0.006368 -0.002267 -0.335878 0.941881
1630598116.621460 -1032.771758 1021.604452 5.266758 0.005964 -0.002441 -0.335893 0.941878
1630598116.725220 -1031.701088 1021.728540 5.266601 0.005830 -0.002095 -0.335950 0.941859
1630598116.828980 -1030.621536 1021.853000 5.266391 0.005534 -0.001510 -0.336040 0.941830
1630598116.932617 -1029.535099 1021.975954 5.265256 0.005682 -0.000556 -0.336083 0.941815
1630598117.036377 -1028.440032 1022.098482 5.262374 0.006090 0.001030 -0.336137 0.941793
1630598117.140015 -1027.340543 1022.221735 5.258276 0.006127 0.002652 -0.336281 0.941738
1630598117.243652 -1026.238766 1022.345399 5.252305 0.006137 0.004045 -0.336464 0.941668
1630598117.347412 -1025.134612 1022.469619 5.243972 0.006412 0.004297 -0.336700 0.941580
1630598117.450928 -1024.030277 1022.593966 5.234530 0.006509 0.004459 -0.336976 0.941480
1630598117.554688 -1022.919401 1022.717806 5.225089 0.006564 0.005315 -0.337220 0.941388
1630598117.658447 -1021.805802 1022.842137 5.214984 0.006294 0.006005 -0.337512 0.941281
1630598117.762207 -1020.690444 1022.967308 5.203223 0.005813 0.006049 -0.337797 0.941182
1630598117.865845 -1019.573342 1023.092738 5.189913 0.005293 0.005597 -0.337987 0.941119
1630598117.969605 -1018.449652 1023.217229 5.176205 0.005355 0.005776 -0.338219 0.941034
1630598118.073242 -1017.322101 1023.342656 5.162376 0.004538 0.005797 -0.338472 0.940948
1630598118.177002 -1016.189728 1023.467943 5.148366 0.004062 0.005867 -0.338754 0.940848
1630598118.280640 -1015.053768 1023.592758 5.132758 0.003728 0.006166 -0.338908 0.940792
1630598118.384522 -1013.912695 1023.721227 5.117791 0.001493 0.005349 -0.339093 0.940736
1630598118.488037 -1012.776549 1023.845505 5.104220 0.002771 0.004322 -0.339184 0.940706
1630598118.591797 -1011.635949 1023.971461 5.090157 0.002956 0.001482 -0.339495 0.940602
1630598118.695557 -1010.485399 1024.097129 5.082300 0.002244 0.001311 -0.339654 0.940547
1630598118.799194 -1009.329409 1024.220563 5.076010 0.002257 0.002200 -0.339661 0.940543
1630598118.902954 -1008.169176 1024.342442 5.067325 0.002822 0.002849 -0.339761 0.940503
1630598119.006836 -1007.005181 1024.464170 5.056769 0.003776 0.002403 -0.339927 0.940441
1630598119.110474 -1005.839427 1024.586171 5.046838 0.004622 0.002212 -0.340014 0.940406
1630598119.214111 -1004.668474 1024.710189 5.038978 0.004520 0.002029 -0.340035 0.940400
1630598119.317871 -1003.491655 1024.835079 5.031859 0.004427 0.002153 -0.340077 0.940385
1630598119.421631 -1002.310893 1024.960394 5.024553 0.004252 0.002508 -0.340211 0.940336
1630598119.525147 -1001.129685 1025.085409 5.016588 0.004145 0.002706 -0.340358 0.940283
1630598119.629028 -999.942034 1025.210570 5.008286 0.004193 0.002554 -0.340405 0.940266
1630598119.732666 -998.754327 1025.334819 4.999527 0.004703 0.002125 -0.340432 0.940255
1630598119.836426 -997.559797 1025.461558 4.991321 0.004272 0.002169 -0.340489 0.940236
1630598119.940064 -996.361355 1025.588535 4.983294 0.003895 0.003424 -0.340605 0.940192
1630598120.043701 -995.158865 1025.716197 4.973521 0.002864 0.004111 -0.340686 0.940164
1630598120.147461 -993.953014 1025.844315 4.961435 0.002124 0.005122 -0.340765 0.940132
1630598120.251099 -992.748100 1025.970629 4.946535 0.002216 0.006077 -0.340928 0.940067
1630598120.354859 -991.541147 1026.096457 4.929946 0.002456 0.005678 -0.340820 0.940108
1630598120.458496 -990.336762 1026.226754 4.915044 0.000967 0.005018 -0.340436 0.940254
1630598120.562256 -989.133167 1026.360560 4.900691 0.000148 0.002761 -0.339722 0.940522
1630598120.666016 -987.927972 1026.498205 4.888884 -0.001414 0.001278 -0.339075 0.940757
1630598120.769531 -986.722064 1026.637002 4.879221 -0.002764 0.001041 -0.338313 0.941029
1630598120.873413 -985.510210 1026.777412 4.869157 -0.004082 0.001296 -0.336929 0.941520
1630598120.977051 -984.301709 1026.918656 4.856972 -0.004349 0.001685 -0.334883 0.942248
1630598121.080689 -983.094256 1027.064457 4.843111 -0.004462 0.001476 -0.332435 0.943115
1630598121.184326 -981.886594 1027.215347 4.828839 -0.003655 0.001802 -0.329983 0.943978
1630598121.287964 -980.681705 1027.372432 4.816336 -0.001883 0.001976 -0.327487 0.944852
1630598121.391724 -979.477720 1027.541871 4.804626 -0.003797 -0.000152 -0.324765 0.945787
1630598121.495361 -978.268531 1027.709116 4.794980 -0.000718 0.001406 -0.322018 0.946732
1630598121.599121 -977.050781 1027.889797 4.788247 -0.003350 0.004315 -0.318956 0.947754
1630598121.702881 -975.831053 1028.075754 4.773288 -0.003655 0.007983 -0.315854 0.948767
1630598121.806519 -974.615237 1028.268283 4.747712 -0.003643 0.010515 -0.312696 0.949788
1630598121.910401 -973.401405 1028.469144 4.714057 -0.002364 0.010961 -0.309810 0.950732
1630598122.014160 -972.193325 1028.677962 4.679960 -0.000471 0.009559 -0.306851 0.951710
1630598122.117798 -970.986934 1028.893453 4.650755 0.002609 0.007972 -0.304000 0.952635
1630598122.221680 -969.772103 1029.121202 4.629110 0.002413 0.007367 -0.301085 0.953566
1630598122.325440 -968.550478 1029.356907 4.611753 0.001973 0.009113 -0.298368 0.954405
1630598122.429077 -967.328155 1029.599103 4.592082 0.001288 0.011709 -0.295770 0.955187
1630598122.532715 -966.110728 1029.846473 4.565584 0.001836 0.011650 -0.293238 0.955967
1630598122.636475 -964.894987 1030.097162 4.535217 0.003872 0.011397 -0.290813 0.956704
1630598122.740235 -963.678438 1030.356101 4.507846 0.006113 0.009430 -0.288561 0.957396
1630598122.843872 -962.459344 1030.623793 4.486595 0.006101 0.010327 -0.286373 0.958043
1630598122.947632 -961.236209 1030.900657 4.468218 0.005121 0.010651 -0.284291 0.958665
1630598123.051270 -960.014359 1031.183200 4.448130 0.003309 0.011757 -0.282570 0.959169
1630598123.155029 -958.793573 1031.468931 4.423839 0.003362 0.011151 -0.281215 0.959574
1630598123.258545 -957.576622 1031.756752 4.397418 0.003252 0.010868 -0.279761 0.960003
1630598123.362305 -956.354894 1032.045948 4.371122 0.004129 0.011462 -0.278331 0.960408
1630598123.466065 -955.133841 1032.341988 4.346575 0.004165 0.011509 -0.276901 0.960820
1630598123.569702 -953.916884 1032.643686 4.322414 0.002568 0.010985 -0.275516 0.961230
1630598123.673340 -952.701696 1032.948367 4.298643 0.002534 0.010171 -0.274273 0.961595
1630598123.777100 -951.484775 1033.259067 4.275802 0.000950 0.009290 -0.273121 0.961934
1630598123.880737 -950.267063 1033.570714 4.252605 0.000334 0.009466 -0.271712 0.962332
1630598123.984375 -949.047480 1033.884181 4.227315 0.000007 0.010316 -0.270337 0.962711
1630598124.088135 -947.826382 1034.202319 4.199597 -0.000807 0.010795 -0.269022 0.963073
1630598124.191895 -946.606240 1034.522795 4.169963 -0.000673 0.011024 -0.267738 0.963429
1630598124.295654 -945.387355 1034.847970 4.139491 -0.000930 0.011197 -0.266511 0.963766
1630598124.399414 -944.168293 1035.178467 4.110022 -0.002152 0.010223 -0.265517 0.964049
1630598124.503052 -942.949360 1035.509763 4.081321 -0.003206 0.011002 -0.264937 0.964198
1630598124.606812 -941.731497 1035.841252 4.052010 -0.003575 0.010738 -0.264645 0.964280
1630598124.710693 -940.516954 1036.172502 4.021275 -0.003258 0.009488 -0.264286 0.964392
1630598124.814331 -939.306304 1036.501708 3.992142 -0.002334 0.008142 -0.263799 0.964540
1630598124.917969 -938.094143 1036.831180 3.966818 -0.001768 0.007934 -0.263504 0.964624
1630598125.021729 -936.879316 1037.159759 3.943998 -0.000830 0.008932 -0.263333 0.964663
1630598125.125488 -935.665474 1037.489293 3.920925 -0.001098 0.010674 -0.263097 0.964710
1630598125.229004 -934.458730 1037.816877 3.896865 0.000119 0.010919 -0.262773 0.964796
1630598125.332764 -933.252007 1038.144545 3.870361 0.001036 0.011572 -0.262489 0.964865
1630598125.436279 -932.048968 1038.474337 3.844029 0.001126 0.012227 -0.262374 0.964888
1630598125.540039 -930.845462 1038.805541 3.816511 0.000805 0.013033 -0.262180 0.964931
1630598125.643555 -929.650222 1039.134427 3.787945 0.001591 0.012475 -0.261969 0.964994
1630598125.747315 -928.456181 1039.462779 3.759637 0.002776 0.011614 -0.261780 0.965054
1630598125.851074 -927.261888 1039.793012 3.734751 0.003236 0.010688 -0.261528 0.965131
1630598125.954712 -926.067357 1040.123578 3.713376 0.003181 0.011422 -0.261352 0.965171
1630598126.058350 -924.874422 1040.454804 3.691127 0.003225 0.011295 -0.261189 0.965216
1630598126.162110 -923.681105 1040.787237 3.667333 0.003664 0.010852 -0.261103 0.965243
1630598126.265869 -922.484021 1041.118482 3.642287 0.003510 0.011469 -0.260840 0.965307
1630598126.369507 -921.285818 1041.448678 3.617588 0.003878 0.013400 -0.260600 0.965346
1630598126.473267 -920.089360 1041.780984 3.590716 0.004222 0.013736 -0.260569 0.965348
1630598126.577026 -918.895654 1042.115765 3.562209 0.004436 0.012379 -0.260382 0.965416
1630598126.680664 -917.702576 1042.454416 3.535648 0.003870 0.011209 -0.260111 0.965506
1630598126.784424 -916.506272 1042.798306 3.511305 0.001791 0.009701 -0.259770 0.965620
1630598126.888306 -915.305739 1043.145239 3.487102 -0.000708 0.009315 -0.259448 0.965712
1630598126.991943 -914.107839 1043.493448 3.462422 -0.003240 0.008629 -0.259146 0.965794
1630598127.095703 -912.911064 1043.840706 3.435883 -0.004859 0.007264 -0.258784 0.965896
1630598127.199463 -911.715834 1044.185668 3.409636 -0.005117 0.005527 -0.258405 0.966007
1630598127.302979 -910.522678 1044.529046 3.386409 -0.005059 0.004034 -0.258035 0.966114
1630598127.406860 -909.323173 1044.874131 3.366491 -0.005783 0.003872 -0.257762 0.966183
1630598127.510498 -908.124814 1045.217651 3.347816 -0.005934 0.004658 -0.257419 0.966271
1630598127.614258 -906.925710 1045.561976 3.327548 -0.006333 0.005859 -0.257174 0.966327
1630598127.717896 -905.731414 1045.906197 3.304800 -0.007931 0.005788 -0.256789 0.966418
1630598127.821533 -904.542564 1046.243021 3.280777 -0.004514 0.005395 -0.256746 0.966453
1630598127.925293 -903.355004 1046.589576 3.256482 -0.006174 0.004522 -0.256658 0.966472
1630598128.028931 -902.164210 1046.933525 3.236734 -0.006434 0.005661 -0.256275 0.966566
1630598128.132568 -900.973542 1047.278436 3.215111 -0.007670 0.008439 -0.256163 0.966566
1630598128.236328 -899.784124 1047.625070 3.186780 -0.008664 0.010294 -0.256347 0.966491
1630598128.340088 -898.597948 1047.968393 3.151779 -0.009656 0.011610 -0.256290 0.966482
1630598128.443848 -897.416135 1048.304851 3.112176 -0.007580 0.012423 -0.256223 0.966508
1630598128.547485 -896.239684 1048.639780 3.072352 -0.005710 0.011583 -0.256125 0.966558
1630598128.651245 -895.060737 1048.978811 3.035169 -0.005445 0.011332 -0.255987 0.966598
1630598128.754883 -893.881723 1049.316424 3.002318 -0.004287 0.013069 -0.255935 0.966596
1630598128.858643 -892.702385 1049.655811 2.967247 -0.003927 0.013389 -0.256015 0.966572
1630598128.962402 -891.520175 1049.995679 2.930379 -0.003540 0.014830 -0.256041 0.966546
1630598129.066162 -890.335941 1050.335651 2.890409 -0.003275 0.016261 -0.255904 0.966560
1630598129.169800 -889.153467 1050.674843 2.847103 -0.002558 0.017204 -0.255855 0.966559
1630598129.273438 -887.971751 1051.015409 2.802107 -0.001685 0.016779 -0.255796 0.966584
1630598129.377197 -886.787244 1051.358173 2.758640 -0.000848 0.016081 -0.255782 0.966600
1630598129.480957 -885.598934 1051.703819 2.717779 -0.000747 0.015611 -0.255682 0.966635
1630598129.584473 -884.409422 1052.051705 2.678891 -0.001648 0.015516 -0.255569 0.966665
1630598129.688233 -883.214991 1052.401035 2.639648 -0.002172 0.015692 -0.255456 0.966691
1630598129.791870 -882.022309 1052.750720 2.599541 -0.002623 0.014880 -0.255405 0.966716
1630598129.895630 -880.827730 1053.100343 2.559832 -0.002442 0.013941 -0.255320 0.966753
1630598129.999268 -879.632059 1053.450341 2.521690 -0.002479 0.013203 -0.255167 0.966804
1630598130.103027 -878.431365 1053.802056 2.485469 -0.003035 0.013436 -0.254983 0.966847
1630598130.206787 -877.230306 1054.154156 2.449846 -0.003466 0.013891 -0.254887 0.966865
1630598130.310547 -876.031433 1054.504880 2.412974 -0.003326 0.013350 -0.254855 0.966881
1630598130.414307 -874.832897 1054.855619 2.376250 -0.002532 0.012653 -0.254737 0.966924
1630598130.518067 -873.632695 1055.206159 2.341756 -0.002480 0.012796 -0.254509 0.966983
1630598130.621826 -872.431858 1055.556701 2.308036 -0.002157 0.013495 -0.254454 0.966988
1630598130.725464 -871.232982 1055.908259 2.273590 -0.002255 0.013785 -0.254431 0.966990
1630598130.829224 -870.033351 1056.260378 2.237945 -0.002531 0.014329 -0.254370 0.966998
1630598130.932861 -868.836898 1056.611956 2.201529 -0.002727 0.014367 -0.254164 0.967051
1630598131.036499 -867.641564 1056.962433 2.164231 -0.002400 0.015217 -0.254019 0.967076
1630598131.140259 -866.444621 1057.313532 2.126311 -0.001904 0.015674 -0.253803 0.967127
1630598131.243897 -865.250374 1057.667227 2.088178 -0.003028 0.016394 -0.253448 0.967205
1630598131.347656 -864.057062 1058.023374 2.048027 -0.003849 0.016011 -0.252984 0.967330
1630598131.451294 -862.866286 1058.380982 2.006156 -0.005198 0.015973 -0.252533 0.967443
1630598131.555054 -861.675829 1058.739392 1.963198 -0.005740 0.015457 -0.252113 0.967557
1630598131.658692 -860.489434 1059.096980 1.920348 -0.005776 0.014608 -0.251650 0.967691
1630598131.762329 -859.304182 1059.454958 1.878784 -0.005543 0.013242 -0.251116 0.967850
1630598131.866089 -858.115082 1059.814681 1.839730 -0.005569 0.012545 -0.250557 0.968005
1630598131.969727 -856.923726 1060.174322 1.802200 -0.005174 0.013243 -0.250045 0.968130
1630598132.073486 -855.730934 1060.536392 1.764388 -0.004834 0.013417 -0.249605 0.968243
1630598132.177246 -854.540018 1060.901023 1.725781 -0.004743 0.012176 -0.248962 0.968425
1630598132.280884 -853.349602 1061.265748 1.688427 -0.003823 0.010704 -0.248280 0.968622
1630598132.384522 -852.155808 1061.632301 1.654516 -0.002418 0.010708 -0.247808 0.968747
1630598132.488281 -850.956749 1062.005160 1.623733 -0.002928 0.009205 -0.247239 0.968906
1630598132.592041 -849.750875 1062.378485 1.594059 -0.003127 0.011154 -0.246470 0.969081
1630598132.695801 -848.544219 1062.755626 1.563199 -0.003915 0.011663 -0.245702 0.969267
1630598132.799561 -847.341142 1063.132246 1.529077 -0.003011 0.011088 -0.244990 0.969458
1630598132.903198 -846.141385 1063.510508 1.495389 -0.001207 0.008836 -0.244249 0.969672
1630598133.006958 -844.936055 1063.895165 1.466986 -0.001166 0.007410 -0.243373 0.969904
1630598133.110718 -843.723180 1064.285105 1.442926 -0.002752 0.008148 -0.242434 0.970130
1630598133.214356 -842.508402 1064.676749 1.418694 -0.003036 0.009203 -0.241613 0.970324
1630598133.318115 -841.292872 1065.074460 1.389643 -0.004937 0.009638 -0.240735 0.970530
1630598133.421875 -840.076619 1065.473489 1.356853 -0.005602 0.009739 -0.239649 0.970795
1630598133.525635 -838.858619 1065.874740 1.320815 -0.006174 0.009635 -0.238715 0.971022
1630598133.629395 -837.635228 1066.278637 1.283360 -0.006574 0.010992 -0.237935 0.971197
1630598133.732910 -836.411023 1066.684962 1.244463 -0.007472 0.012750 -0.237007 0.971395
1630598133.836670 -835.184418 1067.093244 1.201853 -0.007365 0.013470 -0.235938 0.971647
1630598133.940308 -833.961816 1067.504698 1.157277 -0.006735 0.012486 -0.234828 0.971933
1630598134.044190 -832.736590 1067.922352 1.114599 -0.006368 0.010727 -0.233678 0.972234
1630598134.147705 -831.511487 1068.342121 1.076289 -0.005413 0.009881 -0.232393 0.972557
1630598134.251465 -830.279523 1068.768872 1.041535 -0.005386 0.010166 -0.230604 0.972980
1630598134.355225 -829.046535 1069.197105 1.007792 -0.004203 0.010331 -0.228493 0.973482
1630598134.458740 -827.813542 1069.631336 0.972043 -0.002964 0.010768 -0.226456 0.973957
1630598134.562500 -826.570207 1070.078021 0.935814 -0.005202 0.013736 -0.224483 0.974367
1630598134.666138 -825.332192 1070.529373 0.896955 -0.005836 0.014198 -0.222767 0.974751
1630598134.769898 -824.101894 1070.988309 0.852272 -0.006318 0.011009 -0.221290 0.975125
1630598134.873535 -822.870719 1071.447953 0.812124 -0.005223 0.008264 -0.219813 0.975493
1630598134.977173 -821.632604 1071.911548 0.778943 -0.004258 0.007644 -0.218619 0.975771
1630598135.081055 -820.383267 1072.380761 0.749728 -0.004307 0.009186 -0.217207 0.976073
1630598135.184815 -819.132302 1072.853991 0.718938 -0.004729 0.010816 -0.215742 0.976379
1630598135.288452 -817.883108 1073.330235 0.682233 -0.004173 0.012288 -0.214417 0.976656
1630598135.392334 -816.632119 1073.812903 0.641943 -0.003845 0.012465 -0.213078 0.976948
1630598135.495972 -815.383840 1074.297819 0.601036 -0.003143 0.012184 -0.211854 0.977220
1630598135.599732 -814.132258 1074.784924 0.562283 -0.001314 0.012479 -0.210761 0.977457
1630598135.703491 -812.880673 1075.276675 0.527128 -0.000165 0.011971 -0.209633 0.977707
1630598135.807251 -811.627173 1075.772520 0.495192 0.000936 0.011318 -0.208838 0.977884
1630598135.910889 -810.373229 1076.274578 0.466497 0.000160 0.010585 -0.208537 0.977957
1630598136.014649 -809.115915 1076.779330 0.438114 -0.000229 0.009381 -0.208628 0.977950
1630598136.118286 -807.859969 1077.283095 0.410887 0.000325 0.008832 -0.208662 0.977948
1630598136.221924 -806.602076 1077.786802 0.385488 0.001141 0.006751 -0.208525 0.977993
1630598136.325684 -805.335451 1078.292287 0.364996 0.001065 0.007014 -0.208394 0.978019
1630598136.429199 -804.065586 1078.798122 0.345859 0.000601 0.008134 -0.208322 0.978026
1630598136.532959 -802.788518 1079.306787 0.322056 -0.000207 0.010107 -0.208410 0.977989
1630598136.636597 -801.510714 1079.815345 0.292141 -0.000495 0.012036 -0.208411 0.977967
1630598136.740235 -800.236096 1080.327056 0.257562 -0.001438 0.011429 -0.208153 0.978028
1630598136.843994 -798.961960 1080.841630 0.221970 -0.001557 0.009299 -0.207890 0.978107
1630598136.947510 -797.687728 1081.359716 0.190380 -0.002717 0.007308 -0.207833 0.978133
1630598137.051270 -796.403946 1081.877621 0.162935 -0.003263 0.006945 -0.207851 0.978130
1630598137.155029 -795.119247 1082.390298 0.137706 -0.002105 0.006475 -0.207771 0.978154
1630598137.258789 -793.830941 1082.900041 0.113731 0.000775 0.006426 -0.207580 0.978197
1630598137.362427 -792.538248 1083.411941 0.094922 0.001601 0.007596 -0.207198 0.978268
1630598137.466065 -791.245235 1083.925111 0.076709 0.003913 0.008886 -0.207265 0.978237
1630598137.569946 -789.952499 1084.444357 0.058375 0.004313 0.008006 -0.207298 0.978236
1630598137.673706 -788.660953 1084.962265 0.040818 0.005215 0.006691 -0.207165 0.978269
1630598137.777344 -787.368762 1085.481428 0.026769 0.006051 0.006419 -0.207051 0.978290
1630598137.881104 -786.072116 1086.003810 0.015468 0.005954 0.006448 -0.206914 0.978320
1630598137.984863 -784.773035 1086.525659 0.004754 0.005909 0.007594 -0.206777 0.978341
1630598138.088623 -783.475713 1087.049839 -0.008183 0.005218 0.007312 -0.206752 0.978352
1630598138.192383 -782.178865 1087.574095 -0.022998 0.005515 0.006500 -0.206598 0.978389
1630598138.295899 -780.882004 1088.098898 -0.038058 0.005586 0.006146 -0.206448 0.978422
1630598138.399658 -779.575861 1088.628661 -0.052597 0.004894 0.007366 -0.206310 0.978447
1630598138.503418 -778.267419 1089.161995 -0.068391 0.002959 0.008265 -0.206011 0.978510
1630598138.607056 -776.962180 1089.696343 -0.088717 0.001033 0.007414 -0.205740 0.978578
1630598138.710816 -775.654408 1090.228586 -0.110749 0.000548 0.007111 -0.205751 0.978578
1630598138.814453 -774.347570 1090.756434 -0.132364 0.002600 0.006453 -0.205787 0.978572
1630598138.918213 -773.038367 1091.283107 -0.150096 0.004879 0.005608 -0.205537 0.978621
1630598139.021851 -771.726903 1091.808419 -0.162565 0.008155 0.005818 -0.205350 0.978637
1630598139.125610 -770.411831 1092.342799 -0.169076 0.007649 0.004849 -0.205285 0.978660
1630598139.229248 -769.097754 1092.877517 -0.173151 0.007521 0.004528 -0.205319 0.978656
1630598139.333008 -767.780819 1093.413662 -0.177411 0.007698 0.003647 -0.205438 0.978633
1630598139.436768 -766.462361 1093.950085 -0.180032 0.007643 0.003758 -0.205293 0.978663
1630598139.540283 -765.146605 1094.485017 -0.183109 0.008203 0.003291 -0.205014 0.978719
1630598139.644043 -763.824794 1095.022766 -0.185350 0.008048 0.004662 -0.204917 0.978735
1630598139.747803 -762.505212 1095.562814 -0.188136 0.006940 0.004751 -0.204855 0.978756
1630598139.851441 -761.192374 1096.101656 -0.193057 0.006865 0.003322 -0.204739 0.978787
1630598139.955200 -759.878925 1096.641825 -0.196427 0.006719 0.002132 -0.204562 0.978828
1630598140.058960 -758.563109 1097.183822 -0.196749 0.005617 0.002439 -0.204530 0.978841
1630598140.162598 -757.249996 1097.726786 -0.197220 0.003288 0.001603 -0.204947 0.978766
1630598140.266235 -755.937789 1098.267377 -0.200378 0.001200 0.001042 -0.205862 0.978580
1630598140.369995 -754.623641 1098.805541 -0.206095 -0.000326 0.000552 -0.206829 0.978377
1630598140.473633 -753.309497 1099.337774 -0.213913 -0.001027 0.000765 -0.207699 0.978192
1630598140.577393 -751.992071 1099.864355 -0.223807 -0.000916 0.001505 -0.208696 0.977979
1630598140.681152 -750.673774 1100.386714 -0.234510 0.000215 0.002505 -0.209722 0.977758
1630598140.784790 -749.360891 1100.910510 -0.245082 -0.002812 0.000808 -0.210288 0.977635
1630598140.888672 -748.050638 1101.419792 -0.252453 0.002725 -0.001062 -0.211261 0.977425
1630598140.992188 -746.749244 1101.927179 -0.251948 0.005973 -0.004327 -0.212247 0.977188
1630598141.095947 -745.431716 1102.434154 -0.237153 0.008087 -0.003676 -0.212855 0.977043
1630598141.199585 -744.107843 1102.941243 -0.217548 0.007394 -0.000387 -0.213784 0.976853
1630598141.303223 -742.786769 1103.446837 -0.204935 0.007695 0.001119 -0.214814 0.976624
1630598141.406983 -741.468253 1103.952106 -0.200776 0.007676 0.000277 -0.215791 0.976409
1630598141.510498 -740.153693 1104.452712 -0.198722 0.007998 -0.001142 -0.217004 0.976137
1630598141.614380 -738.833053 1104.951004 -0.193499 0.008954 -0.002269 -0.218741 0.975739
1630598141.718018 -737.510996 1105.442460 -0.182352 0.010109 -0.002076 -0.220804 0.975264
1630598141.821777 -736.182898 1105.929853 -0.167394 0.009826 -0.001604 -0.222767 0.974821
1630598141.925537 -734.852942 1106.411458 -0.152166 0.009324 -0.000758 -0.224549 0.974418
1630598142.029297 -733.525104 1106.887591 -0.139783 0.009411 -0.000703 -0.226500 0.973965
1630598142.133057 -732.198265 1107.356775 -0.129312 0.010291 -0.000638 -0.228533 0.973482
1630598142.236694 -730.871508 1107.817928 -0.118742 0.011273 -0.000348 -0.230502 0.973006
1630598142.340576 -729.539126 1108.274272 -0.107584 0.011556 0.000804 -0.232509 0.972525
1630598142.444214 -728.208213 1108.725510 -0.097588 0.010939 0.002282 -0.234421 0.972071
1630598142.547974 -726.875855 1109.172493 -0.091511 0.010355 0.004000 -0.236317 0.971613
1630598142.651611 -725.547636 1109.616195 -0.090532 0.008936 0.004441 -0.238266 0.971149
1630598142.755371 -724.220625 1110.055143 -0.092949 0.007725 0.004202 -0.240167 0.970692
1630598142.859131 -722.897677 1110.487815 -0.096231 0.007135 0.002819 -0.241996 0.970247
1630598142.962647 -721.580313 1110.910734 -0.097073 0.007645 0.000642 -0.243907 0.969768
1630598143.066406 -720.259623 1111.328279 -0.092857 0.007390 0.000204 -0.245663 0.969327
1630598143.170166 -718.936149 1111.739603 -0.084380 0.007689 0.000650 -0.247317 0.968904
1630598143.273804 -717.612445 1112.147129 -0.076910 0.006053 0.002757 -0.249018 0.968476
1630598143.377442 -716.290946 1112.549345 -0.076004 0.004924 0.004519 -0.250730 0.968034
1630598143.481079 -714.976145 1112.945478 -0.082615 0.003924 0.004571 -0.252423 0.967598
1630598143.584961 -713.662058 1113.332905 -0.092743 0.005151 0.004273 -0.254206 0.967127
1630598143.688477 -712.353215 1113.711704 -0.100823 0.006191 0.004675 -0.255892 0.966674
1630598143.792236 -711.041221 1114.082954 -0.106346 0.008027 0.005465 -0.257592 0.966205
1630598143.895996 -709.729172 1114.449045 -0.111373 0.009324 0.007378 -0.259392 0.965699
1630598143.999756 -708.419060 1114.815224 -0.117289 0.007899 0.008492 -0.260992 0.965271
1630598144.103516 -707.114513 1115.177750 -0.126925 0.007061 0.008020 -0.262430 0.964892
1630598144.207153 -705.818170 1115.536213 -0.138964 0.006425 0.006520 -0.264106 0.964450
1630598144.311035 -704.520459 1115.888811 -0.149815 0.006645 0.005192 -0.265753 0.964004
1630598144.414795 -703.221192 1116.233972 -0.157577 0.006865 0.006597 -0.267266 0.963576
1630598144.518433 -701.923313 1116.574516 -0.164749 0.006157 0.007897 -0.268517 0.963223
1630598144.622070 -700.629370 1116.909447 -0.175358 0.005966 0.009265 -0.269579 0.962915
1630598144.725830 -699.340265 1117.241399 -0.190073 0.005870 0.008605 -0.270803 0.962579
1630598144.829590 -698.054442 1117.569942 -0.206414 0.006146 0.008908 -0.272034 0.962227
1630598144.933228 -696.773853 1117.896063 -0.220239 0.006184 0.007433 -0.272973 0.961973
1630598145.036865 -695.497024 1118.217767 -0.231968 0.006409 0.006426 -0.273632 0.961792
1630598145.140625 -694.219854 1118.537290 -0.240610 0.006475 0.005598 -0.274190 0.961637
1630598145.244263 -692.945559 1118.854441 -0.246781 0.006438 0.005715 -0.274749 0.961477
1630598145.347901 -691.675129 1119.167925 -0.253027 0.006900 0.005517 -0.275296 0.961319
1630598145.451538 -690.406878 1119.477733 -0.260267 0.008317 0.005410 -0.275830 0.961155
1630598145.555298 -689.136286 1119.787223 -0.266810 0.007517 0.006943 -0.276267 0.961026
1630598145.658936 -687.869667 1120.094358 -0.274310 0.008196 0.007862 -0.276305 0.961003
1630598145.762695 -686.607905 1120.402515 -0.284456 0.008564 0.006928 -0.276029 0.961086
1630598145.866333 -685.351497 1120.711778 -0.293862 0.009451 0.004867 -0.275784 0.961161
1630598145.969971 -684.094219 1121.023268 -0.298952 0.009546 0.003415 -0.275511 0.961244
1630598146.073731 -682.832021 1121.336475 -0.300203 0.009272 0.003076 -0.275276 0.961316
1630598146.177490 -681.565641 1121.650735 -0.301099 0.008685 0.003894 -0.274953 0.961410
1630598146.281250 -680.295825 1121.966407 -0.304916 0.007593 0.005143 -0.274659 0.961498
1630598146.384888 -679.027331 1122.282478 -0.312992 0.007140 0.006122 -0.274334 0.961589
1630598146.488526 -677.762980 1122.601974 -0.323869 0.006417 0.004530 -0.273963 0.961708
1630598146.592285 -676.499084 1122.924961 -0.333285 0.005486 0.001277 -0.273588 0.961831
1630598146.696045 -675.230487 1123.246586 -0.337238 0.005685 0.000362 -0.273333 0.961903
1630598146.799805 -673.957579 1123.570923 -0.335848 0.004764 -0.000222 -0.273134 0.961964
1630598146.903565 -672.680640 1123.894789 -0.333739 0.004139 0.000845 -0.272728 0.962082
1630598147.007324 -671.401225 1124.217545 -0.335430 0.003985 0.002638 -0.272323 0.962194
1630598147.111084 -670.121245 1124.540978 -0.342427 0.003645 0.004460 -0.272133 0.962243
1630598147.214844 -668.844361 1124.865908 -0.353507 0.003369 0.005069 -0.271899 0.962307
1630598147.318482 -667.574861 1125.190978 -0.365816 0.003630 0.003716 -0.271542 0.962413
1630598147.422363 -666.306684 1125.517775 -0.374718 0.004395 0.000955 -0.271358 0.962468
1630598147.525879 -665.042138 1125.849285 -0.377059 0.002844 -0.001382 -0.271110 0.962543
1630598147.629639 -663.768016 1126.180590 -0.375087 0.002070 -0.000086 -0.270876 0.962612
1630598147.733154 -662.495143 1126.512303 -0.374717 -0.000938 0.001883 -0.270765 0.962643
1630598147.836914 -661.224190 1126.840668 -0.380425 -0.001313 0.002854 -0.270759 0.962642
1630598147.940674 -659.958757 1127.164536 -0.392264 -0.001009 0.002351 -0.270651 0.962674
1630598148.044312 -658.694688 1127.484752 -0.405346 0.000654 0.002970 -0.270693 0.962661
1630598148.147949 -657.428308 1127.807707 -0.417676 0.000470 0.004465 -0.270804 0.962624
1630598148.251709 -656.160633 1128.130503 -0.430656 -0.000010 0.006423 -0.270961 0.962569
1630598148.355469 -654.897504 1128.452248 -0.447717 0.000101 0.007038 -0.271366 0.962451
1630598148.459107 -653.638020 1128.771746 -0.467631 0.001075 0.007674 -0.272113 0.962234
1630598148.562866 -652.379308 1129.091645 -0.487063 0.000543 0.006860 -0.272626 0.962096
1630598148.666626 -651.120493 1129.407802 -0.506884 0.000629 0.006600 -0.273135 0.961953
1630598148.770264 -649.859647 1129.718379 -0.525788 0.002015 0.008357 -0.274016 0.961687
1630598148.874024 -648.599371 1130.032339 -0.544796 0.000772 0.008887 -0.274700 0.961489
1630598148.977661 -647.343206 1130.341142 -0.566173 0.001491 0.008917 -0.275240 0.961333
1630598149.081299 -646.088762 1130.648726 -0.588229 0.002333 0.008882 -0.276079 0.961091
1630598149.185059 -644.833565 1130.956106 -0.609196 0.002248 0.008285 -0.277103 0.960802
1630598149.288818 -643.578626 1131.260217 -0.628616 0.002043 0.007694 -0.278119 0.960514
1630598149.392578 -642.324185 1131.560915 -0.646432 0.001895 0.007192 -0.279146 0.960220
1630598149.496338 -641.069179 1131.857284 -0.663405 0.002356 0.007036 -0.280095 0.959944
1630598149.599976 -639.814833 1132.151090 -0.679928 0.002014 0.007067 -0.280954 0.959693
1630598149.703858 -638.556758 1132.444098 -0.697546 0.001705 0.007968 -0.282019 0.959374
1630598149.807373 -637.303072 1132.734383 -0.716617 0.000870 0.008250 -0.283648 0.958893
1630598149.911133 -636.047682 1133.019474 -0.737456 0.000776 0.008608 -0.285782 0.958256
1630598150.014893 -634.794005 1133.296827 -0.759517 0.000662 0.007905 -0.288218 0.957532
1630598150.118530 -633.541842 1133.569034 -0.780502 0.000300 0.006648 -0.290545 0.956838
1630598150.222168 -632.286472 1133.833853 -0.799734 -0.000406 0.006427 -0.293016 0.956086
1630598150.325928 -631.027176 1134.094003 -0.818580 -0.001410 0.007152 -0.296014 0.955156
1630598150.429688 -629.767046 1134.347109 -0.839203 -0.002641 0.007496 -0.299265 0.954137
1630598150.533325 -628.507962 1134.588458 -0.862737 -0.003221 0.007910 -0.302747 0.953033
1630598150.637085 -627.247911 1134.814964 -0.887979 -0.002268 0.008176 -0.306611 0.951797
1630598150.740723 -625.990096 1135.026829 -0.913256 -0.000317 0.007903 -0.310864 0.950421
1630598150.844483 -624.728239 1135.231060 -0.936545 0.000210 0.008813 -0.315378 0.948925
1630598150.948242 -623.463940 1135.427786 -0.957619 -0.001686 0.010017 -0.320001 0.947363
1630598151.052002 -622.204965 1135.610492 -0.978850 -0.002301 0.009906 -0.325038 0.945646
1630598151.155518 -620.956192 1135.775533 -1.003452 -0.000755 0.007511 -0.330404 0.943809
1630598151.259277 -619.702976 1135.925000 -1.025573 0.000128 0.005725 -0.335578 0.941995
1630598151.363037 -618.443189 1136.056228 -1.043258 0.001583 0.007390 -0.340623 0.940170
1630598151.466797 -617.180328 1136.173642 -1.060873 0.002325 0.010456 -0.345659 0.938299
1630598151.570435 -615.919674 1136.279533 -1.084097 0.002276 0.013086 -0.350744 0.936377
1630598151.674072 -614.661595 1136.375255 -1.113722 0.001846 0.014372 -0.355663 0.934502
1630598151.777832 -613.404487 1136.460651 -1.148380 0.000536 0.014534 -0.360429 0.932673
1630598151.881348 -612.151394 1136.531080 -1.185192 0.001394 0.014985 -0.365151 0.930827
1630598151.985108 -610.896994 1136.591115 -1.221649 0.000585 0.014285 -0.369574 0.929091
1630598152.088745 -609.646768 1136.635665 -1.256073 0.001877 0.013687 -0.373731 0.927434
1630598152.192383 -608.399447 1136.667378 -1.286666 0.004064 0.012078 -0.377600 0.925881
1630598152.296143 -607.148065 1136.690265 -1.313997 0.004860 0.011444 -0.380865 0.924547
1630598152.399902 -605.889017 1136.705140 -1.339464 0.004578 0.014036 -0.383805 0.923296
1630598152.503418 -604.632617 1136.712621 -1.367413 0.003845 0.017198 -0.386658 0.922055
1630598152.607178 -603.380002 1136.713981 -1.403796 0.003686 0.018173 -0.389729 0.920743
1630598152.710938 -602.132663 1136.708231 -1.445197 0.004061 0.017700 -0.392552 0.919551
1630598152.814697 -600.886722 1136.698040 -1.486699 0.003030 0.016507 -0.395105 0.918483
1630598152.918457 -599.639159 1136.682006 -1.526134 0.002026 0.016170 -0.397658 0.917389
1630598153.022217 -598.391403 1136.662195 -1.563831 -0.000353 0.015739 -0.400172 0.916305
1630598153.125977 -597.147832 1136.632394 -1.601749 -0.000475 0.015169 -0.402809 0.915158
1630598153.229859 -595.905830 1136.593500 -1.639613 -0.000323 0.013558 -0.405148 0.914150
1630598153.333496 -594.665267 1136.544978 -1.674994 0.000432 0.013628 -0.406987 0.913332
1630598153.437256 -593.422040 1136.491011 -1.708769 0.000751 0.014726 -0.408693 0.912553
1630598153.541016 -592.181298 1136.437052 -1.744026 -0.000643 0.015400 -0.410473 0.911743
1630598153.644776 -590.947381 1136.378818 -1.781727 -0.000993 0.016162 -0.412338 0.910887
1630598153.748413 -589.726091 1136.317143 -1.820653 -0.001821 0.015747 -0.414065 0.910109
1630598153.852051 -588.517998 1136.248924 -1.858768 -0.001540 0.015599 -0.415790 0.909326
1630598153.955811 -587.321805 1136.174749 -1.894487 -0.001146 0.015757 -0.417309 0.908628
1630598154.059570 -586.140456 1136.096658 -1.928453 -0.000445 0.016362 -0.418879 0.907894
1630598154.163086 -584.977799 1136.016029 -1.962129 -0.000037 0.017100 -0.420241 0.907252
1630598154.266846 -583.831013 1135.933955 -1.996537 0.000116 0.017956 -0.421438 0.906679
1630598154.370361 -582.709607 1135.852699 -2.030536 -0.000059 0.018361 -0.422575 0.906142
1630598154.474121 -581.610916 1135.770799 -2.064461 0.000184 0.017763 -0.423678 0.905639
1630598154.577881 -580.534567 1135.686103 -2.097876 0.000549 0.018762 -0.424666 0.905156
1630598154.681641 -579.480972 1135.600141 -2.128675 0.000375 0.020172 -0.425564 0.904704
1630598154.785278 -578.457655 1135.514488 -2.159539 0.000243 0.021782 -0.426161 0.904385
1630598154.888916 -577.468130 1135.430908 -2.192634 0.001355 0.022294 -0.426697 0.904119
1630598154.992676 -576.511432 1135.352161 -2.226326 0.001339 0.021754 -0.426981 0.903998
1630598155.096314 -575.587597 1135.274400 -2.259462 0.001084 0.022608 -0.427429 0.903766
1630598155.200073 -574.697697 1135.196454 -2.289229 0.001350 0.023233 -0.427702 0.903620
1630598155.303833 -573.843357 1135.123021 -2.317146 0.001682 0.023386 -0.428125 0.903415
1630598155.407471 -573.023672 1135.051612 -2.346121 0.002526 0.022511 -0.428040 0.903476
1630598155.511231 -572.231242 1134.979669 -2.373364 0.003542 0.022831 -0.427636 0.903656
1630598155.614990 -571.466884 1134.913947 -2.399109 0.003856 0.022980 -0.427808 0.903569
1630598155.718750 -570.731736 1134.857210 -2.421795 0.002256 0.022026 -0.427658 0.903669
1630598155.822388 -570.024337 1134.798448 -2.444658 0.003535 0.020907 -0.427367 0.903829
1630598155.926148 -569.336380 1134.739745 -2.469346 0.002781 0.021292 -0.427123 0.903938
1630598156.029785 -568.680655 1134.680060 -2.487653 0.006253 0.016913 -0.427213 0.903971
1630598156.133545 -568.046521 1134.625770 -2.495859 0.009708 0.008530 -0.427466 0.903939
1630598156.237305 -567.415330 1134.576460 -2.505408 0.012129 -0.001641 -0.427580 0.903895
1630598156.340820 -566.769491 1134.526328 -2.522493 0.012272 -0.005585 -0.428018 0.903670
1630598156.444580 -566.089038 1134.465720 -2.527978 0.009165 0.003617 -0.428623 0.903430
1630598156.548340 -565.391762 1134.398429 -2.522294 0.004511 0.019552 -0.429782 0.902710
1630598156.652100 -564.706459 1134.329854 -2.520156 0.001850 0.030916 -0.431344 0.901656
1630598156.755860 -564.040643 1134.267043 -2.542562 0.000003 0.033111 -0.432651 0.900953
1630598156.859497 -563.380741 1134.206886 -2.591343 -0.001461 0.033638 -0.433944 0.900310
1630598156.963379 -562.706980 1134.148882 -2.650844 -0.005759 0.034612 -0.434888 0.899801
1630598157.066895 -562.023091 1134.080405 -2.697300 -0.009299 0.042997 -0.435415 0.899154
1630598157.170654 -561.356153 1134.005856 -2.732413 -0.008018 0.043139 -0.436320 0.898721
1630598157.274414 -560.715142 1133.932046 -2.771024 -0.002923 0.034085 -0.437512 0.898562
1630598157.377930 -560.086395 1133.865525 -2.824804 0.001691 0.019001 -0.438504 0.898527
1630598157.481690 -559.441184 1133.797794 -2.876279 0.004861 0.008882 -0.439207 0.898329
1630598157.585205 -558.764054 1133.727059 -2.900753 0.002592 0.009656 -0.439519 0.898177
1630598157.688965 -558.065403 1133.651160 -2.907826 -0.000127 0.015924 -0.439744 0.897982
1630598157.792481 -557.364813 1133.570963 -2.919987 -0.001027 0.018901 -0.439913 0.897841
1630598157.896362 -556.663906 1133.485515 -2.944957 0.001433 0.017122 -0.440398 0.897638
1630598158.000000 -555.959185 1133.400683 -2.978358 0.004418 0.012254 -0.441126 0.897351
1630598158.103760 -555.235007 1133.315559 -3.009805 0.006423 0.008355 -0.441655 0.897123
1630598158.207520 -554.485592 1133.227472 -3.033369 0.006750 0.007984 -0.442034 0.896937
1630598158.311279 -553.713631 1133.133541 -3.049859 0.006834 0.010686 -0.442135 0.896859
1630598158.415039 -552.926726 1133.035270 -3.065845 0.007434 0.013697 -0.442169 0.896796
1630598158.518799 -552.130442 1132.935023 -3.087060 0.009070 0.014836 -0.442276 0.896710
1630598158.622437 -551.324861 1132.834299 -3.113237 0.011311 0.014077 -0.442210 0.896729
1630598158.726196 -550.503274 1132.734951 -3.140600 0.012560 0.013016 -0.442174 0.896747
1630598158.829956 -549.663313 1132.636059 -3.165865 0.012443 0.013323 -0.442076 0.896792
1630598158.933594 -548.808651 1132.533739 -3.188591 0.012525 0.015373 -0.441687 0.896950
1630598159.037232 -547.944616 1132.427913 -3.211614 0.013698 0.017729 -0.441290 0.897085
1630598159.141113 -547.072154 1132.321441 -3.237977 0.016341 0.019682 -0.440493 0.897391
1630598159.244629 -546.195139 1132.223069 -3.266850 0.016080 0.018679 -0.439252 0.898026
1630598159.348389 -545.307440 1132.128001 -3.295329 0.015488 0.018951 -0.437882 0.898699
1630598159.452026 -544.411220 1132.036022 -3.323621 0.015219 0.018131 -0.436435 0.899425
1630598159.555786 -543.503996 1131.947922 -3.352277 0.014201 0.017280 -0.435294 0.900010
1630598159.659424 -542.586847 1131.861224 -3.381112 0.013691 0.015969 -0.434072 0.900632
1630598159.763062 -541.656651 1131.777053 -3.409732 0.012423 0.015035 -0.432822 0.901268
1630598159.866699 -540.711540 1131.694774 -3.437754 0.010897 0.014537 -0.431508 0.901926
1630598159.970459 -539.751510 1131.611125 -3.465736 0.010234 0.014330 -0.430230 0.902548
1630598160.074219 -538.778489 1131.527035 -3.494440 0.009931 0.014145 -0.429022 0.903129
1630598160.177857 -537.794716 1131.446761 -3.523121 0.009662 0.012840 -0.427885 0.903690
1630598160.281494 -536.796990 1131.368288 -3.551159 0.009013 0.011465 -0.426830 0.904214
1630598160.385254 -535.780778 1131.284818 -3.579560 0.009285 0.011546 -0.425973 0.904615
1630598160.489136 -534.744937 1131.200897 -3.606383 0.008726 0.013343 -0.425590 0.904776
1630598160.592896 -533.696447 1131.115431 -3.635065 0.009458 0.015049 -0.425128 0.904959
1630598160.696533 -532.639477 1131.029313 -3.667276 0.010825 0.015162 -0.424513 0.905230
1630598160.800293 -531.569621 1130.941072 -3.701944 0.013120 0.014542 -0.423979 0.905460
1630598160.904175 -530.481415 1130.854207 -3.735880 0.014366 0.014510 -0.423531 0.905651
1630598161.007813 -529.378897 1130.770786 -3.766609 0.014784 0.015495 -0.422955 0.905898
1630598161.111572 -528.261791 1130.690012 -3.797688 0.014024 0.015106 -0.422531 0.906114
1630598161.215332 -527.131800 1130.609628 -3.829492 0.013578 0.014437 -0.422271 0.906253
1630598161.318848 -525.991183 1130.530135 -3.861126 0.013355 0.013788 -0.421990 0.906397
1630598161.422608 -524.835118 1130.450273 -3.891886 0.013199 0.012874 -0.421605 0.906592
1630598161.526123 -523.669435 1130.370948 -3.921163 0.012625 0.011561 -0.421278 0.906770
1630598161.629883 -522.486778 1130.292001 -3.949012 0.011911 0.010256 -0.421135 0.906862
1630598161.733399 -521.289743 1130.211413 -3.975522 0.010957 0.011028 -0.420952 0.906950
1630598161.837158 -520.075042 1130.125547 -4.002877 0.010871 0.013645 -0.420819 0.906977
1630598161.940796 -518.852934 1130.038093 -4.034315 0.010903 0.016121 -0.420551 0.907060
1630598162.044434 -517.628885 1129.952470 -4.069016 0.010396 0.017249 -0.420137 0.907237
1630598162.148071 -516.404510 1129.866510 -4.105940 0.012046 0.016539 -0.419772 0.907399
1630598162.251831 -515.173258 1129.782933 -4.140457 0.012541 0.016024 -0.419707 0.907431
1630598162.355469 -513.937188 1129.699950 -4.172475 0.012707 0.015904 -0.419556 0.907501
1630598162.459229 -512.693482 1129.616419 -4.204589 0.012866 0.016832 -0.419231 0.907632
1630598162.562988 -511.444587 1129.534055 -4.238613 0.012415 0.017706 -0.418855 0.907795
1630598162.666748 -510.192136 1129.452113 -4.275605 0.012608 0.018503 -0.418525 0.907929
1630598162.770508 -508.935780 1129.372917 -4.314803 0.012251 0.017419 -0.418268 0.908074
1630598162.874390 -507.671135 1129.294489 -4.353902 0.012376 0.017504 -0.418106 0.908145
1630598162.978027 -506.401452 1129.218291 -4.392042 0.010596 0.017618 -0.417731 0.908338
1630598163.081787 -505.123930 1129.141934 -4.430686 0.009375 0.018878 -0.417382 0.908487
1630598163.185547 -503.846657 1129.065745 -4.470894 0.008578 0.019214 -0.417109 0.908613
1630598163.289307 -502.571763 1128.988273 -4.513481 0.009403 0.017227 -0.416915 0.908734
1630598163.392944 -501.293333 1128.907063 -4.553469 0.011172 0.017058 -0.416796 0.908771
1630598163.496704 -500.005265 1128.826339 -4.590354 0.011303 0.018672 -0.416562 0.908845
1630598163.600342 -498.718156 1128.748578 -4.627366 0.010483 0.019676 -0.416259 0.908973
1630598163.704102 -497.431926 1128.671579 -4.668502 0.011086 0.019311 -0.416091 0.909051
1630598163.807739 -496.146746 1128.597912 -4.708252 0.010932 0.018154 -0.415943 0.909144
1630598163.911377 -494.863231 1128.523992 -4.745279 0.011501 0.016415 -0.415723 0.909270
1630598164.015137 -493.579534 1128.450012 -4.777977 0.012383 0.013892 -0.415554 0.909378
1630598164.118652 -492.294705 1128.375092 -4.805186 0.013080 0.013355 -0.415372 0.909459
1630598164.222412 -491.002045 1128.303010 -4.827720 0.011222 0.013947 -0.415035 0.909630
1630598164.325928 -489.712820 1128.227695 -4.851829 0.011933 0.015698 -0.414852 0.909675
1630598164.429688 -488.422863 1128.152565 -4.880333 0.012417 0.017306 -0.414798 0.909664
1630598164.533447 -487.135284 1128.079202 -4.913189 0.012212 0.018769 -0.414509 0.909770
1630598164.637207 -485.853050 1128.007191 -4.949279 0.012215 0.019671 -0.414168 0.909906
1630598164.740845 -484.579138 1127.939315 -4.987091 0.011727 0.018805 -0.413973 0.910019
1630598164.844483 -483.308902 1127.871786 -5.023831 0.011693 0.018705 -0.413879 0.910064
1630598164.948242 -482.041261 1127.804134 -5.058192 0.011070 0.019430 -0.413774 0.910105
1630598165.052002 -480.780791 1127.736435 -5.092969 0.011251 0.020015 -0.413497 0.910216
1630598165.155762 -479.529286 1127.669786 -5.128372 0.011064 0.019747 -0.413169 0.910373
1630598165.259522 -478.285688 1127.607185 -5.164323 0.010510 0.018884 -0.412898 0.910521
1630598165.363159 -477.049382 1127.548431 -5.198830 0.009068 0.018649 -0.412726 0.910619
1630598165.467041 -475.817806 1127.490764 -5.232806 0.007466 0.018277 -0.412502 0.910743
1630598165.570801 -474.599111 1127.430531 -5.266252 0.007815 0.017502 -0.412286 0.910853
1630598165.674317 -473.393451 1127.364608 -5.299343 0.010744 0.017163 -0.412034 0.910943
1630598165.778076 -472.189192 1127.301871 -5.328964 0.011412 0.017042 -0.410975 0.911416
1630598165.881836 -470.989160 1127.244846 -5.356555 0.011324 0.018894 -0.409595 0.912001
1630598165.985352 -469.801434 1127.200499 -5.384813 0.008234 0.019334 -0.408334 0.912591
1630598166.089111 -468.625565 1127.158518 -5.416994 0.007587 0.017794 -0.407691 0.912915
1630598166.192627 -467.463032 1127.118908 -5.449807 0.006243 0.015750 -0.407081 0.913235
1630598166.296509 -466.302966 1127.074678 -5.479209 0.007328 0.015864 -0.406365 0.913544
1630598166.400147 -465.154488 1127.034582 -5.505234 0.006691 0.014560 -0.405512 0.913949
1630598166.503906 -464.018470 1126.997517 -5.529738 0.005663 0.014462 -0.404914 0.914223
1630598166.607666 -462.899774 1126.959872 -5.552147 0.006606 0.012265 -0.404773 0.914311
1630598166.711304 -461.797926 1126.919122 -5.568719 0.008723 0.011123 -0.404503 0.914427
1630598166.815186 -460.706504 1126.881129 -5.580849 0.009782 0.008966 -0.404269 0.914544
1630598166.918823 -459.625479 1126.842955 -5.590477 0.009977 0.010290 -0.403706 0.914777
1630598167.022583 -458.558602 1126.803151 -5.597073 0.011673 0.012750 -0.403513 0.914811
1630598167.126343 -457.518245 1126.770432 -5.604270 0.012168 0.009331 -0.403485 0.914858
1630598167.229981 -456.501502 1126.737237 -5.613428 0.013628 0.005693 -0.403761 0.914745
1630598167.333740 -455.494700 1126.700363 -5.614269 0.015771 0.003204 -0.403916 0.914654
1630598167.437500 -454.493896 1126.659760 -5.607536 0.017443 0.006682 -0.404410 0.914387
1630598167.541138 -453.510643 1126.619334 -5.599570 0.017671 0.009450 -0.404964 0.914113
1630598167.644898 -452.556547 1126.583638 -5.593674 0.017575 0.007412 -0.406125 0.913619
1630598167.748535 -451.636097 1126.550872 -5.590825 0.018595 -0.000199 -0.408684 0.912487
1630598167.852295 -450.731371 1126.516811 -5.584650 0.017670 -0.007521 -0.412441 0.910782
1630598167.956055 -449.833028 1126.471932 -5.563767 0.015735 -0.009266 -0.417835 0.908340
1630598168.059815 -448.944937 1126.412534 -5.532072 0.012729 -0.008078 -0.424027 0.905524
1630598168.163574 -448.074212 1126.339613 -5.503014 0.010845 -0.008056 -0.431762 0.901886
1630598168.267334 -447.219980 1126.251877 -5.481275 0.009429 -0.010095 -0.440659 0.897568
1630598168.371094 -446.375112 1126.145638 -5.463536 0.007970 -0.012812 -0.450993 0.892400
1630598168.474976 -445.533048 1126.015237 -5.445125 0.006570 -0.013101 -0.463146 0.886161
1630598168.578735 -444.696412 1125.855819 -5.424325 0.005650 -0.010857 -0.476491 0.879094
1630598168.682495 -443.869080 1125.669338 -5.403925 0.004421 -0.008061 -0.490604 0.871334
1630598168.786377 -443.056737 1125.455703 -5.387426 0.004366 -0.006747 -0.505282 0.862917
1630598168.890137 -442.264692 1125.214620 -5.375027 0.005668 -0.007469 -0.520778 0.853641
1630598168.993652 -441.490270 1124.952066 -5.363805 0.004088 -0.009989 -0.537210 0.843380
1630598169.097412 -440.727538 1124.658329 -5.350697 0.003998 -0.011551 -0.554199 0.832295
1630598169.201050 -439.980069 1124.333300 -5.333693 0.003113 -0.011652 -0.571136 0.820767
1630598169.304443 -439.253117 1123.978069 -5.314794 0.003468 -0.012139 -0.588169 0.808639
1630598169.408081 -438.543003 1123.594834 -5.296620 0.003010 -0.013591 -0.605019 0.796089
1630598169.511597 -437.851478 1123.183660 -5.279661 0.002694 -0.015314 -0.621566 0.783207
1630598169.615112 -437.173576 1122.742582 -5.261428 0.002101 -0.015245 -0.637799 0.770049
1630598169.718628 -436.506926 1122.273456 -5.242385 -0.000863 -0.014111 -0.654010 0.756354
1630598169.822144 -435.856983 1121.770086 -5.223708 -0.002212 -0.011150 -0.669984 0.742288
1630598169.925537 -435.228283 1121.235260 -5.209192 -0.002890 -0.008840 -0.685682 0.727842
1630598170.029297 -434.619729 1120.669134 -5.199464 -0.002883 -0.007321 -0.701409 0.712715
1630598170.132813 -434.038262 1120.075386 -5.192587 -0.002050 -0.007237 -0.716695 0.697346
1630598170.236572 -433.479311 1119.452847 -5.186833 -0.001335 -0.008363 -0.731288 0.682017
1630598170.340210 -432.941466 1118.803457 -5.181128 -0.001211 -0.009548 -0.745037 0.666954
1630598170.444092 -432.422396 1118.123890 -5.173290 -0.001478 -0.010307 -0.758124 0.652028
1630598170.547852 -431.923180 1117.415744 -5.164146 -0.001619 -0.010788 -0.770694 0.637112
1630598170.651734 -431.442018 1116.677508 -5.155225 -0.001539 -0.010765 -0.782879 0.622079
1630598170.755493 -430.981805 1115.909937 -5.146762 -0.001177 -0.010264 -0.794402 0.607304
1630598170.859253 -430.543180 1115.112188 -5.138636 -0.000508 -0.009642 -0.805047 0.593133
1630598170.963135 -430.124604 1114.284995 -5.132027 -0.000101 -0.009100 -0.814979 0.579419
1630598171.066895 -429.725057 1113.431759 -5.126936 -0.000036 -0.008532 -0.824122 0.566348
1630598171.170654 -429.345287 1112.552811 -5.121983 0.000089 -0.008834 -0.832422 0.554072
1630598171.274414 -428.987250 1111.647667 -5.117996 0.001391 -0.010435 -0.839579 0.543135
1630598171.378052 -428.644443 1110.715486 -5.116134 0.003274 -0.011078 -0.845676 0.533572
1630598171.481568 -428.308590 1109.757964 -5.111360 0.003393 -0.010393 -0.851063 0.524949
1630598171.585205 -427.980708 1108.775773 -5.105368 0.002481 -0.009412 -0.855898 0.517054
1630598171.688843 -427.665174 1107.770221 -5.102746 0.002421 -0.009412 -0.860191 0.509880
1630598171.792236 -427.360139 1106.743933 -5.101073 0.001942 -0.009547 -0.863976 0.503438
1630598171.895996 -427.062411 1105.691961 -5.098070 -0.001212 0.010218 0.867347 -0.497598
1630598171.999512 -426.776858 1104.617921 -5.095177 -0.002076 0.011187 0.870077 -0.492785
1630598172.103272 -426.496292 1103.516641 -5.089944 -0.003339 0.011452 0.872058 -0.489258
1630598172.206787 -426.216473 1102.396960 -5.083215 -0.003416 0.011687 0.873488 -0.486693
1630598172.310547 -425.936909 1101.252997 -5.077914 -0.003873 0.012894 0.874469 -0.484894
1630598172.414307 -425.654089 1100.085039 -5.071455 -0.004052 0.013095 0.875300 -0.483385
1630598172.518067 -425.366833 1098.893876 -5.063575 -0.003551 0.012478 0.876003 -0.482131
1630598172.621948 -425.078227 1097.679863 -5.055602 -0.003182 0.012261 0.876716 -0.480841
1630598172.725708 -424.790846 1096.445649 -5.048346 -0.003449 0.012446 0.877466 -0.479465
1630598172.829712 -424.501788 1095.186348 -5.040715 -0.003989 0.011904 0.878196 -0.478137
1630598172.933594 -424.211338 1093.908298 -5.033226 -0.003875 0.011277 0.878860 -0.476931
1630598173.037476 -423.919655 1092.611234 -5.027228 -0.003842 0.011150 0.879420 -0.475901
1630598173.141358 -423.626305 1091.294517 -5.021930 -0.003555 0.011144 0.880021 -0.474790
1630598173.245239 -423.331869 1089.958107 -5.016411 -0.003248 0.011054 0.880642 -0.473642
1630598173.349121 -423.036856 1088.602297 -5.010530 -0.003011 0.011053 0.881243 -0.472525
1630598173.452881 -422.742539 1087.227732 -5.004560 -0.003187 0.011137 0.881893 -0.471308
1630598173.556519 -422.449431 1085.833914 -4.998896 -0.003942 0.010967 0.882581 -0.470015
1630598173.660278 -422.154824 1084.419812 -4.993096 -0.003863 0.011153 0.883150 -0.468942
1630598173.763916 -421.861682 1082.987586 -4.987565 -0.004961 0.011684 0.883644 -0.467988
1630598173.867432 -421.565849 1081.537380 -4.980833 -0.004940 0.011409 0.884103 -0.467126
1630598173.970825 -421.269297 1080.069858 -4.974575 -0.005295 0.011121 0.884510 -0.466359
1630598174.074463 -420.970516 1078.581699 -4.968503 -0.005277 0.011521 0.884861 -0.465682
1630598174.177979 -420.671900 1077.077941 -4.961871 -0.005539 0.012417 0.885127 -0.465151
1630598174.281372 -420.372372 1075.555811 -4.953621 -0.006340 0.012760 0.885333 -0.464740
1630598174.385010 -420.067238 1074.010850 -4.944408 -0.006384 0.011883 0.885453 -0.464533
1630598174.488648 -419.758832 1072.448121 -4.937297 -0.006995 0.011396 0.885568 -0.464317
1630598174.592285 -419.444496 1070.869728 -4.931745 -0.005642 0.010821 0.885616 -0.464258
1630598174.695801 -419.130063 1069.276093 -4.926954 -0.005620 0.011287 0.885583 -0.464310
1630598174.799561 -418.811866 1067.659759 -4.921097 -0.006366 0.011259 0.885481 -0.464495
1630598174.903320 -418.489648 1066.024355 -4.915295 -0.007227 0.010742 0.885225 -0.464983
1630598175.007202 -418.160011 1064.370553 -4.911044 -0.007169 0.009963 0.884869 -0.465678
1630598175.110962 -417.825604 1062.704131 -4.909153 -0.007440 0.010590 0.884546 -0.466273
1630598175.214722 -417.485866 1061.021278 -4.906444 -0.007514 0.011351 0.884263 -0.466791
1630598175.318726 -417.140945 1059.317355 -4.901112 -0.007938 0.012702 0.883993 -0.467260
1630598175.422608 -416.791538 1057.595544 -4.892995 -0.009122 0.013135 0.883732 -0.467720
1630598175.526489 -416.436200 1055.853806 -4.883928 -0.010265 0.012383 0.883495 -0.468164
1630598175.630249 -416.070935 1054.099932 -4.876482 -0.009119 0.011816 0.883179 -0.468798
1630598175.734009 -415.698638 1052.330327 -4.870079 -0.008272 0.011378 0.882800 -0.469538
1630598175.837891 -415.319076 1050.545005 -4.863367 -0.007190 0.011190 0.882474 -0.470173
1630598175.941528 -414.937975 1048.749764 -4.855571 -0.007342 0.011074 0.882124 -0.470830
1630598176.045166 -414.555830 1046.939929 -4.847299 -0.008815 0.010509 0.881765 -0.471490
1630598176.148682 -414.171097 1045.121766 -4.840369 -0.010813 0.010747 0.881354 -0.472211
1630598176.252319 -413.777776 1043.293744 -4.833762 -0.010889 0.011815 0.880995 -0.472852
1630598176.355957 -413.373563 1041.454723 -4.824124 -0.008837 0.011370 0.880911 -0.473062
1630598176.459595 -412.963792 1039.603897 -4.812975 -0.007437 0.010961 0.881019 -0.472895
1630598176.563110 -412.550851 1037.744299 -4.801339 -0.005478 0.010482 0.880969 -0.473026
1630598176.666748 -412.136489 1035.871130 -4.789528 -0.003867 0.010638 0.880837 -0.473284
1630598176.770264 -411.722610 1033.986560 -4.776837 -0.003463 0.010451 0.880799 -0.473362
1630598176.874024 -411.309295 1032.082698 -4.765533 -0.005341 0.009703 0.880823 -0.473317
1630598176.977539 -410.895735 1030.171525 -4.757445 -0.007014 0.008811 0.880752 -0.473445
1630598177.081299 -410.478502 1028.248374 -4.752854 -0.008226 0.008435 0.880629 -0.473660
1630598177.184937 -410.056479 1026.322829 -4.748886 -0.007971 0.008905 0.880587 -0.473733
1630598177.288696 -409.630699 1024.389229 -4.741286 -0.007160 0.010409 0.880582 -0.473724
1630598177.392578 -409.204412 1022.443289 -4.727443 -0.007674 0.010874 0.880554 -0.473759
1630598177.496338 -408.778074 1020.489189 -4.710964 -0.008875 0.010258 0.880446 -0.473952
1630598177.600098 -408.348854 1018.527459 -4.697556 -0.009452 0.009621 0.880341 -0.474150
1630598177.703980 -407.915134 1016.557557 -4.688691 -0.009315 0.009742 0.880336 -0.474159
1630598177.807739 -407.478472 1014.582498 -4.681465 -0.008938 0.010235 0.880378 -0.474077
1630598177.911377 -407.040642 1012.600899 -4.672449 -0.008529 0.010244 0.880392 -0.474060
1630598178.015137 -406.601712 1010.608049 -4.661586 -0.008874 0.010073 0.880337 -0.474159
1630598178.119019 -406.161517 1008.605338 -4.650159 -0.009247 0.010332 0.880299 -0.474216
1630598178.222656 -405.720738 1006.599248 -4.638585 -0.009529 0.010927 0.880331 -0.474139
1630598178.326416 -405.276439 1004.580379 -4.626447 -0.009311 0.011246 0.880500 -0.473821
1630598178.430054 -404.829574 1002.552786 -4.614846 -0.008526 0.010817 0.880790 -0.473306
1630598178.533692 -404.381164 1000.514709 -4.604375 -0.007296 0.010257 0.881191 -0.472594
1630598178.637329 -403.933516 998.467770 -4.594033 -0.005748 0.010664 0.881621 -0.471803
1630598178.740967 -403.487110 996.409442 -4.580675 -0.003986 0.010822 0.881972 -0.471161
1630598178.844483 -403.042827 994.339530 -4.565153 -0.003167 0.009711 0.882340 -0.470501
1630598178.948242 -402.600437 992.253261 -4.551756 -0.003211 0.008623 0.882819 -0.469622
1630598179.051880 -402.161519 990.161886 -4.541992 -0.003136 0.008353 0.883233 -0.468850
1630598179.155518 -401.723069 988.061064 -4.533623 -0.002381 0.008085 0.883620 -0.468129
1630598179.259033 -401.284446 985.952406 -4.525967 -0.001202 0.006665 0.884093 -0.467262
1630598179.362793 -400.849804 983.833240 -4.518727 -0.000283 0.006348 0.884623 -0.466263
1630598179.466431 -400.424516 981.711921 -4.507851 -0.000712 0.008238 0.885173 -0.465188
1630598179.570313 -400.003105 979.576808 -4.490170 -0.001659 0.008485 0.885611 -0.464348
1630598179.673950 -399.584586 977.441611 -4.470499 -0.001920 0.008536 0.885992 -0.463618
1630598179.777710 -399.168909 975.299932 -4.451536 -0.002814 0.008477 0.886272 -0.463079
1630598179.881592 -398.755340 973.153251 -4.434086 -0.003448 0.008711 0.886448 -0.462734
1630598179.985230 -398.344043 971.009360 -4.416888 -0.004008 0.009445 0.886500 -0.462615
1630598180.089111 -397.933910 968.858647 -4.396385 -0.005411 0.011830 0.886417 -0.462705
1630598180.192871 -397.523142 966.705241 -4.369842 -0.006255 0.013348 0.886156 -0.463153
1630598180.296509 -397.108034 964.546396 -4.337716 -0.007920 0.011723 0.885824 -0.463805
1630598180.400147 -396.688787 962.389397 -4.307868 -0.008355 0.012381 0.885609 -0.464191
1630598180.503906 -396.264883 960.231209 -4.278084 -0.008019 0.013500 0.885495 -0.464383
1630598180.607666 -395.836813 958.072334 -4.245203 -0.006591 0.014986 0.885373 -0.464593
1630598180.711182 -395.406827 955.912773 -4.206900 -0.005850 0.014660 0.885261 -0.464827
1630598180.814942 -394.975085 953.745642 -4.166697 -0.005538 0.014609 0.885139 -0.465065
1630598180.918701 -394.544054 951.577753 -4.125310 -0.005460 0.015368 0.884960 -0.465381
1630598181.022339 -394.113902 949.411186 -4.080857 -0.005862 0.016852 0.884767 -0.465692
1630598181.126099 -393.681590 947.237456 -4.032412 -0.006736 0.017332 0.884661 -0.465864
1630598181.229736 -393.246826 945.062484 -3.982653 -0.007109 0.017309 0.884595 -0.465984
1630598181.333374 -392.810846 942.888626 -3.932927 -0.007557 0.019119 0.884503 -0.466082
1630598181.437012 -392.369730 940.708370 -3.879711 -0.006681 0.018191 0.884419 -0.466291
1630598181.540772 -391.923030 938.519988 -3.826864 -0.005373 0.015519 0.884476 -0.466296
1630598181.644531 -391.476900 936.335621 -3.779993 -0.003435 0.015240 0.884569 -0.466147
1630598181.748169 -391.037461 934.154087 -3.734233 -0.003866 0.015635 0.884597 -0.466078
1630598181.851807 -390.604176 931.972534 -3.685723 -0.005794 0.015852 0.884532 -0.466173
1630598181.955689 -390.172401 929.789217 -3.635438 -0.007593 0.015860 0.884442 -0.466318
1630598182.059326 -389.740996 927.615866 -3.584526 -0.009010 0.015465 0.884522 -0.466155
1630598182.163086 -389.306872 925.448813 -3.534850 -0.008913 0.015723 0.884735 -0.465744
1630598182.266846 -388.870584 923.289472 -3.484169 -0.006687 0.015802 0.885061 -0.465158
1630598182.370484 -388.441103 921.137790 -3.431068 -0.005900 0.016151 0.885572 -0.464184
1630598182.474365 -388.020774 918.985991 -3.374588 -0.006509 0.017006 0.886050 -0.463233
1630598182.578003 -387.609328 916.844183 -3.315222 -0.007416 0.017493 0.886426 -0.462480
1630598182.681641 -387.201481 914.708921 -3.254371 -0.007333 0.017855 0.886809 -0.461733
1630598182.785401 -386.795222 912.578130 -3.192666 -0.006773 0.017759 0.887277 -0.460846
1630598182.889160 -386.393140 910.455297 -3.130754 -0.005617 0.018105 0.887760 -0.459917
1630598182.992676 -385.999227 908.342149 -3.067591 -0.005710 0.018198 0.888201 -0.459059
1630598183.096436 -385.609256 906.227347 -3.005206 -0.005708 0.017481 0.888619 -0.458278
1630598183.200073 -385.224036 904.120849 -2.947013 -0.005770 0.016177 0.889068 -0.457454
1630598183.303711 -384.846039 902.025025 -2.892937 -0.005686 0.017153 0.889562 -0.456457
1630598183.407471 -384.473924 899.932536 -2.836239 -0.006002 0.018044 0.889967 -0.455628
1630598183.511109 -384.105355 897.847244 -2.775833 -0.004868 0.017688 0.890314 -0.454978
1630598183.614746 -383.742034 895.768816 -2.714328 -0.004956 0.017874 0.890634 -0.454342
1630598183.718506 -383.382462 893.694428 -2.652139 -0.005585 0.018065 0.890772 -0.454057
1630598183.822266 -383.021222 891.624281 -2.591087 -0.004469 0.016790 0.890767 -0.454128
1630598183.925781 -382.661308 889.567108 -2.534015 -0.003666 0.015418 0.890784 -0.454151
1630598184.029541 -382.303896 887.516478 -2.480555 -0.003350 0.016255 0.890862 -0.453972
1630598184.133179 -381.948879 885.474724 -2.424759 -0.002474 0.017291 0.890858 -0.453946
1630598184.236939 -381.596514 883.433754 -2.366363 -0.002770 0.017146 0.890846 -0.453974
1630598184.340576 -381.245653 881.397560 -2.308408 -0.003405 0.016091 0.890835 -0.454029
1630598184.444336 -380.893115 879.365361 -2.255580 -0.003191 0.014963 0.890846 -0.454047
1630598184.548096 -380.540241 877.342781 -2.206630 -0.002052 0.016265 0.890852 -0.453998
1630598184.651856 -380.189675 875.322772 -2.155873 -0.001512 0.017374 0.890881 -0.453901
1630598184.755615 -379.841036 873.299458 -2.101341 -0.001962 0.016848 0.890844 -0.453993
1630598184.859375 -379.494378 871.276367 -2.048746 -0.002898 0.015742 0.890837 -0.454041
1630598184.963135 -379.147923 869.257791 -2.000374 -0.003264 0.015557 0.890826 -0.454067
1630598185.066773 -378.798793 867.246034 -1.953997 -0.002118 0.015416 0.890857 -0.454017
1630598185.170532 -378.447886 865.236055 -1.906373 -0.000869 0.015641 0.890981 -0.453771
1630598185.274170 -378.100309 863.231903 -1.855251 0.000106 0.016366 0.891099 -0.453514
1630598185.377808 -377.758737 861.229224 -1.799412 -0.000697 0.016830 0.891191 -0.453315
1630598185.481568 -377.421753 859.224371 -1.742394 -0.002693 0.016008 0.891248 -0.453226
1630598185.585205 -377.085597 857.226675 -1.689581 -0.004093 0.015292 0.891259 -0.453219
1630598185.688843 -376.748316 855.235882 -1.642812 -0.004380 0.014693 0.891339 -0.453078
1630598185.792481 -376.412961 853.252392 -1.599002 -0.004792 0.015001 0.891405 -0.452935
1630598185.896118 -376.080487 851.276269 -1.554140 -0.005675 0.015796 0.891276 -0.453150
1630598185.999878 -375.748985 849.303616 -1.505546 -0.006757 0.017220 0.891140 -0.453352
1630598186.103516 -375.417841 847.336955 -1.453836 -0.008033 0.016533 0.891067 -0.453499
1630598186.207276 -375.088714 845.372254 -1.404340 -0.010751 0.016105 0.891038 -0.453516
1630598186.311035 -374.759750 843.412938 -1.361418 -0.012839 0.014763 0.891026 -0.453531
1630598186.414673 -374.427991 841.462215 -1.326421 -0.013534 0.012963 0.890960 -0.453696
1630598186.518433 -374.095110 839.523894 -1.297672 -0.012884 0.014089 0.890947 -0.453706
1630598186.622193 -373.762713 837.595798 -1.264858 -0.011437 0.016632 0.891027 -0.453500
1630598186.725830 -373.431273 835.670686 -1.221635 -0.010939 0.017112 0.891042 -0.453466
1630598186.829590 -373.100670 833.743976 -1.173569 -0.011169 0.015423 0.891000 -0.453603
1630598186.933350 -372.771891 831.824518 -1.129493 -0.011073 0.014602 0.890943 -0.453745
1630598187.037110 -372.445392 829.912982 -1.090969 -0.011617 0.014729 0.890855 -0.453901
1630598187.140869 -372.119388 828.008561 -1.055241 -0.011793 0.015385 0.890627 -0.454322
1630598187.244507 -371.790284 826.112185 -1.019089 -0.011431 0.015358 0.890245 -0.455080
1630598187.348267 -371.454479 824.220656 -0.980636 -0.009849 0.015100 0.889863 -0.455872
1630598187.451904 -371.116548 822.337980 -0.940636 -0.008403 0.014966 0.889634 -0.456352
1630598187.555420 -370.779664 820.462559 -0.899549 -0.007864 0.014732 0.889438 -0.456751
1630598187.659180 -370.442486 818.588596 -0.859106 -0.007699 0.014074 0.889164 -0.457307
1630598187.762695 -370.106257 816.726034 -0.821617 -0.007709 0.012956 0.888972 -0.457713
1630598187.866455 -369.768814 814.867923 -0.787902 -0.008049 0.011362 0.888888 -0.457913
1630598187.970215 -369.432165 813.023103 -0.759486 -0.007501 0.009902 0.888875 -0.457981
1630598188.073975 -369.096764 811.193515 -0.733763 -0.006212 0.009365 0.888889 -0.457984
1630598188.177735 -368.765966 809.377479 -0.708709 -0.006673 0.009199 0.888939 -0.457885
1630598188.281372 -368.439568 807.577278 -0.682889 -0.006918 0.009539 0.888991 -0.457773
1630598188.385254 -368.117361 805.786658 -0.656672 -0.007675 0.009740 0.889041 -0.457660
1630598188.488892 -367.799707 804.014332 -0.630144 -0.008430 0.010263 0.889092 -0.457535
1630598188.592529 -367.481128 802.254362 -0.604329 -0.007945 0.009395 0.889176 -0.457401
1630598188.696289 -367.161593 800.500035 -0.580870 -0.007903 0.006583 0.889378 -0.457057
1630598188.800171 -366.843579 798.759518 -0.565560 -0.007292 0.004605 0.889673 -0.456518
1630598188.903809 -366.534085 797.041961 -0.556178 -0.006115 0.005858 0.889872 -0.456131
1630598189.007691 -366.231308 795.333970 -0.544529 -0.005158 0.008953 0.889941 -0.455959
1630598189.111328 -365.933478 793.634916 -0.523625 -0.006141 0.010166 0.889953 -0.455898
1630598189.215088 -365.635942 791.940739 -0.497093 -0.006523 0.009506 0.890071 -0.455675
1630598189.318726 -365.338254 790.258897 -0.471928 -0.006210 0.008593 0.890214 -0.455420
1630598189.422363 -365.042478 788.587464 -0.451365 -0.006440 0.007239 0.890274 -0.455321
1630598189.526123 -364.749001 786.928907 -0.435751 -0.005965 0.006463 0.890357 -0.455178
1630598189.629639 -364.461479 785.290220 -0.422721 -0.006206 0.007156 0.890447 -0.454989
1630598189.733399 -364.177176 783.660775 -0.407590 -0.006560 0.007288 0.890473 -0.454931
1630598189.836914 -363.894365 782.051852 -0.389811 -0.005545 0.007082 0.890548 -0.454801
1630598189.940674 -363.614405 780.457861 -0.370637 -0.005077 0.008036 0.890662 -0.454567
1630598190.044312 -363.335998 778.881943 -0.348831 -0.003959 0.007765 0.890757 -0.454396
1630598190.147949 -363.061676 777.321419 -0.326607 -0.003459 0.006156 0.890823 -0.454295
1630598190.251709 -362.791736 775.777753 -0.307620 -0.003441 0.005080 0.890890 -0.454178
1630598190.355469 -362.527311 774.254796 -0.292900 -0.003873 0.004348 0.890811 -0.454337
1630598190.459229 -362.266390 772.753079 -0.281399 -0.003466 0.004742 0.890651 -0.454649
1630598190.562988 -362.007367 771.270223 -0.269696 -0.003546 0.004353 0.890531 -0.454889
1630598190.666626 -361.749723 769.810951 -0.257358 -0.002589 0.004567 0.890461 -0.455029
1630598190.770508 -361.496417 768.365078 -0.245703 -0.003518 0.004233 0.890414 -0.455118
1630598190.874146 -361.248285 766.940629 -0.232177 -0.004439 0.003380 0.890409 -0.455127
1630598190.977783 -361.004729 765.540649 -0.221793 -0.004779 0.003989 0.890390 -0.455155
1630598191.081665 -360.765420 764.157677 -0.212150 -0.005747 0.005323 0.890314 -0.455279
1630598191.185303 -360.529127 762.793749 -0.201475 -0.007054 0.005211 0.890256 -0.455376
1630598191.289063 -360.295746 761.445306 -0.191114 -0.008846 0.004165 0.890153 -0.455556
1630598191.392822 -360.065040 760.117317 -0.183906 -0.009831 0.004251 0.889899 -0.456031
1630598191.496460 -359.835429 758.812383 -0.178215 -0.010022 0.005202 0.889596 -0.456608
1630598191.600098 -359.606401 757.525731 -0.171555 -0.009927 0.007467 0.889244 -0.457264
1630598191.703858 -359.375174 756.253115 -0.159837 -0.008977 0.008204 0.888964 -0.457815
1630598191.807617 -359.144710 754.995575 -0.144613 -0.009202 0.008240 0.888726 -0.458272
1630598191.911133 -358.914017 753.758787 -0.127499 -0.007857 0.007728 0.888396 -0.458946
1630598192.014893 -358.685567 752.536657 -0.112364 -0.007357 0.007783 0.888094 -0.459537
1630598192.118652 -358.457847 751.329715 -0.097723 -0.007029 0.006636 0.887780 -0.460167
1630598192.222290 -358.231605 750.140473 -0.085064 -0.006573 0.005710 0.887542 -0.460645
1630598192.326050 -358.006875 748.965375 -0.075655 -0.006352 0.004687 0.887299 -0.461128
1630598192.429688 -357.783481 747.806173 -0.068351 -0.005628 0.004051 0.887019 -0.461681
1630598192.533447 -357.562892 746.659749 -0.063170 -0.005966 0.003814 0.886752 -0.462192
1630598192.637085 -357.342987 745.529828 -0.058491 -0.005220 0.003378 0.886461 -0.462762
1630598192.740845 -357.125168 744.415210 -0.053897 -0.004987 0.003893 0.886189 -0.463281
1630598192.844605 -356.909139 743.316590 -0.048305 -0.004439 0.004785 0.885864 -0.463900
1630598192.948364 -356.694444 742.233459 -0.040639 -0.003808 0.005150 0.885600 -0.464405
1630598193.052246 -356.480732 741.164991 -0.030697 -0.002559 0.005952 0.885302 -0.464971
1630598193.155884 -356.270431 740.111896 -0.020933 -0.003338 0.005814 0.885131 -0.465294
1630598193.259522 -356.063285 739.071559 -0.009213 -0.004124 0.005154 0.884919 -0.465697
1630598193.363281 -355.861966 738.045547 0.000922 -0.005934 0.004357 0.884934 -0.465659
1630598193.466919 -355.665915 737.039045 0.008256 -0.007175 0.005317 0.884933 -0.465633
1630598193.570679 -355.472066 736.046778 0.013654 -0.008029 0.006550 0.884981 -0.465512
1630598193.674439 -355.285411 735.068659 0.021216 -0.010027 0.008069 0.884966 -0.465477
1630598193.778076 -355.107022 734.101316 0.029795 -0.014189 0.010101 0.885060 -0.465152
1630598193.881836 -354.922721 733.139653 0.037176 -0.015905 0.008536 0.885276 -0.464716
1630598193.985352 -354.736901 732.188999 0.046629 -0.017358 0.005184 0.885409 -0.464459
1630598194.089111 -354.552523 731.254489 0.052122 -0.016919 0.003333 0.885449 -0.464417
1630598194.192871 -354.375590 730.341844 0.049896 -0.016836 0.005649 0.885602 -0.464106
1630598194.296631 -354.199954 729.444228 0.047043 -0.015973 0.008123 0.886018 -0.463304
1630598194.400269 -354.026275 728.555427 0.049385 -0.015783 0.008508 0.886313 -0.462740
1630598194.503906 -353.855991 727.674418 0.056125 -0.016087 0.006774 0.886583 -0.462241
1630598194.607666 -353.690488 726.804901 0.062566 -0.016660 0.005033 0.886750 -0.461922
1630598194.711304 -353.529193 725.953633 0.065181 -0.016879 0.004763 0.886975 -0.461484
1630598194.815186 -353.369545 725.117516 0.064468 -0.015964 0.005525 0.887308 -0.460868
1630598194.918823 -353.216005 724.296293 0.063681 -0.016059 0.006681 0.887473 -0.460531
1630598195.022461 -353.064523 723.485927 0.064463 -0.016003 0.006595 0.887807 -0.459890
1630598195.126221 -352.914454 722.684337 0.067033 -0.015778 0.005708 0.888043 -0.459454
1630598195.229859 -352.768045 721.894339 0.069987 -0.016003 0.004950 0.888233 -0.459089
1630598195.333618 -352.623137 721.115900 0.071213 -0.015428 0.004696 0.888504 -0.458585
1630598195.437378 -352.481160 720.348640 0.070522 -0.014733 0.004915 0.888644 -0.458335
1630598195.541016 -352.342207 719.592334 0.069651 -0.014307 0.005335 0.888860 -0.457925
1630598195.644776 -352.203686 718.844041 0.069804 -0.013365 0.005050 0.889119 -0.457454
1630598195.748535 -352.068427 718.104508 0.070813 -0.012848 0.005085 0.889275 -0.457165
1630598195.852295 -351.936095 717.374473 0.072362 -0.012365 0.005525 0.889532 -0.456672
1630598195.956055 -351.806378 716.651662 0.073333 -0.011940 0.005862 0.889770 -0.456215
1630598196.059815 -351.680138 715.935730 0.073787 -0.012216 0.006110 0.889946 -0.455862
1630598196.163452 -351.555740 715.228367 0.075952 -0.012520 0.005706 0.890186 -0.455390
1630598196.267090 -351.432019 714.530071 0.078425 -0.012336 0.004772 0.890314 -0.455156
1630598196.370850 -351.311140 713.842966 0.079330 -0.012391 0.004548 0.890289 -0.455205
1630598196.474610 -351.192517 713.167708 0.079516 -0.012557 0.004231 0.890282 -0.455217
1630598196.578247 -351.075681 712.505302 0.079663 -0.012369 0.003909 0.890196 -0.455392
1630598196.681885 -350.961418 711.855582 0.079896 -0.012567 0.004102 0.890074 -0.455624
1630598196.785401 -350.847928 711.219077 0.080060 -0.012409 0.003981 0.890115 -0.455550
1630598196.889160 -350.736619 710.592567 0.079436 -0.012311 0.004024 0.890139 -0.455504
1630598196.992798 -350.629834 709.977496 0.079195 -0.012743 0.004287 0.889969 -0.455822
1630598197.096558 -350.525225 709.372406 0.079568 -0.013639 0.004299 0.889923 -0.455886
1630598197.200318 -350.420564 708.778788 0.079482 -0.013949 0.004042 0.890047 -0.455637
1630598197.304077 -350.316902 708.196820 0.078838 -0.013462 0.004017 0.889978 -0.455787
1630598197.407837 -350.217167 707.624499 0.078399 -0.014194 0.003945 0.889853 -0.456009
1630598197.511475 -350.117127 707.063182 0.077187 -0.014253 0.002938 0.889955 -0.455816
1630598197.615235 -350.015960 706.511764 0.075242 -0.013617 0.001419 0.890038 -0.455680
1630598197.719116 -349.917034 705.971165 0.073142 -0.012949 0.000109 0.889861 -0.456049
1630598197.822754 -349.823745 705.445805 0.072379 -0.013335 -0.000309 0.889825 -0.456107
1630598197.926514 -349.735393 704.935405 0.070497 -0.013800 0.000378 0.889965 -0.455821
1630598198.030274 -349.648253 704.438203 0.066225 -0.013640 0.001041 0.890036 -0.455685
1630598198.133911 -349.560254 703.954188 0.060453 -0.012706 0.001574 0.890016 -0.455749
1630598198.237549 -349.472999 703.481336 0.055753 -0.011900 0.001648 0.890057 -0.455692
1630598198.341309 -349.388990 703.017639 0.054293 -0.011538 0.000987 0.890157 -0.455508
1630598198.444946 -349.309787 702.565238 0.055036 -0.011847 0.000271 0.890178 -0.455458
1630598198.548584 -349.233488 702.125762 0.054154 -0.012013 0.000492 0.890133 -0.455543
1630598198.652344 -349.159522 701.697929 0.050935 -0.012050 0.001367 0.890071 -0.455661
1630598198.756104 -349.086990 701.280588 0.047227 -0.012226 0.001950 0.890155 -0.455489
1630598198.859619 -349.015471 700.874078 0.043667 -0.012397 0.001936 0.890325 -0.455154
1630598198.963257 -348.944182 700.476426 0.041172 -0.012020 0.001244 0.890382 -0.455053
1630598199.067017 -348.872926 700.089563 0.039907 -0.011172 0.000858 0.890359 -0.455120
1630598199.170654 -348.802308 699.714095 0.039348 -0.009742 0.000633 0.890327 -0.455217
1630598199.274414 -348.735600 699.348208 0.038952 -0.009083 0.000564 0.890374 -0.455138
1630598199.378052 -348.674810 698.992531 0.037226 -0.009425 0.000589 0.890454 -0.454976
1630598199.481934 -348.619688 698.644230 0.034117 -0.011054 0.000437 0.890557 -0.454737
1630598199.585571 -348.566602 698.306967 0.030074 -0.012387 0.000556 0.890637 -0.454546
1630598199.689331 -348.511828 697.980569 0.026479 -0.012660 0.000911 0.890708 -0.454398
1630598199.792969 -348.454863 697.663155 0.024637 -0.012245 0.000608 0.890764 -0.454300
1630598199.896729 -348.397301 697.354286 0.024084 -0.011439 -0.000397 0.890864 -0.454126
1630598200.000488 -348.342179 697.055775 0.023404 -0.010983 -0.001314 0.891029 -0.453812
1630598200.104248 -348.290271 696.768713 0.022298 -0.010383 -0.001961 0.891103 -0.453677
1630598200.208008 -348.242644 696.491931 0.020142 -0.010406 -0.001750 0.891157 -0.453572
1630598200.311524 -348.198676 696.224754 0.016379 -0.010574 -0.001088 0.891131 -0.453621
1630598200.415283 -348.155742 695.964023 0.012186 -0.010594 -0.000419 0.891099 -0.453686
1630598200.519043 -348.112440 695.708305 0.009439 -0.010696 -0.000138 0.891116 -0.453649
1630598200.622559 -348.069510 695.458028 0.007888 -0.010698 -0.000281 0.891062 -0.453756
1630598200.726318 -348.028249 695.213852 0.006185 -0.010955 -0.000240 0.890945 -0.453979
1630598200.829956 -347.988218 694.977411 0.003766 -0.011213 0.000084 0.890856 -0.454147
1630598200.933716 -347.947788 694.747798 0.001272 -0.011004 0.000246 0.890754 -0.454353
1630598201.037354 -347.907200 694.524964 -0.000521 -0.010642 0.000378 0.890668 -0.454529
1630598201.141113 -347.866994 694.307970 -0.001777 -0.009973 0.000530 0.890606 -0.454666
1630598201.244751 -347.829184 694.096021 -0.003131 -0.009793 0.000651 0.890479 -0.454919
1630598201.348389 -347.793360 693.888675 -0.004827 -0.009881 0.000738 0.890351 -0.455166
1630598201.452271 -347.757564 693.685490 -0.006912 -0.009831 0.000894 0.890274 -0.455317
1630598201.555908 -347.721970 693.487134 -0.009022 -0.009749 0.001114 0.890190 -0.455483
1630598201.659668 -347.687733 693.292464 -0.010704 -0.009790 0.001215 0.890035 -0.455785
1630598201.763428 -347.654729 693.101997 -0.012057 -0.009992 0.001180 0.889988 -0.455873
1630598201.867066 -347.622708 692.916514 -0.013682 -0.010422 0.001225 0.889981 -0.455876
1630598201.970825 -347.590755 692.735565 -0.015214 -0.010464 0.001120 0.889881 -0.456072
1630598202.074463 -347.558027 692.559185 -0.016497 -0.010159 0.001059 0.889824 -0.456190
1630598202.178101 -347.524843 692.385890 -0.017760 -0.009679 0.000895 0.889830 -0.456189
1630598202.281738 -347.492620 692.215053 -0.019093 -0.009215 0.000578 0.889797 -0.456263
1630598202.385498 -347.462460 692.046760 -0.020151 -0.009272 0.000526 0.889720 -0.456413
1630598202.489258 -347.432748 691.881765 -0.020489 -0.009107 0.000477 0.889695 -0.456464
1630598202.593018 -347.403124 691.719652 -0.020846 -0.008971 0.000518 0.889667 -0.456521
1630598202.696533 -347.373592 691.560122 -0.021710 -0.008693 0.000483 0.889558 -0.456738
1630598202.800293 -347.344870 691.402576 -0.022967 -0.008575 0.000461 0.889464 -0.456924
1630598202.904053 -347.317204 691.248331 -0.024291 -0.008606 0.000509 0.889440 -0.456971
1630598203.007813 -347.290541 691.098316 -0.025192 -0.008727 0.000416 0.889435 -0.456978
1630598203.111572 -347.265175 690.953424 -0.026145 -0.008970 0.000389 0.889405 -0.457031
1630598203.215210 -347.240984 690.814718 -0.027502 -0.009128 0.000349 0.889362 -0.457112
1630598203.319092 -347.217741 690.682170 -0.028878 -0.009375 0.000282 0.889358 -0.457115
1630598203.422608 -347.195397 690.556735 -0.030166 -0.009435 0.000251 0.889351 -0.457127
1630598203.526367 -347.174219 690.437262 -0.031294 -0.009533 0.000207 0.889302 -0.457221
1630598203.630127 -347.153954 690.324191 -0.032329 -0.009578 0.000262 0.889287 -0.457248
1630598203.733643 -347.134367 690.217883 -0.033254 -0.009463 0.000260 0.889309 -0.457208
1630598203.837402 -347.115999 690.117592 -0.034141 -0.009418 0.000299 0.889274 -0.457278
1630598203.941162 -347.098829 690.023832 -0.034995 -0.009316 0.000338 0.889242 -0.457342
1630598204.044678 -347.082607 689.937066 -0.035861 -0.009146 0.000465 0.889279 -0.457274
1630598204.148438 -347.067749 689.856329 -0.036687 -0.009058 0.000647 0.889246 -0.457340
1630598204.252197 -347.054372 689.781426 -0.037334 -0.009039 0.000717 0.889181 -0.457466
1630598204.355957 -347.041914 689.712726 -0.037697 -0.009009 0.000786 0.889200 -0.457430
1630598204.459717 -347.030489 689.650318 -0.037965 -0.008950 0.000861 0.889199 -0.457432
1630598204.563233 -347.020290 689.593984 -0.038273 -0.008925 0.000866 0.889129 -0.457569
1630598204.666992 -347.011025 689.543460 -0.038558 -0.008868 0.000921 0.889129 -0.457571
1630598204.770752 -347.002990 689.498374 -0.038828 -0.008904 0.000958 0.889163 -0.457503
1630598204.874390 -346.996136 689.458582 -0.038996 -0.008956 0.000986 0.889143 -0.457541
1630598204.978272 -346.990154 689.424055 -0.039120 -0.008985 0.001037 0.889107 -0.457609
1630598205.081787 -346.984771 689.394829 -0.039196 -0.008963 0.001025 0.889125 -0.457576
1630598205.185547 -346.980419 689.370573 -0.039246 -0.008984 0.001053 0.889141 -0.457543
1630598205.289307 -346.976931 689.350596 -0.039306 -0.008945 0.001104 0.889128 -0.457569
1630598205.392944 -346.974008 689.334387 -0.039309 -0.008955 0.001096 0.889119 -0.457586
1630598205.496704 -346.971685 689.321973 -0.039412 -0.008918 0.001117 0.889140 -0.457547
1630598205.600464 -346.970103 689.313083 -0.039508 -0.008901 0.001164 0.889132 -0.457562
1630598205.704102 -346.968999 689.306571 -0.039752 -0.008854 0.001388 0.889130 -0.457567
1630598205.807861 -346.967903 689.299977 -0.040053 -0.008745 0.001759 0.889132 -0.457564
1630598205.911621 -346.966412 689.290616 -0.040300 -0.008636 0.002221 0.889120 -0.457588
1630598206.015259 -346.964032 689.276592 -0.040477 -0.008544 0.002563 0.889116 -0.457594
1630598206.118897 -346.960510 689.257337 -0.040385 -0.008521 0.002568 0.889114 -0.457599
1630598206.222656 -346.956055 689.233462 -0.040329 -0.008501 0.002492 0.889109 -0.457610
1630598206.326294 -346.950909 689.205506 -0.040386 -0.008474 0.002525 0.889106 -0.457615
1630598206.429932 -346.945206 689.173356 -0.040346 -0.008510 0.002512 0.889105 -0.457618
1630598206.533692 -346.938840 689.137422 -0.040254 -0.008556 0.002440 0.889111 -0.457606
1630598206.637207 -346.931601 689.098585 -0.040197 -0.008520 0.002390 0.889107 -0.457613
1630598206.740967 -346.923728 689.057398 -0.040153 -0.008444 0.002312 0.889100 -0.457630
1630598206.844605 -346.915630 689.014344 -0.040149 -0.008399 0.002232 0.889094 -0.457643
1630598206.948486 -346.907561 688.969698 -0.040255 -0.008381 0.002234 0.889088 -0.457654
1630598207.052124 -346.899582 688.924012 -0.040450 -0.008447 0.002306 0.889083 -0.457663
1630598207.155884 -346.891546 688.877962 -0.040569 -0.008581 0.002267 0.889076 -0.457673
1630598207.259522 -346.883664 688.833901 -0.040665 -0.008668 0.002070 0.889080 -0.457665
1630598207.363281 -346.876160 688.793456 -0.040856 -0.008681 0.001907 0.889093 -0.457640
1630598207.467041 -346.869601 688.757313 -0.041120 -0.008685 0.001964 0.889085 -0.457656
1630598207.570801 -346.863911 688.725450 -0.041270 -0.008674 0.001959 0.889074 -0.457677
1630598207.674561 -346.858882 688.697674 -0.041400 -0.008706 0.001964 0.889086 -0.457652
1630598207.778320 -346.854494 688.673808 -0.041536 -0.008665 0.002029 0.889079 -0.457668
1630598207.881836 -346.850905 688.653743 -0.041707 -0.008669 0.002017 0.889050 -0.457723
1630598207.985596 -346.848006 688.637317 -0.041831 -0.008648 0.002048 0.889061 -0.457702
1630598208.089356 -346.845690 688.624251 -0.041881 -0.008686 0.002071 0.889077 -0.457670
1630598208.193115 -346.843889 688.614613 -0.041938 -0.008654 0.002070 0.889062 -0.457701
1630598208.296631 -346.842831 688.609297 -0.041976 -0.008619 0.002078 0.889063 -0.457700
1630598208.400391 -346.842775 688.608970 -0.041978 -0.008645 0.002127 0.889070 -0.457684
1630598208.504151 -346.842776 688.608988 -0.041978 -0.008625 0.002160 0.889062 -0.457701
1630598208.607788 -346.842785 688.608995 -0.041978 -0.008637 0.002221 0.889056 -0.457712
1630598208.711548 -346.842797 688.609022 -0.041979 -0.008640 0.002313 0.889050 -0.457723
1630598208.815186 -346.842794 688.608996 -0.041979 -0.008666 0.002230 0.889051 -0.457720
1630598208.918945 -346.842803 688.608994 -0.041979 -0.008707 0.002224 0.889052 -0.457718
1630598209.022705 -346.842795 688.609025 -0.041980 -0.008625 0.002326 0.889054 -0.457715
1630598209.126343 -346.842797 688.609014 -0.041979 -0.008652 0.002287 0.889057 -0.457709
1630598209.230225 -346.842792 688.609003 -0.041979 -0.008652 0.002236 0.889058 -0.457707
1630598209.333862 -346.842799 688.609022 -0.041978 -0.008646 0.002316 0.889059 -0.457705
1630598209.437500 -346.842798 688.609017 -0.041979 -0.008647 0.002295 0.889057 -0.457709
1630598209.541260 -346.842790 688.609006 -0.041978 -0.008643 0.002245 0.889063 -0.457698
1630598209.645020 -346.842800 688.609014 -0.041977 -0.008664 0.002288 0.889064 -0.457696
1630598209.748535 -346.842792 688.609017 -0.041978 -0.008628 0.002286 0.889056 -0.457711
1630598209.852417 -346.842795 688.609006 -0.041978 -0.008659 0.002249 0.889060 -0.457703
1630598209.956055 -346.842796 688.609012 -0.041978 -0.008653 0.002280 0.889055 -0.457713
1630598210.059815 -346.842792 688.609014 -0.041978 -0.008636 0.002281 0.889055 -0.457713
1630598210.163452 -346.842795 688.609005 -0.041978 -0.008660 0.002252 0.889063 -0.457697
1630598210.267090 -346.842794 688.609014 -0.041978 -0.008640 0.002285 0.889065 -0.457693
1630598210.370850 -346.842794 688.609008 -0.041979 -0.008649 0.002262 0.889067 -0.457690
1630598210.474487 -346.842795 688.609008 -0.041978 -0.008658 0.002261 0.889067 -0.457691
1630598210.578247 -346.842798 688.609014 -0.041978 -0.008650 0.002288 0.889066 -0.457692
1630598210.681885 -346.842796 688.609006 -0.041978 -0.008663 0.002256 0.889069 -0.457686
1630598210.785645 -346.842797 688.609012 -0.041978 -0.008660 0.002277 0.889067 -0.457689
1630598210.889282 -346.842799 688.609012 -0.041979 -0.008663 0.002288 0.889067 -0.457689
1630598210.992920 -346.842796 688.609005 -0.041978 -0.008664 0.002253 0.889062 -0.457700
1630598211.096680 -346.842801 688.609015 -0.041979 -0.008662 0.002300 0.889065 -0.457693
1630598211.200440 -346.842800 688.609008 -0.041979 -0.008671 0.002276 0.889062 -0.457699
1630598211.304199 -346.842799 688.609008 -0.041978 -0.008671 0.002267 0.889060 -0.457704
1630598211.407837 -346.842804 688.609017 -0.041979 -0.008667 0.002309 0.889057 -0.457709
1630598211.511597 -346.842799 688.609007 -0.041978 -0.008673 0.002262 0.889060 -0.457703
1630598211.615357 -346.842804 688.609015 -0.041978 -0.008679 0.002301 0.889055 -0.457713
1630598211.718994 -346.842799 688.609011 -0.041978 -0.008662 0.002283 0.889053 -0.457716
1630598211.822754 -346.842801 688.609006 -0.041979 -0.008682 0.002266 0.889061 -0.457701
1630598211.926392 -346.842802 688.609018 -0.041979 -0.008661 0.002312 0.889060 -0.457703
1630598212.030151 -346.842799 688.609004 -0.041978 -0.008675 0.002256 0.889056 -0.457710
1630598212.133789 -346.842805 688.609016 -0.041978 -0.008675 0.002308 0.889057 -0.457709
1630598212.237549 -346.842798 688.609013 -0.041979 -0.008658 0.002283 0.889056 -0.457711
1630598212.341187 -346.842803 688.609011 -0.041979 -0.008680 0.002287 0.889053 -0.457716
1630598212.444824 -346.842798 688.609013 -0.041978 -0.008654 0.002285 0.889053 -0.457716
1630598212.548584 -346.842798 688.609009 -0.041979 -0.008662 0.002272 0.889051 -0.457721
1630598212.652100 -346.842802 688.609011 -0.041979 -0.008673 0.002287 0.889049 -0.457725
1630598212.755860 -346.842802 688.609003 -0.041978 -0.008690 0.002254 0.889047 -0.457729
1630598212.859619 -346.842800 688.609009 -0.041978 -0.008672 0.002273 0.889044 -0.457735
1630598212.963257 -346.842797 688.608997 -0.041979 -0.008684 0.002230 0.889041 -0.457739
1630598213.067017 -346.842793 688.608998 -0.041979 -0.008664 0.002228 0.889039 -0.457744
1630598213.170654 -346.842790 688.608982 -0.041978 -0.008684 0.002164 0.889043 -0.457736
1630598213.274414 -346.842787 688.608986 -0.041978 -0.008669 0.002173 0.889041 -0.457741
1630598213.378174 -346.842784 688.608969 -0.041978 -0.008687 0.002109 0.889037 -0.457748
1630598213.481812 -346.842785 688.608980 -0.041979 -0.008669 0.002150 0.889033 -0.457756
1630598213.585571 -346.842782 688.608969 -0.041978 -0.008678 0.002107 0.889035 -0.457753
1630598213.689331 -346.842786 688.608975 -0.041978 -0.008684 0.002131 0.889033 -0.457756
1630598213.792969 -346.842781 688.608973 -0.041978 -0.008667 0.002117 0.889033 -0.457756
1630598213.896729 -346.842784 688.608966 -0.041978 -0.008693 0.002098 0.889032 -0.457757
1630598214.000488 -346.842781 688.608972 -0.041978 -0.008670 0.002116 0.889031 -0.457761
1630598214.104126 -346.842785 688.608966 -0.041978 -0.008692 0.002105 0.889035 -0.457753
1630598214.207886 -346.842783 688.608965 -0.041978 -0.008690 0.002096 0.889032 -0.457757
1630598214.311524 -346.842783 688.608972 -0.041978 -0.008678 0.002122 0.889032 -0.457758
1630598214.415283 -346.842785 688.608964 -0.041979 -0.008697 0.002099 0.889032 -0.457758
1630598214.519043 -346.842783 688.608967 -0.041978 -0.008685 0.002102 0.889033 -0.457756
1630598214.622559 -346.842787 688.608970 -0.041979 -0.008694 0.002122 0.889033 -0.457755
1630598214.726318 -346.842784 688.608965 -0.041978 -0.008692 0.002096 0.889029 -0.457763
1630598214.830078 -346.842785 688.608968 -0.041978 -0.008692 0.002106 0.889030 -0.457761
1630598214.933594 -346.842787 688.608974 -0.041978 -0.008687 0.002131 0.889034 -0.457754
1630598215.037354 -346.842784 688.608966 -0.041978 -0.008693 0.002095 0.889038 -0.457746
1630598215.141113 -346.842790 688.608971 -0.041978 -0.008705 0.002129 0.889039 -0.457744
1630598215.244751 -346.842785 688.608971 -0.041978 -0.008685 0.002121 0.889039 -0.457744
1630598215.348511 -346.842787 688.608959 -0.041978 -0.008714 0.002081 0.889039 -0.457744
1630598215.452149 -346.842788 688.608970 -0.041979 -0.008696 0.002124 0.889042 -0.457737
1630598215.555908 -346.842785 688.608964 -0.041978 -0.008696 0.002097 0.889047 -0.457728
1630598215.659546 -346.842793 688.608965 -0.041978 -0.008723 0.002110 0.889045 -0.457732
1630598215.763306 -346.842785 688.608973 -0.041979 -0.008680 0.002126 0.889046 -0.457730
1630598215.867066 -346.842787 688.608963 -0.041978 -0.008706 0.002091 0.889048 -0.457726
1630598215.970703 -346.842787 688.608970 -0.041978 -0.008695 0.002117 0.889040 -0.457742
1630598216.074463 -346.842787 688.608971 -0.041978 -0.008693 0.002123 0.889041 -0.457741
1630598216.178101 -346.842787 688.608964 -0.041978 -0.008709 0.002099 0.889041 -0.457740
1630598216.281860 -346.842786 688.608970 -0.041979 -0.008691 0.002121 0.889036 -0.457749
1630598216.385498 -346.842789 688.608966 -0.041979 -0.008705 0.002110 0.889040 -0.457742
1630598216.489258 -346.842785 688.608967 -0.041978 -0.008695 0.002104 0.889032 -0.457757
1630598216.593018 -346.842785 688.608971 -0.041978 -0.008685 0.002119 0.889036 -0.457750
1630598216.696777 -346.842783 688.608964 -0.041978 -0.008693 0.002089 0.889032 -0.457759
1630598216.800415 -346.842782 688.608972 -0.041978 -0.008678 0.002116 0.889032 -0.457757
1630598216.904175 -346.842786 688.608967 -0.041979 -0.008695 0.002109 0.889028 -0.457766
1630598217.007813 -346.842783 688.608965 -0.041978 -0.008692 0.002097 0.889030 -0.457762
1630598217.111572 -346.842790 688.608972 -0.041979 -0.008699 0.002132 0.889029 -0.457763
1630598217.215332 -346.842784 688.608964 -0.041979 -0.008693 0.002094 0.889027 -0.457768
1630598217.319092 -346.842787 688.608970 -0.041978 -0.008695 0.002119 0.889026 -0.457769
1630598217.422730 -346.842787 688.608970 -0.041978 -0.008694 0.002120 0.889021 -0.457780
1630598217.526367 -346.842783 688.608964 -0.041978 -0.008693 0.002090 0.889025 -0.457772
1630598217.630127 -346.842788 688.608972 -0.041978 -0.008693 0.002127 0.889025 -0.457771
1630598217.733887 -346.842784 688.608960 -0.041978 -0.008701 0.002080 0.889027 -0.457766
1630598217.837402 -346.842787 688.608967 -0.041978 -0.008700 0.002113 0.889028 -0.457764
1630598217.941162 -346.842784 688.608969 -0.041978 -0.008685 0.002112 0.889028 -0.457765
1630598218.044678 -346.842787 688.608961 -0.041979 -0.008708 0.002087 0.889033 -0.457756
1630598218.148560 -346.842790 688.608974 -0.041978 -0.008697 0.002138 0.889032 -0.457757
1630598218.252197 -346.842781 688.608962 -0.041977 -0.008690 0.002080 0.889036 -0.457750
1630598218.355957 -346.842787 688.608965 -0.041979 -0.008704 0.002103 0.889039 -0.457745
1630598218.459595 -346.842781 688.608967 -0.041979 -0.008676 0.002101 0.889036 -0.457751
1630598218.563355 -346.842782 688.608959 -0.041978 -0.008698 0.002074 0.889044 -0.457735
1630598218.667114 -346.842780 688.608971 -0.041978 -0.008668 0.002112 0.889047 -0.457728
1630598218.770752 -346.842776 688.608964 -0.041979 -0.008668 0.002075 0.889049 -0.457726
1630598218.874512 -346.842780 688.608972 -0.041978 -0.008666 0.002110 0.889049 -0.457725
1630598218.978272 -346.842776 688.608970 -0.041978 -0.008658 0.002097 0.889045 -0.457733
1630598219.081909 -346.842776 688.608961 -0.041978 -0.008675 0.002070 0.889045 -0.457733
1630598219.185791 -346.842776 688.608973 -0.041978 -0.008653 0.002111 0.889038 -0.457747
1630598219.289429 -346.842774 688.608961 -0.041979 -0.008665 0.002066 0.889038 -0.457746
1630598219.393067 -346.842780 688.608965 -0.041978 -0.008681 0.002093 0.889044 -0.457735
1630598219.496826 -346.842776 688.608971 -0.041978 -0.008653 0.002105 0.889039 -0.457746
1630598219.600586 -346.842773 688.608958 -0.041978 -0.008666 0.002053 0.889043 -0.457738
1630598219.704224 -346.842772 688.608972 -0.041978 -0.008640 0.002097 0.889036 -0.457751
1630598219.807984 -346.842772 688.608968 -0.041978 -0.008648 0.002083 0.889035 -0.457752
1630598219.911621 -346.842777 688.608963 -0.041978 -0.008677 0.002077 0.889044 -0.457735
1630598220.015381 -346.842771 688.608970 -0.041978 -0.008642 0.002093 0.889042 -0.457739
1630598220.119141 -346.842775 688.608960 -0.041978 -0.008670 0.002062 0.889051 -0.457721
1630598220.222901 -346.842774 688.608970 -0.041978 -0.008649 0.002098 0.889051 -0.457722
1630598220.326416 -346.842773 688.608966 -0.041978 -0.008654 0.002078 0.889053 -0.457717
1630598220.430298 -346.842776 688.608965 -0.041978 -0.008669 0.002077 0.889055 -0.457713
1630598220.533936 -346.842768 688.608970 -0.041978 -0.008629 0.002087 0.889052 -0.457720
1630598220.637695 -346.842771 688.608957 -0.041978 -0.008662 0.002046 0.889054 -0.457716
1630598220.741333 -346.842771 688.608969 -0.041978 -0.008641 0.002091 0.889052 -0.457719
1630598220.845093 -346.842771 688.608962 -0.041978 -0.008653 0.002067 0.889056 -0.457712
1630598220.948853 -346.842773 688.608965 -0.041978 -0.008658 0.002077 0.889053 -0.457717
1630598221.052490 -346.842768 688.608971 -0.041979 -0.008624 0.002086 0.889047 -0.457729
1630598221.156250 -346.842773 688.608964 -0.041978 -0.008660 0.002069 0.889050 -0.457724
1630598221.260010 -346.842770 688.608971 -0.041978 -0.008638 0.002096 0.889046 -0.457733
1630598221.363770 -346.842769 688.608964 -0.041978 -0.008645 0.002066 0.889045 -0.457733
1630598221.467529 -346.842772 688.608966 -0.041979 -0.008650 0.002081 0.889044 -0.457734
1630598221.571045 -346.842773 688.608968 -0.041978 -0.008650 0.002091 0.889044 -0.457736
1630598221.674805 -346.842772 688.608961 -0.041978 -0.008660 0.002060 0.889044 -0.457734
1630598221.778565 -346.842769 688.608970 -0.041978 -0.008632 0.002088 0.889050 -0.457725
1630598221.882324 -346.842771 688.608964 -0.041979 -0.008648 0.002066 0.889048 -0.457729
1630598221.985840 -346.842768 688.608965 -0.041978 -0.008640 0.002068 0.889051 -0.457723
1630598222.089600 -346.842769 688.608970 -0.041977 -0.008636 0.002092 0.889051 -0.457721
1630598222.193360 -346.842773 688.608961 -0.041979 -0.008664 0.002062 0.889049 -0.457725
1630598222.296875 -346.842771 688.608968 -0.041979 -0.008640 0.002087 0.889054 -0.457716
1630598222.400757 -346.842774 688.608966 -0.041978 -0.008657 0.002081 0.889057 -0.457710
1630598222.504395 -346.842773 688.608970 -0.041977 -0.008650 0.002089 0.889061 -0.457702
1630598222.608154 -346.842773 688.608974 -0.041979 -0.008639 0.002104 0.889061 -0.457703
1630598222.711914 -346.842772 688.608969 -0.041979 -0.008647 0.002087 0.889055 -0.457714
1630598222.815552 -346.842773 688.608972 -0.041978 -0.008645 0.002105 0.889052 -0.457720
1630598222.919434 -346.842774 688.608967 -0.041978 -0.008656 0.002088 0.889059 -0.457706
1630598223.023071 -346.842776 688.608970 -0.041979 -0.008654 0.002101 0.889055 -0.457715
1630598223.126831 -346.842779 688.608972 -0.041979 -0.008661 0.002109 0.889060 -0.457703
1630598223.230591 -346.842778 688.608971 -0.041977 -0.008665 0.002103 0.889057 -0.457710
1630598223.334229 -346.842777 688.608973 -0.041977 -0.008658 0.002113 0.889065 -0.457694
1630598223.437988 -346.842777 688.608968 -0.041979 -0.008666 0.002093 0.889063 -0.457698
1630598223.541626 -346.842776 688.608970 -0.041979 -0.008655 0.002104 0.889063 -0.457697
1630598223.645264 -346.842779 688.608971 -0.041978 -0.008667 0.002111 0.889069 -0.457686
1630598223.749024 -346.842772 688.608967 -0.041978 -0.008651 0.002080 0.889068 -0.457688
1630598223.852661 -346.842780 688.608970 -0.041979 -0.008669 0.002107 0.889064 -0.457696
1630598223.956299 -346.842778 688.608968 -0.041978 -0.008667 0.002094 0.889066 -0.457693
1630598224.060059 -346.842772 688.608972 -0.041977 -0.008646 0.002097 0.889067 -0.457690
1630598224.163696 -346.842779 688.608973 -0.041978 -0.008662 0.002115 0.889062 -0.457701
1630598224.267456 -346.842776 688.608967 -0.041979 -0.008663 0.002084 0.889065 -0.457694
1630598224.371094 -346.842780 688.608968 -0.041978 -0.008675 0.002097 0.889068 -0.457688
1630598224.474732 -346.842775 688.608974 -0.041977 -0.008650 0.002113 0.889068 -0.457689
1630598224.578491 -346.842777 688.608968 -0.041979 -0.008664 0.002093 0.889073 -0.457680
1630598224.682129 -346.842776 688.608970 -0.041979 -0.008659 0.002095 0.889068 -0.457689
1630598224.785767 -346.842776 688.608972 -0.041977 -0.008656 0.002107 0.889064 -0.457696
1630598224.889649 -346.842776 688.608970 -0.041977 -0.008660 0.002101 0.889066 -0.457692
1630598224.993286 -346.842771 688.608964 -0.041979 -0.008652 0.002069 0.889066 -0.457693
1630598225.097046 -346.842776 688.608967 -0.041979 -0.008664 0.002093 0.889069 -0.457686
1630598225.200684 -346.842775 688.608967 -0.041977 -0.008656 0.002091 0.889072 -0.457680
1630598225.304443 -346.842772 688.608965 -0.041977 -0.008655 0.002070 0.889071 -0.457684
1630598225.408203 -346.842776 688.608973 -0.041979 -0.008648 0.002109 0.889068 -0.457688
1630598225.511963 -346.842772 688.608962 -0.041978 -0.008662 0.002062 0.889064 -0.457696
1630598225.615601 -346.842778 688.608970 -0.041977 -0.008667 0.002104 0.889062 -0.457700
1630598225.719360 -346.842773 688.608963 -0.041978 -0.008659 0.002071 0.889061 -0.457703
1630598225.822998 -346.842777 688.608962 -0.041979 -0.008674 0.002079 0.889053 -0.457717
1630598225.926758 -346.842773 688.608965 -0.041978 -0.008653 0.002076 0.889057 -0.457711
1630598226.030396 -346.842777 688.608963 -0.041977 -0.008674 0.002074 0.889053 -0.457716
1630598226.134033 -346.842779 688.608973 -0.041978 -0.008662 0.002116 0.889051 -0.457721
1630598226.237793 -346.842776 688.608963 -0.041979 -0.008672 0.002073 0.889052 -0.457719
1630598226.341431 -346.842780 688.608970 -0.041979 -0.008669 0.002110 0.889054 -0.457716
1630598226.445068 -346.842778 688.608963 -0.041978 -0.008673 0.002079 0.889053 -0.457717
1630598226.548828 -346.842779 688.608966 -0.041978 -0.008677 0.002090 0.889058 -0.457709
1630598226.652466 -346.842783 688.608967 -0.041979 -0.008684 0.002101 0.889053 -0.457717
1630598226.756226 -346.842780 688.608967 -0.041978 -0.008680 0.002091 0.889053 -0.457717
1630598226.859863 -346.842781 688.608971 -0.041977 -0.008674 0.002114 0.889056 -0.457712
1630598226.963623 -346.842779 688.608962 -0.041978 -0.008683 0.002076 0.889059 -0.457707
1630598227.067383 -346.842782 688.608965 -0.041979 -0.008683 0.002097 0.889058 -0.457708
1630598227.171143 -346.842778 688.608967 -0.041978 -0.008666 0.002096 0.889056 -0.457712
1630598227.274658 -346.842779 688.608960 -0.041977 -0.008684 0.002068 0.889052 -0.457718
1630598227.378418 -346.842780 688.608971 -0.041979 -0.008668 0.002109 0.889055 -0.457714
1630598227.482178 -346.842775 688.608965 -0.041978 -0.008663 0.002077 0.889051 -0.457722
1630598227.585693 -346.842779 688.608971 -0.041978 -0.008667 0.002109 0.889054 -0.457715
1630598227.689453 -346.842776 688.608962 -0.041978 -0.008669 0.002073 0.889054 -0.457715
1630598227.793213 -346.842778 688.608967 -0.041979 -0.008668 0.002095 0.889053 -0.457717
1630598227.896973 -346.842777 688.608970 -0.041979 -0.008657 0.002099 0.889059 -0.457706
1630598228.000610 -346.842775 688.608963 -0.041977 -0.008667 0.002070 0.889054 -0.457715
1630598228.104370 -346.842779 688.608974 -0.041978 -0.008666 0.002119 0.889057 -0.457710
1630598228.208008 -346.842776 688.608965 -0.041978 -0.008664 0.002078 0.889050 -0.457723
1630598228.311768 -346.842780 688.608969 -0.041979 -0.008672 0.002106 0.889049 -0.457725
1630598228.415527 -346.842781 688.608969 -0.041979 -0.008676 0.002111 0.889049 -0.457725
1630598228.519287 -346.842775 688.608966 -0.041978 -0.008662 0.002083 0.889052 -0.457720
1630598228.623047 -346.842784 688.608972 -0.041979 -0.008678 0.002121 0.889051 -0.457721
1630598228.726563 -346.842777 688.608964 -0.041978 -0.008672 0.002077 0.889049 -0.457725
1630598228.830322 -346.842782 688.608969 -0.041978 -0.008685 0.002106 0.889053 -0.457717
1630598228.934082 -346.842775 688.608969 -0.041978 -0.008659 0.002097 0.889054 -0.457716
1630598229.037720 -346.842778 688.608961 -0.041978 -0.008677 0.002067 0.889053 -0.457718
1630598229.141358 -346.842779 688.608973 -0.041978 -0.008662 0.002119 0.889054 -0.457716
1630598229.245117 -346.842772 688.608961 -0.041978 -0.008659 0.002068 0.889057 -0.457709
1630598229.348755 -346.842780 688.608967 -0.041978 -0.008678 0.002097 0.889062 -0.457699
1630598229.452393 -346.842776 688.608970 -0.041979 -0.008654 0.002096 0.889063 -0.457699
1630598229.556152 -346.842775 688.608964 -0.041978 -0.008667 0.002074 0.889062 -0.457700
1630598229.659912 -346.842781 688.608976 -0.041978 -0.008668 0.002129 0.889059 -0.457705
1630598229.763672 -346.842776 688.608960 -0.041978 -0.008674 0.002064 0.889062 -0.457701
1630598229.867310 -346.842785 688.608970 -0.041979 -0.008685 0.002115 0.889060 -0.457703
1630598229.971069 -346.842776 688.608966 -0.041978 -0.008663 0.002088 0.889059 -0.457706
1630598230.074829 -346.842781 688.608964 -0.041978 -0.008689 0.002085 0.889058 -0.457706
1630598230.178467 -346.842782 688.608972 -0.041978 -0.008672 0.002116 0.889058 -0.457707
1630598230.282227 -346.842775 688.608960 -0.041978 -0.008674 0.002059 0.889055 -0.457713
1630598230.385986 -346.842782 688.608971 -0.041978 -0.008677 0.002117 0.889057 -0.457709
1630598230.489624 -346.842778 688.608961 -0.041978 -0.008677 0.002075 0.889060 -0.457704
1630598230.593262 -346.842784 688.608960 -0.041978 -0.008700 0.002080 0.889060 -0.457703
1630598230.697022 -346.842783 688.608971 -0.041979 -0.008675 0.002118 0.889062 -0.457700
1630598230.800781 -346.842780 688.608955 -0.041978 -0.008696 0.002054 0.889060 -0.457704
1630598230.904541 -346.842787 688.608968 -0.041978 -0.008703 0.002113 0.889060 -0.457703
1630598231.008179 -346.842778 688.608965 -0.041978 -0.008673 0.002083 0.889057 -0.457710
1630598231.111817 -346.842784 688.608954 -0.041978 -0.008714 0.002060 0.889056 -0.457710
1630598231.215576 -346.842783 688.608969 -0.041978 -0.008683 0.002110 0.889051 -0.457720
1630598231.319336 -346.842784 688.608954 -0.041978 -0.008711 0.002057 0.889050 -0.457722
1630598231.423096 -346.842788 688.608967 -0.041979 -0.008702 0.002109 0.889048 -0.457726
1630598231.526611 -346.842779 688.608961 -0.041978 -0.008684 0.002069 0.889048 -0.457726
1630598231.630249 -346.842789 688.608959 -0.041978 -0.008724 0.002084 0.889050 -0.457723
1630598231.734009 -346.842780 688.608967 -0.041978 -0.008675 0.002098 0.889047 -0.457728
1630598231.837647 -346.842781 688.608954 -0.041978 -0.008706 0.002052 0.889051 -0.457720
1630598231.941406 -346.842785 688.608967 -0.041979 -0.008691 0.002108 0.889053 -0.457716
1630598232.045166 -346.842779 688.608958 -0.041979 -0.008686 0.002063 0.889059 -0.457706
1630598232.148926 -346.842788 688.608964 -0.041978 -0.008709 0.002100 0.889054 -0.457715
1630598232.252686 -346.842781 688.608966 -0.041978 -0.008682 0.002092 0.889052 -0.457720
1630598232.356323 -346.842782 688.608959 -0.041978 -0.008701 0.002070 0.889057 -0.457709
1630598232.459961 -346.842782 688.608968 -0.041979 -0.008683 0.002104 0.889056 -0.457712
1630598232.563721 -346.842779 688.608958 -0.041978 -0.008690 0.002063 0.889054 -0.457716
1630598232.667481 -346.842784 688.608964 -0.041978 -0.008697 0.002095 0.889058 -0.457707
1630598232.771240 -346.842779 688.608965 -0.041978 -0.008673 0.002087 0.889055 -0.457714
1630598232.874878 -346.842783 688.608960 -0.041979 -0.008701 0.002074 0.889050 -0.457723
1630598232.978638 -346.842780 688.608965 -0.041978 -0.008680 0.002088 0.889051 -0.457720
1630598233.082276 -346.842781 688.608958 -0.041977 -0.008698 0.002067 0.889053 -0.457717
1630598233.185913 -346.842778 688.608964 -0.041979 -0.008673 0.002083 0.889052 -0.457720
1630598233.289673 -346.842781 688.608956 -0.041979 -0.008695 0.002061 0.889047 -0.457728
1630598233.393311 -346.842783 688.608962 -0.041978 -0.008695 0.002085 0.889048 -0.457726
1630598233.497193 -346.842780 688.608960 -0.041977 -0.008690 0.002071 0.889050 -0.457724
1630598233.600830 -346.842784 688.608962 -0.041978 -0.008700 0.002085 0.889053 -0.457716
1630598233.704590 -346.842784 688.608962 -0.041979 -0.008695 0.002088 0.889051 -0.457721
1630598233.808228 -346.842781 688.608960 -0.041978 -0.008694 0.002072 0.889050 -0.457724
1630598233.911987 -346.842782 688.608966 -0.041978 -0.008683 0.002097 0.889053 -0.457718
1630598234.015625 -346.842779 688.608959 -0.041979 -0.008686 0.002067 0.889051 -0.457722
1630598234.119385 -346.842779 688.608967 -0.041978 -0.008674 0.002094 0.889055 -0.457713
1630598234.223145 -346.842778 688.608959 -0.041978 -0.008687 0.002063 0.889058 -0.457707
1630598234.326904 -346.842779 688.608964 -0.041978 -0.008682 0.002086 0.889059 -0.457706
1630598234.430420 -346.842781 688.608961 -0.041979 -0.008685 0.002075 0.889061 -0.457701
1630598234.534180 -346.842779 688.608964 -0.041979 -0.008676 0.002083 0.889051 -0.457721
1630598234.637940 -346.842778 688.608966 -0.041978 -0.008674 0.002091 0.889056 -0.457712
1630598234.741577 -346.842776 688.608961 -0.041978 -0.008676 0.002068 0.889061 -0.457701
1630598234.845337 -346.842781 688.608970 -0.041979 -0.008670 0.002108 0.889061 -0.457701
1630598234.948975 -346.842776 688.608961 -0.041978 -0.008670 0.002068 0.889061 -0.457702
1630598235.052735 -346.842776 688.608969 -0.041978 -0.008658 0.002097 0.889062 -0.457700
1630598235.156372 -346.842779 688.608965 -0.041978 -0.008676 0.002086 0.889064 -0.457695
1630598235.260010 -346.842778 688.608968 -0.041978 -0.008668 0.002094 0.889063 -0.457698
1630598235.363770 -346.842776 688.608967 -0.041978 -0.008663 0.002091 0.889063 -0.457698
1630598235.467529 -346.842778 688.608965 -0.041978 -0.008675 0.002086 0.889061 -0.457701
1630598235.571289 -346.842774 688.608971 -0.041978 -0.008647 0.002101 0.889059 -0.457705
1630598235.675049 -346.842780 688.608962 -0.041979 -0.008682 0.002078 0.889065 -0.457693
1630598235.778565 -346.842773 688.608971 -0.041978 -0.008645 0.002099 0.889062 -0.457700
1630598235.882324 -346.842776 688.608963 -0.041978 -0.008673 0.002073 0.889066 -0.457692
1630598235.986084 -346.842776 688.608966 -0.041978 -0.008667 0.002086 0.889064 -0.457696
1630598236.089600 -346.842776 688.608966 -0.041979 -0.008663 0.002087 0.889064 -0.457696
1630598236.193482 -346.842779 688.608963 -0.041978 -0.008680 0.002081 0.889069 -0.457686
1630598236.297119 -346.842776 688.608968 -0.041978 -0.008658 0.002094 0.889069 -0.457686
1630598236.400879 -346.842780 688.608963 -0.041978 -0.008684 0.002079 0.889070 -0.457685
1630598236.504517 -346.842776 688.608972 -0.041978 -0.008656 0.002105 0.889067 -0.457691
1630598236.608154 -346.842782 688.608960 -0.041978 -0.008695 0.002074 0.889065 -0.457693
1630598236.711914 -346.842778 688.608967 -0.041978 -0.008669 0.002095 0.889062 -0.457700
1630598236.815674 -346.842776 688.608964 -0.041979 -0.008665 0.002079 0.889059 -0.457706
1630598236.919312 -346.842777 688.608962 -0.041978 -0.008674 0.002072 0.889059 -0.457706
1630598237.023071 -346.842775 688.608968 -0.041978 -0.008654 0.002090 0.889057 -0.457710
1630598237.126709 -346.842776 688.608960 -0.041978 -0.008675 0.002063 0.889054 -0.457715
1630598237.230347 -346.842777 688.608970 -0.041979 -0.008665 0.002100 0.889049 -0.457725
1630598237.334107 -346.842746 688.609004 -0.042037 -0.008662 0.002076 0.889049 -0.457726
1630598237.437744 -346.842710 688.609109 -0.042191 -0.008677 0.002081 0.889048 -0.457726
1630598237.541504 -346.842658 688.609197 -0.042333 -0.008657 0.002075 0.889051 -0.457721
1630598237.645264 -346.842479 688.608844 -0.042416 -0.008622 0.002063 0.889030 -0.457762
1630598237.748901 -346.842017 688.607022 -0.042615 -0.008587 0.002124 0.889026 -0.457771
1630598237.852783 -346.841128 688.603282 -0.042878 -0.008553 0.002084 0.889048 -0.457728
1630598237.956299 -346.840185 688.597678 -0.043122 -0.008579 0.002150 0.889043 -0.457739
1630598238.060059 -346.838845 688.589893 -0.043442 -0.008585 0.002212 0.889024 -0.457775
1630598238.163818 -346.836710 688.579516 -0.043922 -0.008524 0.002286 0.889037 -0.457751
1630598238.267334 -346.833788 688.565250 -0.045084 -0.008308 0.002733 0.889053 -0.457721
1630598238.371216 -346.829774 688.543374 -0.047298 -0.007994 0.003905 0.889049 -0.457725
1630598238.474854 -346.823936 688.510611 -0.048674 -0.007743 0.004733 0.889029 -0.457760
1630598238.578613 -346.815648 688.465724 -0.049036 -0.007710 0.004886 0.889037 -0.457744
1630598238.682251 -346.804535 688.406449 -0.050366 -0.007434 0.005698 0.889069 -0.457677
1630598238.786011 -346.790452 688.330222 -0.051780 -0.007209 0.006191 0.889029 -0.457753
1630598238.889649 -346.773056 688.235777 -0.053066 -0.007116 0.006424 0.889031 -0.457748
1630598238.993286 -346.752492 688.123460 -0.053953 -0.007143 0.006287 0.889047 -0.457716
1630598239.097168 -346.729079 687.993947 -0.055137 -0.007208 0.006321 0.889031 -0.457747
1630598239.200806 -346.702293 687.847503 -0.056995 -0.007170 0.006418 0.889018 -0.457771
1630598239.304688 -346.671745 687.683207 -0.058981 -0.006989 0.006388 0.889037 -0.457738
1630598239.408447 -346.638387 687.500422 -0.061082 -0.007021 0.006487 0.889034 -0.457742
1630598239.512085 -346.601308 687.298452 -0.062634 -0.006806 0.006201 0.889033 -0.457750
1630598239.615723 -346.561131 687.078163 -0.063106 -0.006914 0.006074 0.889108 -0.457604
1630598239.719483 -346.517869 686.839874 -0.063020 -0.006768 0.006127 0.889189 -0.457449
1630598239.823242 -346.472569 686.583691 -0.063630 -0.006966 0.006349 0.889260 -0.457305
1630598239.926880 -346.423963 686.310385 -0.064856 -0.006919 0.006761 0.889369 -0.457088
1630598240.030762 -346.371060 686.019249 -0.065254 -0.006518 0.007276 0.889518 -0.456795
1630598240.134277 -346.314968 685.710660 -0.066055 -0.006196 0.007767 0.889602 -0.456629
1630598240.238037 -346.256610 685.381707 -0.068701 -0.006114 0.008042 0.889666 -0.456499
1630598240.341675 -346.196890 685.033310 -0.073061 -0.006787 0.008198 0.889775 -0.456275
1630598240.445313 -346.134241 684.666653 -0.077738 -0.007348 0.008510 0.889888 -0.456040
1630598240.549072 -346.066899 684.281129 -0.080251 -0.007792 0.008418 0.890063 -0.455693
1630598240.652832 -345.994221 683.876787 -0.079801 -0.007558 0.007680 0.890223 -0.455397
1630598240.756470 -345.918139 683.453541 -0.077950 -0.007537 0.006426 0.890320 -0.455228
1630598240.860108 -345.839976 683.012261 -0.077255 -0.007736 0.005023 0.890396 -0.455093
1630598240.963867 -345.761380 682.556492 -0.079752 -0.008006 0.004844 0.890381 -0.455119
1630598241.067383 -345.683026 682.089246 -0.084576 -0.008780 0.005935 0.890459 -0.454940
1630598241.171143 -345.601121 681.607847 -0.088458 -0.008875 0.006904 0.890600 -0.454648
1630598241.274902 -345.514571 681.111900 -0.091084 -0.008837 0.006995 0.890662 -0.454525
1630598241.378540 -345.424364 680.602960 -0.093863 -0.008572 0.006431 0.890607 -0.454648
1630598241.482300 -345.331149 680.082869 -0.096480 -0.008143 0.005432 0.890665 -0.454555
1630598241.585938 -345.237025 679.553950 -0.098490 -0.007948 0.004748 0.890747 -0.454405
1630598241.689697 -345.141317 679.014107 -0.099810 -0.007352 0.004224 0.890692 -0.454528
1630598241.793457 -345.046072 678.464548 -0.101549 -0.007585 0.004819 0.890637 -0.454627
1630598241.897217 -344.951070 677.906519 -0.103653 -0.008174 0.005107 0.890688 -0.454514
1630598242.000855 -344.854742 677.343607 -0.105975 -0.008692 0.004467 0.890795 -0.454300
1630598242.104736 -344.756018 676.777341 -0.109184 -0.009040 0.003506 0.890877 -0.454140
1630598242.208374 -344.656666 676.211315 -0.112312 -0.009000 0.003079 0.890901 -0.454099
1630598242.312012 -344.558487 675.643243 -0.113320 -0.009197 0.002600 0.890930 -0.454040
1630598242.415772 -344.461722 675.074108 -0.114318 -0.009698 0.002513 0.890979 -0.453934
1630598242.519531 -344.367057 674.503749 -0.118302 -0.010905 0.002474 0.891015 -0.453836
1630598242.623047 -344.271249 673.933464 -0.124152 -0.011835 0.001755 0.890995 -0.453856
1630598242.726807 -344.171570 673.362421 -0.129253 -0.012006 0.000669 0.891006 -0.453831
1630598242.830444 -344.069614 672.793910 -0.131979 -0.011184 -0.000286 0.891010 -0.453847
1630598242.934082 -343.970817 672.226891 -0.134963 -0.011036 -0.000003 0.890917 -0.454032
1630598243.037842 -343.875799 671.659832 -0.141776 -0.011474 0.001743 0.890803 -0.454242
1630598243.141358 -343.779810 671.092240 -0.150546 -0.011538 0.003609 0.890884 -0.454069
1630598243.245117 -343.679750 670.517846 -0.156902 -0.011306 0.004473 0.890992 -0.453856
1630598243.348877 -343.576984 669.935906 -0.159846 -0.010950 0.003881 0.890929 -0.453995
1630598243.452515 -343.473065 669.348635 -0.162368 -0.010702 0.002608 0.890904 -0.454059
1630598243.556275 -343.370054 668.756824 -0.166246 -0.010767 0.002118 0.890982 -0.453907
1630598243.660034 -343.267871 668.161236 -0.170659 -0.010806 0.002188 0.890949 -0.453969
1630598243.763672 -343.161709 667.560596 -0.175981 -0.010206 0.001815 0.890830 -0.454218
1630598243.867432 -343.051191 666.956350 -0.181880 -0.009031 0.001738 0.890891 -0.454124
1630598243.971069 -342.941399 666.348943 -0.187262 -0.007728 0.001651 0.890848 -0.454233
1630598244.074951 -342.836279 665.736024 -0.190477 -0.008107 0.001647 0.890627 -0.454659
1630598244.178589 -342.730609 665.124563 -0.194737 -0.008013 0.002551 0.890676 -0.454562
1630598244.282349 -342.621216 664.510955 -0.199042 -0.007603 0.002830 0.890825 -0.454273
1630598244.385986 -342.509670 663.896332 -0.202790 -0.006405 0.002687 0.890771 -0.454400
1630598244.489624 -342.399549 663.279783 -0.205248 -0.005891 0.002296 0.890631 -0.454682
1630598244.593506 -342.290481 662.660290 -0.206803 -0.005949 0.001782 0.890616 -0.454714
1630598244.697144 -342.180683 662.042563 -0.209127 -0.005432 0.001549 0.890573 -0.454805
1630598244.800781 -342.071197 661.423634 -0.212766 -0.005538 0.002035 0.890463 -0.455017
1630598244.904541 -341.959055 660.799831 -0.217329 -0.004529 0.002122 0.890424 -0.455105
1630598245.008179 -341.846068 660.169078 -0.222530 -0.004169 0.002746 0.890475 -0.455005
1630598245.111939 -341.730867 659.527097 -0.227016 -0.003459 0.002935 0.890415 -0.455127
1630598245.215698 -341.614025 658.873870 -0.230139 -0.003236 0.002812 0.890383 -0.455192
1630598245.319336 -341.494685 658.211788 -0.233198 -0.002368 0.002572 0.890420 -0.455126
1630598245.423096 -341.375734 657.538804 -0.237903 -0.002357 0.002692 0.890365 -0.455233
1630598245.526734 -341.256886 656.854500 -0.243925 -0.003111 0.002454 0.890299 -0.455359
1630598245.630615 -341.133531 656.158274 -0.249165 -0.003216 0.001803 0.890376 -0.455211
1630598245.734131 -341.006978 655.455220 -0.252900 -0.002519 0.001206 0.890404 -0.455163
1630598245.837891 -340.880433 654.741735 -0.257643 -0.002313 0.001553 0.890404 -0.455162
1630598245.941651 -340.754366 654.019605 -0.264490 -0.002038 0.002862 0.890476 -0.455017
1630598246.045288 -340.628272 653.287781 -0.270166 -0.002316 0.003994 0.890516 -0.454929
1630598246.149170 -340.500065 652.544099 -0.273272 -0.002944 0.004180 0.890542 -0.454872
1630598246.252686 -340.369222 651.794591 -0.275501 -0.002889 0.004256 0.890679 -0.454604
1630598246.356445 -340.236613 651.034407 -0.277370 -0.002998 0.004311 0.890725 -0.454512
1630598246.460083 -340.103885 650.266865 -0.279093 -0.003132 0.004332 0.890756 -0.454450
1630598246.563843 -339.969793 649.490180 -0.281017 -0.003342 0.004705 0.890834 -0.454291
1630598246.667481 -339.834690 648.706239 -0.283200 -0.003646 0.005266 0.890856 -0.454240
1630598246.771240 -339.698602 647.912287 -0.285063 -0.003523 0.006103 0.890944 -0.454059
1630598246.874878 -339.560892 647.108205 -0.286373 -0.003472 0.007122 0.891025 -0.453885
1630598246.978516 -339.420648 646.292798 -0.286505 -0.003452 0.008003 0.891083 -0.453756
1630598247.082276 -339.279209 645.463297 -0.285001 -0.004024 0.008343 0.891162 -0.453590
1630598247.186035 -339.136220 644.620929 -0.283374 -0.004544 0.007946 0.891184 -0.453550
1630598247.289673 -338.991032 643.768880 -0.281032 -0.004731 0.007401 0.891286 -0.453356
1630598247.393311 -338.843483 642.909313 -0.278194 -0.004020 0.007921 0.891363 -0.453203
1630598247.497070 -338.693510 642.037647 -0.277730 -0.004059 0.008012 0.891350 -0.453226
1630598247.600830 -338.540819 641.153323 -0.277590 -0.003952 0.007242 0.891400 -0.453143
1630598247.704468 -338.385406 640.256674 -0.274529 -0.003817 0.004813 0.891382 -0.453210
1630598247.808106 -338.227862 639.353167 -0.274170 -0.003318 0.003747 0.891464 -0.453064
1630598247.911865 -338.070371 638.442820 -0.277476 -0.002882 0.004411 0.891474 -0.453041
1630598248.015625 -337.911802 637.524308 -0.281746 -0.002049 0.005710 0.891436 -0.453105
1630598248.119263 -337.753421 636.595692 -0.283753 -0.001666 0.006846 0.891450 -0.453065
1630598248.223145 -337.594461 635.652893 -0.282658 -0.002382 0.007569 0.891430 -0.453089
1630598248.326660 -337.431644 634.702989 -0.279918 -0.002032 0.007676 0.891510 -0.452931
1630598248.430420 -337.266296 633.740403 -0.276346 -0.001641 0.007645 0.891458 -0.453035
1630598248.534180 -337.099243 632.766579 -0.273414 -0.001521 0.007482 0.891397 -0.453160
1630598248.637818 -336.929163 631.782969 -0.270897 -0.001078 0.006983 0.891348 -0.453265
1630598248.741577 -336.757140 630.789427 -0.267569 -0.000557 0.006894 0.891392 -0.453180
1630598248.845215 -336.586612 629.788167 -0.265137 -0.000932 0.008237 0.891413 -0.453116
1630598248.948975 -336.414789 628.773564 -0.262511 -0.001168 0.008413 0.891469 -0.453001
1630598249.052735 -336.242142 627.745713 -0.256880 -0.002276 0.007720 0.891455 -0.453038
1630598249.156250 -336.068977 626.710354 -0.252185 -0.003367 0.007301 0.891447 -0.453053
1630598249.260010 -335.891734 625.665074 -0.249550 -0.003550 0.007392 0.891471 -0.453004
1630598249.363770 -335.712208 624.611784 -0.247546 -0.003328 0.008331 0.891522 -0.452888
1630598249.467529 -335.530932 623.547004 -0.245369 -0.002969 0.009069 0.891526 -0.452869
1630598249.571289 -335.347742 622.469409 -0.240695 -0.003463 0.008350 0.891583 -0.452767
1630598249.674805 -335.162337 621.385803 -0.234504 -0.003197 0.008048 0.891635 -0.452672
1630598249.778565 -334.974899 620.292696 -0.229981 -0.002031 0.008505 0.891754 -0.452437
1630598249.882324 -334.787773 619.189092 -0.225255 -0.001846 0.008858 0.891910 -0.452123
1630598249.985962 -334.600051 618.076733 -0.218349 -0.001646 0.008267 0.892123 -0.451713
1630598250.089722 -334.412746 616.956214 -0.211268 -0.001884 0.007785 0.892315 -0.451342
1630598250.193360 -334.226037 615.832137 -0.204423 -0.001774 0.007823 0.892543 -0.450891
1630598250.297241 -334.040227 614.702026 -0.196954 -0.001940 0.008243 0.892765 -0.450443
1630598250.400879 -333.855867 613.572307 -0.188418 -0.002354 0.008421 0.893036 -0.449901
1630598250.504517 -333.672576 612.440862 -0.178554 -0.002851 0.008041 0.893294 -0.449391
1630598250.608276 -333.489373 611.307517 -0.168628 -0.002891 0.007461 0.893538 -0.448916
1630598250.711914 -333.307068 610.176524 -0.159320 -0.002812 0.007140 0.893790 -0.448420
1630598250.815674 -333.125070 609.045654 -0.151192 -0.002335 0.006766 0.894029 -0.447951
1630598250.919434 -332.945544 607.914725 -0.143875 -0.002310 0.006967 0.894257 -0.447494
1630598251.023071 -332.766339 606.785406 -0.136244 -0.001867 0.006673 0.894465 -0.447084
1630598251.126831 -332.588002 605.653998 -0.129066 -0.002003 0.006339 0.894658 -0.446702
1630598251.230469 -332.410981 604.523216 -0.121871 -0.001967 0.005632 0.894754 -0.446519
1630598251.334229 -332.233570 603.392610 -0.115191 -0.001865 0.004779 0.894838 -0.446362
1630598251.437988 -332.057008 602.265249 -0.110172 -0.001828 0.004511 0.894927 -0.446187
1630598251.541626 -331.880824 601.143377 -0.105639 -0.001003 0.004648 0.895020 -0.446001
1630598251.645264 -331.706066 600.025551 -0.100549 -0.000438 0.005219 0.895067 -0.445901
1630598251.749024 -331.532255 598.908848 -0.094041 0.000137 0.006124 0.895124 -0.445775
1630598251.852661 -331.357996 597.793641 -0.086127 0.000689 0.005458 0.895154 -0.445724
1630598251.956421 -331.182862 596.676946 -0.077611 0.001343 0.004450 0.895175 -0.445690
1630598252.060059 -331.009895 595.562603 -0.071281 0.000949 0.003078 0.895198 -0.445658
1630598252.163818 -330.835415 594.450825 -0.067389 0.002051 0.002834 0.895258 -0.445534
1630598252.267456 -330.664192 593.342315 -0.065716 0.002230 0.003674 0.895326 -0.445390
1630598252.371338 -330.495042 592.229536 -0.063437 0.001870 0.004462 0.895381 -0.445274
1630598252.474854 -330.326770 591.116618 -0.059630 0.001200 0.004860 0.895502 -0.445030
1630598252.578613 -330.158137 589.996623 -0.055432 0.000647 0.004629 0.895585 -0.444866
1630598252.682373 -329.989566 588.873567 -0.051750 0.000038 0.004882 0.895640 -0.444753
1630598252.786011 -329.820379 587.748091 -0.049716 -0.000204 0.004605 0.895737 -0.444559
1630598252.889649 -329.651275 586.616977 -0.048260 -0.001416 0.004107 0.895890 -0.444254
1630598252.993530 -329.479302 585.480345 -0.046878 -0.001357 0.002968 0.895994 -0.444054
1630598253.097168 -329.306919 584.345909 -0.047548 -0.000181 0.002892 0.896090 -0.443863
1630598253.200928 -329.133225 583.210055 -0.047968 0.001455 0.003672 0.896210 -0.443612
1630598253.304688 -328.959135 582.070578 -0.047731 0.002238 0.005022 0.896541 -0.442926
1630598253.408325 -328.785328 580.925115 -0.043827 0.003435 0.003876 0.896940 -0.442123
1630598253.511963 -328.613691 579.776070 -0.038421 0.005310 0.002096 0.897381 -0.441220
1630598253.615723 -328.449385 578.624577 -0.034628 0.004367 0.001560 0.897883 -0.440209
1630598253.719483 -328.289334 577.472338 -0.032392 0.004121 0.000645 0.898386 -0.439187
1630598253.823120 -328.133850 576.322733 -0.031774 0.002618 0.001256 0.898915 -0.438114
1630598253.926880 -327.978550 575.172392 -0.032323 0.001823 0.002068 0.899439 -0.437037
1630598254.030518 -327.823514 574.021363 -0.032870 0.002902 0.000513 0.899909 -0.436068
1630598254.134033 -327.671026 572.871462 -0.033251 0.002835 -0.000502 0.900388 -0.435079
1630598254.237793 -327.519934 571.723271 -0.033903 0.003807 -0.000934 0.900918 -0.433973
1630598254.341553 -327.372385 570.577222 -0.037420 0.004725 -0.000430 0.901403 -0.432954
1630598254.445313 -327.229225 569.429916 -0.039496 0.004206 -0.001011 0.901858 -0.432011
1630598254.548828 -327.087746 568.288098 -0.040584 0.005030 -0.001394 0.902326 -0.431023
1630598254.652588 -326.949736 567.147360 -0.043607 0.005304 -0.000470 0.902796 -0.430036
1630598254.756104 -326.816088 566.010203 -0.045296 0.005039 -0.000031 0.903261 -0.429062
1630598254.859985 -326.682778 564.867967 -0.046089 0.005249 -0.000552 0.903716 -0.428101
1630598254.963623 -326.555371 563.728675 -0.047270 0.003760 -0.001399 0.904217 -0.427055
1630598255.067383 -326.427631 562.589893 -0.049578 0.005026 -0.003462 0.904657 -0.426098
1630598255.171143 -326.304809 561.456637 -0.055333 0.004118 -0.003117 0.905098 -0.425172
1630598255.274780 -326.182423 560.329702 -0.061695 0.004460 -0.002287 0.905550 -0.424210
1630598255.378662 -326.061023 559.199549 -0.068715 0.006017 -0.002692 0.905948 -0.423338
1630598255.482300 -325.946005 558.063700 -0.076665 0.003727 -0.005768 0.906368 -0.422433
1630598255.586060 -325.833381 556.927224 -0.084829 0.001506 -0.009872 0.906798 -0.421446
1630598255.689942 -325.728696 555.803355 -0.101810 -0.000294 -0.008618 0.907233 -0.420541
1630598255.793579 -325.629254 554.691832 -0.123501 -0.000825 -0.004675 0.907566 -0.419883
1630598255.897217 -325.527315 553.578113 -0.141859 -0.001230 -0.002787 0.907768 -0.419461
1630598256.000977 -325.424996 552.455536 -0.153514 -0.002877 -0.004347 0.907982 -0.418978
1630598256.104736 -325.321431 551.333669 -0.163745 -0.003648 -0.007319 0.908249 -0.418350
1630598256.208496 -325.221392 550.218909 -0.180653 -0.004921 -0.007321 0.908652 -0.417461
1630598256.312256 -325.125172 549.112170 -0.200969 -0.005306 -0.005953 0.908966 -0.416794
1630598256.415772 -325.033751 548.013380 -0.220865 -0.005947 -0.002510 0.909247 -0.416207
1630598256.519531 -324.943956 546.912520 -0.235666 -0.006878 0.000004 0.909474 -0.415704
1630598256.623047 -324.853027 545.812444 -0.244697 -0.006989 0.001151 0.909792 -0.415004
1630598256.726807 -324.761145 544.709540 -0.249940 -0.006923 0.001576 0.910159 -0.414198
1630598256.830567 -324.670821 543.608536 -0.254669 -0.006633 0.003051 0.910524 -0.413392
1630598256.934204 -324.584801 542.508291 -0.258835 -0.006996 0.004936 0.910833 -0.412686
1630598257.037842 -324.501920 541.404673 -0.260623 -0.007297 0.006792 0.911149 -0.411956
1630598257.141602 -324.419702 540.295698 -0.259154 -0.007660 0.008530 0.911428 -0.411300
1630598257.245361 -324.334782 539.179696 -0.255794 -0.006498 0.009195 0.911750 -0.410591
1630598257.348877 -324.252212 538.056603 -0.250703 -0.007548 0.008754 0.911997 -0.410034
1630598257.452759 -324.167398 536.922274 -0.245446 -0.007410 0.007144 0.912251 -0.409501
1630598257.556397 -324.083896 535.787556 -0.243160 -0.006523 0.007065 0.912478 -0.409014
1630598257.660156 -324.002112 534.647782 -0.242860 -0.005769 0.007878 0.912652 -0.408622
1630598257.763916 -323.921256 533.500937 -0.240983 -0.005456 0.008856 0.912813 -0.408245
1630598257.867554 -323.840162 532.347352 -0.235764 -0.005015 0.008798 0.912960 -0.407922
1630598257.971314 -323.759120 531.185303 -0.229580 -0.004517 0.008781 0.913099 -0.407618
1630598258.075073 -323.679516 530.015942 -0.223365 -0.004945 0.008683 0.913205 -0.407378
1630598258.178711 -323.600201 528.840308 -0.217810 -0.005171 0.008048 0.913322 -0.407126
1630598258.282471 -323.521109 527.655471 -0.213650 -0.005232 0.007291 0.913417 -0.406926
1630598258.386109 -323.443400 526.465975 -0.210570 -0.005975 0.006871 0.913487 -0.406767
1630598258.489868 -323.365702 525.270399 -0.209447 -0.006325 0.007426 0.913600 -0.406497
1630598258.593628 -323.288695 524.069441 -0.208158 -0.006294 0.008421 0.913714 -0.406221
1630598258.697266 -323.213452 522.864060 -0.204923 -0.006799 0.009975 0.913829 -0.405920
1630598258.801026 -323.137365 521.648767 -0.199255 -0.007072 0.010929 0.913930 -0.405662
1630598258.904663 -323.059111 520.425042 -0.190633 -0.006978 0.010069 0.914006 -0.405515
1630598259.008545 -322.979251 519.191532 -0.182250 -0.006621 0.009156 0.914115 -0.405297
1630598259.112061 -322.899853 517.957332 -0.176293 -0.006335 0.009024 0.914296 -0.404896
1630598259.215820 -322.820326 516.713460 -0.171748 -0.005723 0.008663 0.914443 -0.404582
1630598259.319580 -322.742944 515.463239 -0.166812 -0.005657 0.008283 0.914535 -0.404383
1630598259.423096 -322.668318 514.213002 -0.161325 -0.005674 0.009434 0.914662 -0.404069
1630598259.526856 -322.594346 512.955887 -0.154204 -0.005492 0.011499 0.914826 -0.403648
1630598259.630615 -322.519932 511.690290 -0.142607 -0.005162 0.012168 0.914970 -0.403304
1630598259.734375 -322.446335 510.415956 -0.127806 -0.005733 0.012043 0.915109 -0.402987
1630598259.838013 -322.373022 509.137869 -0.113136 -0.005850 0.011711 0.915304 -0.402551
1630598259.941651 -322.300256 507.857409 -0.099342 -0.005522 0.012539 0.915501 -0.402081
1630598260.045410 -322.227723 506.571703 -0.084700 -0.004686 0.013804 0.915653 -0.401705
1630598260.149170 -322.155484 505.278245 -0.066767 -0.004037 0.013950 0.915870 -0.401213
1630598260.252930 -322.082399 503.975545 -0.047255 -0.003639 0.012498 0.916201 -0.400509
1630598260.356690 -322.010899 502.667328 -0.029153 -0.003476 0.010683 0.916536 -0.399794
1630598260.460327 -321.943685 501.359153 -0.014849 -0.003109 0.010766 0.916842 -0.399093
1630598260.564087 -321.881261 500.045667 -0.002086 -0.003669 0.011921 0.917199 -0.398233
1630598260.667725 -321.820969 498.727471 0.012581 -0.003585 0.012445 0.917675 -0.397121
1630598260.771485 -321.763602 497.400944 0.028972 -0.003623 0.012794 0.918290 -0.395684
1630598260.875244 -321.710475 496.067166 0.046064 -0.004131 0.012377 0.918969 -0.394114
1630598260.978882 -321.660836 494.729685 0.062965 -0.004129 0.012018 0.919626 -0.392590
1630598261.082520 -321.614884 493.388945 0.079017 -0.003669 0.012611 0.920256 -0.391096
1630598261.186279 -321.572883 492.040939 0.095009 -0.003558 0.012653 0.920890 -0.389601
1630598261.290039 -321.535244 490.686780 0.113072 -0.003381 0.012686 0.921516 -0.388119
1630598261.393799 -321.502997 489.327199 0.131253 -0.003631 0.012673 0.922092 -0.386746
1630598261.497315 -321.475237 487.965369 0.149216 -0.003855 0.012886 0.922661 -0.385377
1630598261.601074 -321.451539 486.595469 0.166859 -0.004392 0.013149 0.923212 -0.384040
1630598261.704834 -321.430070 485.220993 0.184914 -0.004116 0.013594 0.923698 -0.382859
1630598261.808594 -321.411312 483.841443 0.204075 -0.003781 0.014017 0.924104 -0.381865
1630598261.912110 -321.395481 482.458661 0.224468 -0.003605 0.014232 0.924511 -0.380873
1630598262.015869 -321.381607 481.066218 0.246023 -0.003653 0.013361 0.924899 -0.379961
1630598262.119629 -321.369302 479.671048 0.267528 -0.003427 0.012323 0.925274 -0.379083
1630598262.223145 -321.359563 478.279407 0.287450 -0.002707 0.012279 0.925620 -0.378244
1630598262.326904 -321.353462 476.882679 0.306576 -0.002991 0.011993 0.925932 -0.377488
1630598262.430664 -321.350762 475.483528 0.326378 -0.003363 0.011607 0.926233 -0.376757
1630598262.534424 -321.351387 474.083595 0.345141 -0.004009 0.011330 0.926528 -0.376033
1630598262.638184 -321.354068 472.683394 0.362581 -0.004429 0.011055 0.926811 -0.375340
1630598262.741821 -321.358117 471.286306 0.379334 -0.004662 0.010988 0.927085 -0.374662
1630598262.845703 -321.363398 469.888495 0.395999 -0.004486 0.011509 0.927355 -0.373978
1630598262.949463 -321.370084 468.493601 0.413960 -0.004133 0.011746 0.927633 -0.373284
1630598263.053101 -321.379362 467.100440 0.433320 -0.004355 0.011389 0.927912 -0.372600
1630598263.156738 -321.391675 465.708287 0.452577 -0.005004 0.010859 0.928188 -0.371920
1630598263.260620 -321.405856 464.315746 0.470258 -0.005446 0.010697 0.928426 -0.371324
1630598263.364258 -321.420991 462.929919 0.486381 -0.005179 0.010633 0.928643 -0.370786
1630598263.467896 -321.436784 461.546919 0.502823 -0.004592 0.011152 0.928828 -0.370314
1630598263.571533 -321.453854 460.165639 0.520289 -0.004509 0.011320 0.928988 -0.369909
1630598263.675293 -321.471842 458.783097 0.538772 -0.004405 0.011004 0.929126 -0.369573
1630598263.779053 -321.490770 457.402684 0.557322 -0.004733 0.010335 0.929237 -0.369309
1630598263.882568 -321.509607 456.031044 0.574624 -0.004086 0.010376 0.929323 -0.369100
1630598263.986328 -321.528223 454.661251 0.591859 -0.003167 0.010830 0.929396 -0.368912
1630598264.089844 -321.547379 453.297963 0.610951 -0.002475 0.011320 0.929480 -0.368689
1630598264.193604 -321.568552 451.932801 0.631578 -0.002820 0.011243 0.929572 -0.368458
1630598264.297241 -321.592017 450.571062 0.652809 -0.003510 0.010655 0.929669 -0.368225
1630598264.401123 -321.616914 449.210663 0.672190 -0.003979 0.010391 0.929752 -0.368018
1630598264.504761 -321.642446 447.858967 0.689631 -0.004071 0.010804 0.929836 -0.367792
1630598264.608521 -321.668318 446.509324 0.706973 -0.004702 0.011557 0.929931 -0.367522
1630598264.712280 -321.691324 445.162763 0.726331 -0.003770 0.011792 0.930036 -0.367259
1630598264.816040 -321.715239 443.817564 0.746129 -0.003360 0.011720 0.930116 -0.367064
1630598264.919800 -321.738275 442.471432 0.766255 -0.002860 0.010390 0.930226 -0.366828
1630598265.023682 -321.762121 441.124822 0.783907 -0.003030 0.009072 0.930292 -0.366694
1630598265.127319 -321.784708 439.786088 0.798327 -0.001379 0.008424 0.930363 -0.366540
1630598265.230957 -321.812351 438.449025 0.810044 -0.002150 0.008747 0.930512 -0.366150
1630598265.334717 -321.838359 437.111107 0.823844 -0.001625 0.007768 0.930602 -0.365946
1630598265.438477 -321.867271 435.777014 0.837043 -0.001563 0.008427 0.930570 -0.366012
1630598265.542236 -321.897576 434.445856 0.850907 -0.001628 0.009344 0.930603 -0.365907
1630598265.645874 -321.927998 433.117215 0.866213 -0.001857 0.010187 0.930678 -0.365692
1630598265.749512 -321.958396 431.788625 0.883297 -0.002048 0.010335 0.930739 -0.365532
1630598265.853272 -321.989363 430.459203 0.900667 -0.002506 0.010281 0.930780 -0.365427
1630598265.956909 -322.020924 429.132390 0.917467 -0.002922 0.010010 0.930825 -0.365316
1630598266.060547 -322.052364 427.807024 0.933398 -0.003222 0.009790 0.930852 -0.365252
1630598266.164063 -322.082997 426.485547 0.948385 -0.003264 0.009636 0.930889 -0.365160
1630598266.267944 -322.113680 425.161408 0.962596 -0.003056 0.009847 0.930944 -0.365018
1630598266.371582 -322.143824 423.841470 0.976850 -0.002876 0.009676 0.931011 -0.364852
1630598266.475220 -322.174189 422.523706 0.991622 -0.002427 0.009609 0.931055 -0.364744
1630598266.578980 -322.206742 421.206721 1.006712 -0.002616 0.010249 0.931093 -0.364628
1630598266.682617 -322.240223 419.892379 1.022838 -0.002836 0.010624 0.931140 -0.364497
1630598266.786377 -322.273826 418.577146 1.039842 -0.003042 0.010709 0.931181 -0.364386
1630598266.890137 -322.306316 417.262829 1.056951 -0.002773 0.010244 0.931223 -0.364296
1630598266.993775 -322.338785 415.950871 1.073173 -0.002792 0.009705 0.931280 -0.364163
1630598267.097534 -322.371071 414.640081 1.088841 -0.002718 0.009627 0.931359 -0.363964
1630598267.201294 -322.402885 413.332124 1.103462 -0.001795 0.009970 0.931413 -0.363824
1630598267.305054 -322.438107 412.023606 1.118743 -0.002259 0.009823 0.931447 -0.363738
1630598267.408814 -322.473953 410.714874 1.134549 -0.002995 0.008942 0.931506 -0.363605
1630598267.512573 -322.509320 409.408653 1.148544 -0.003095 0.008738 0.931578 -0.363424
1630598267.616211 -322.544877 408.106139 1.160620 -0.003185 0.008761 0.931613 -0.363333
1630598267.719849 -322.580536 406.804891 1.172310 -0.003151 0.008963 0.931663 -0.363200
1630598267.823609 -322.616322 405.503076 1.184175 -0.002969 0.009003 0.931707 -0.363086
1630598267.927246 -322.653058 404.202627 1.196313 -0.003169 0.008900 0.931737 -0.363010
1630598268.031006 -322.691098 402.900779 1.208615 -0.003612 0.008741 0.931783 -0.362892
1630598268.134522 -322.729827 401.601767 1.219438 -0.004600 0.008502 0.931851 -0.362713
1630598268.238281 -322.766931 400.299577 1.229468 -0.004411 0.007946 0.931891 -0.362623
1630598268.342041 -322.804765 398.997958 1.237548 -0.004541 0.008183 0.931891 -0.362616
1630598268.445679 -322.841065 397.697159 1.245217 -0.003964 0.008435 0.931844 -0.362739
1630598268.549317 -322.878449 396.394089 1.253256 -0.004244 0.008774 0.931781 -0.362891
1630598268.652832 -322.915737 395.089156 1.261875 -0.004694 0.008691 0.931734 -0.363008
1630598268.756592 -322.953643 393.778314 1.270439 -0.005088 0.008562 0.931651 -0.363217
1630598268.860352 -322.992182 392.465878 1.278252 -0.005877 0.008937 0.931566 -0.363414
1630598268.964111 -323.028863 391.151113 1.285450 -0.006123 0.009400 0.931505 -0.363555
1630598269.067871 -323.064932 389.831837 1.292861 -0.006655 0.008907 0.931460 -0.363674
1630598269.171509 -323.098376 388.511136 1.300569 -0.006363 0.008135 0.931408 -0.363830
1630598269.275269 -323.131645 387.188301 1.306460 -0.005802 0.008276 0.931351 -0.363983
1630598269.379028 -323.164035 385.863047 1.311881 -0.005032 0.008627 0.931290 -0.364141
1630598269.482666 -323.197127 384.534537 1.318419 -0.005082 0.008625 0.931208 -0.364351
1630598269.586426 -323.229392 383.199968 1.325551 -0.004930 0.007860 0.931146 -0.364529
1630598269.690186 -323.261270 381.863010 1.331829 -0.004747 0.007695 0.931098 -0.364658
1630598269.793945 -323.292676 380.524491 1.337358 -0.004352 0.008022 0.931032 -0.364825
1630598269.897705 -323.324338 379.181981 1.343184 -0.004055 0.008234 0.930990 -0.364930
1630598270.001343 -323.357103 377.833617 1.349667 -0.004770 0.007987 0.930970 -0.364978
1630598270.105103 -323.388112 376.479592 1.356542 -0.004795 0.006399 0.930948 -0.365064
1630598270.208740 -323.419817 375.127412 1.360161 -0.004552 0.007137 0.930886 -0.365212
1630598270.312500 -323.451177 373.771336 1.363204 -0.004242 0.008097 0.930865 -0.365249
1630598270.416260 -323.482428 372.409428 1.368348 -0.003945 0.008644 0.930853 -0.365270
1630598270.519776 -323.513571 371.044165 1.375626 -0.003813 0.008298 0.930806 -0.365400
1630598270.623535 -323.544104 369.670523 1.382917 -0.003888 0.007811 0.930777 -0.365482
1630598270.727173 -323.573806 368.294195 1.388725 -0.003642 0.007284 0.930753 -0.365557
1630598270.830933 -323.603822 366.912230 1.393059 -0.003371 0.007096 0.930749 -0.365573
1630598270.934570 -323.634929 365.526564 1.396432 -0.003576 0.007044 0.930734 -0.365611
1630598271.038330 -323.666507 364.133715 1.399879 -0.004144 0.006722 0.930693 -0.365717
1630598271.142090 -323.698207 362.735879 1.402169 -0.004518 0.006689 0.930659 -0.365799
1630598271.245606 -323.729851 361.336113 1.403827 -0.004849 0.006019 0.930626 -0.365891
1630598271.349365 -323.759719 359.929074 1.404601 -0.004532 0.006210 0.930611 -0.365928
1630598271.453125 -323.789209 358.516553 1.404704 -0.004312 0.006261 0.930555 -0.366073
1630598271.556763 -323.818779 357.099247 1.405029 -0.004155 0.006252 0.930502 -0.366211
1630598271.660523 -323.847428 355.674259 1.405444 -0.003958 0.005833 0.930483 -0.366266
1630598271.764282 -323.875759 354.243849 1.405516 -0.003687 0.005563 0.930444 -0.366372
1630598271.867920 -323.903720 352.809561 1.405102 -0.003239 0.005393 0.930393 -0.366508
1630598271.971680 -323.931935 351.367355 1.404368 -0.003168 0.005138 0.930350 -0.366623
1630598272.075440 -323.960901 349.919324 1.403194 -0.003491 0.005160 0.930334 -0.366660
1630598272.179077 -323.989589 348.467268 1.401642 -0.003148 0.005009 0.930299 -0.366755
1630598272.282715 -324.018874 347.008735 1.399533 -0.003609 0.004956 0.930233 -0.366918
1630598272.386475 -324.048677 345.542370 1.397214 -0.004220 0.004969 0.930218 -0.366949
1630598272.490112 -324.077959 344.071891 1.393984 -0.004321 0.005108 0.930238 -0.366896
1630598272.593872 -324.107392 342.593054 1.390674 -0.004567 0.004888 0.930216 -0.366951
1630598272.697510 -324.137732 341.110449 1.387009 -0.004960 0.005255 0.930211 -0.366954
1630598272.801270 -324.169037 339.619691 1.383395 -0.005728 0.005636 0.930202 -0.366959
1630598272.905029 -324.199912 338.122142 1.380186 -0.006164 0.005585 0.930185 -0.366998
1630598273.008789 -324.230162 336.617854 1.376637 -0.005949 0.005596 0.930178 -0.367017
1630598273.112427 -324.262330 335.108110 1.372217 -0.007266 0.005283 0.930145 -0.367084
1630598273.216065 -324.294101 333.592309 1.366727 -0.007820 0.005493 0.930083 -0.367226
1630598273.319824 -324.324605 332.068803 1.360108 -0.008046 0.005312 0.930061 -0.367279
1630598273.423584 -324.353381 330.540153 1.353535 -0.007589 0.005613 0.930086 -0.367221
1630598273.527100 -324.381828 329.009386 1.347815 -0.007113 0.006032 0.930119 -0.367141
1630598273.630860 -324.412058 327.467448 1.343993 -0.007589 0.005750 0.930163 -0.367023
1630598273.734619 -324.440631 325.920947 1.341122 -0.006759 0.004292 0.930294 -0.366727
1630598273.838257 -324.471535 324.375697 1.337023 -0.006019 0.004167 0.930558 -0.366071
1630598273.942017 -324.507356 322.821676 1.330667 -0.008287 0.002466 0.930859 -0.365276
1630598274.045654 -324.544739 321.267907 1.321548 -0.009044 0.001507 0.931075 -0.364713
1630598274.149414 -324.583662 319.717511 1.307013 -0.008574 0.001534 0.931277 -0.364207
1630598274.253174 -324.623438 318.168385 1.293684 -0.007930 0.003242 0.931527 -0.363572
1630598274.356934 -324.664492 316.616351 1.284955 -0.007923 0.003137 0.931761 -0.362973
1630598274.460449 -324.706948 315.065831 1.278596 -0.007887 0.002292 0.931892 -0.362643
1630598274.564209 -324.750921 313.512880 1.270670 -0.008100 0.001377 0.931924 -0.362562
1630598274.667969 -324.795176 311.962835 1.260182 -0.008097 0.001312 0.931928 -0.362550
1630598274.771485 -324.839162 310.417437 1.248572 -0.007905 0.001003 0.931914 -0.362591
1630598274.875122 -324.883089 308.871949 1.236639 -0.007751 0.000311 0.931897 -0.362639
1630598274.978760 -324.927616 307.328933 1.223734 -0.007837 0.000385 0.931915 -0.362591
1630598275.082520 -324.972559 305.787179 1.210542 -0.008039 0.000491 0.931912 -0.362595
1630598275.186279 -325.016986 304.248184 1.197796 -0.007967 0.001206 0.931839 -0.362783
1630598275.289795 -325.060130 302.713569 1.186504 -0.007895 0.000781 0.931709 -0.363120
1630598275.393555 -325.101411 301.177057 1.175446 -0.007717 0.000427 0.931599 -0.363406
1630598275.497193 -325.140969 299.644707 1.163135 -0.007748 -0.000258 0.931477 -0.363717
1630598275.600830 -325.179591 298.114101 1.149440 -0.007395 -0.000728 0.931337 -0.364083
1630598275.704590 -325.217827 296.585546 1.134412 -0.007403 -0.001099 0.931170 -0.364508
1630598275.808350 -325.255733 295.061054 1.118822 -0.007434 -0.000364 0.931028 -0.364872
1630598275.912110 -325.292181 293.538423 1.104012 -0.007639 0.000032 0.930896 -0.365204
1630598276.015869 -325.326499 292.016370 1.090161 -0.007650 -0.000401 0.930759 -0.365554
1630598276.119629 -325.359435 290.496563 1.075869 -0.007721 -0.000767 0.930643 -0.365846
1630598276.223389 -325.391582 288.980130 1.060505 -0.007799 -0.000748 0.930506 -0.366193
1630598276.327149 -325.423273 287.465751 1.044719 -0.007856 -0.000729 0.930354 -0.366578
1630598276.430786 -325.454768 285.953647 1.028770 -0.008750 -0.001344 0.930144 -0.367088
1630598276.534424 -325.484156 284.445095 1.011936 -0.009353 -0.001780 0.929938 -0.367592
1630598276.638184 -325.510793 282.939549 0.993467 -0.009416 -0.001534 0.929710 -0.368169
1630598276.741821 -325.535159 281.439992 0.974480 -0.009455 -0.001265 0.929468 -0.368780
1630598276.845459 -325.557067 279.944481 0.956350 -0.009312 -0.000841 0.929239 -0.369360
1630598276.949219 -325.576004 278.451771 0.939601 -0.009183 -0.000726 0.928981 -0.370014
1630598277.052735 -325.592725 276.966716 0.923851 -0.008974 -0.001130 0.928761 -0.370568
1630598277.156494 -325.607503 275.483539 0.908166 -0.008953 -0.001692 0.928555 -0.371082
1630598277.260254 -325.620465 274.007314 0.890684 -0.009154 -0.002823 0.928319 -0.371660
1630598277.364014 -325.632182 272.540439 0.872484 -0.008897 -0.003063 0.928088 -0.372243
1630598277.467529 -325.642995 271.087909 0.853544 -0.008891 -0.002723 0.927897 -0.372720
1630598277.571289 -325.652901 269.641821 0.835918 -0.008802 -0.001637 0.927708 -0.373198
1630598277.675049 -325.663021 268.203649 0.820132 -0.009340 -0.001182 0.927522 -0.373650
1630598277.778687 -325.671406 266.774894 0.806322 -0.010007 -0.001037 0.927338 -0.374090
1630598277.882446 -325.677825 265.354405 0.792620 -0.010606 -0.000995 0.927149 -0.374542
1630598277.986084 -325.681103 263.946781 0.778928 -0.010073 -0.000655 0.926965 -0.375012
1630598278.089844 -325.683825 262.547240 0.765427 -0.010301 -0.000330 0.926802 -0.375408
1630598278.193604 -325.685382 261.155255 0.753048 -0.010661 -0.000559 0.926625 -0.375835
1630598278.297363 -325.684932 259.774351 0.740796 -0.010895 -0.002335 0.926396 -0.376385
1630598278.401123 -325.682969 258.408187 0.725484 -0.010768 -0.002288 0.926225 -0.376811
1630598278.504761 -325.679140 257.057477 0.708808 -0.010735 -0.002396 0.926106 -0.377103
1630598278.608521 -325.673453 255.718267 0.692302 -0.010126 -0.002616 0.926041 -0.377277
1630598278.712158 -325.667823 254.393383 0.676363 -0.009795 -0.002864 0.925932 -0.377551
1630598278.816040 -325.661722 253.078018 0.660549 -0.009959 -0.003540 0.925773 -0.377933
1630598278.919678 -325.654629 251.780436 0.644452 -0.009761 -0.004043 0.925620 -0.378306
1630598279.023438 -325.648191 250.497391 0.627027 -0.010028 -0.003705 0.925513 -0.378565
1630598279.126953 -325.641251 249.232966 0.610165 -0.010597 -0.003395 0.925489 -0.378610
1630598279.230713 -325.633146 247.979925 0.593792 -0.010232 -0.003844 0.925411 -0.378807
1630598279.334473 -325.625686 246.741317 0.578169 -0.010538 -0.004650 0.925366 -0.378899
1630598279.437988 -325.616775 245.524220 0.563057 -0.010280 -0.004815 0.925428 -0.378755
1630598279.541748 -325.607632 244.324135 0.546717 -0.009151 -0.003896 0.925617 -0.378330
1630598279.645508 -325.599655 243.139390 0.532119 -0.008121 -0.003502 0.925835 -0.377823
1630598279.749146 -325.594555 241.970131 0.519498 -0.008055 -0.003519 0.926043 -0.377316
1630598279.852905 -325.591219 240.813921 0.507376 -0.007927 -0.004144 0.926350 -0.376557
1630598279.956543 -325.590105 239.675949 0.494839 -0.007838 -0.004842 0.926712 -0.375661
1630598280.060303 -325.592536 238.554791 0.481019 -0.008122 -0.004758 0.927163 -0.374539
1630598280.164063 -325.597606 237.450732 0.465785 -0.007831 -0.004421 0.927554 -0.373581
1630598280.267822 -325.604334 236.362539 0.452919 -0.007981 -0.004758 0.927976 -0.372525
1630598280.371460 -325.614400 235.293500 0.439771 -0.008406 -0.004681 0.928318 -0.371662
1630598280.475098 -325.625011 234.242882 0.426226 -0.007901 -0.004987 0.928707 -0.370697
1630598280.578858 -325.636987 233.211241 0.412822 -0.007616 -0.005094 0.929072 -0.369784
1630598280.682495 -325.650699 232.200673 0.399554 -0.007463 -0.004891 0.929428 -0.368896
1630598280.786377 -325.667275 231.207015 0.386688 -0.007888 -0.005175 0.929724 -0.368135
1630598280.889893 -325.682355 230.236236 0.375126 -0.006318 -0.006358 0.930028 -0.367379
1630598280.993652 -325.704807 229.282911 0.362274 -0.008905 -0.005651 0.930278 -0.366703
1630598281.097412 -325.727102 228.348497 0.348907 -0.010067 -0.006009 0.930337 -0.366518
1630598281.200928 -325.745396 227.436752 0.336673 -0.009954 -0.006505 0.930388 -0.366384
1630598281.304688 -325.763440 226.544397 0.323725 -0.009292 -0.005802 0.930433 -0.366298
1630598281.408447 -325.783273 225.672111 0.309468 -0.008948 -0.004340 0.930523 -0.366098
1630598281.512207 -325.803423 224.818000 0.296310 -0.008997 -0.002829 0.930577 -0.365974
1630598281.615967 -325.821274 223.978684 0.286761 -0.008842 -0.002919 0.930685 -0.365703
1630598281.719727 -325.839644 223.156592 0.278601 -0.009272 -0.003566 0.930705 -0.365636
1630598281.823364 -325.858132 222.354011 0.270627 -0.009541 -0.004208 0.930693 -0.365654
1630598281.927124 -325.876335 221.571298 0.261432 -0.009665 -0.004264 0.930747 -0.365511
1630598282.030762 -325.894652 220.809623 0.251054 -0.009903 -0.003666 0.930759 -0.365481
1630598282.134522 -325.911387 220.064774 0.240753 -0.009957 -0.003866 0.930840 -0.365271
1630598282.238159 -325.926416 219.338630 0.231732 -0.009431 -0.004234 0.930910 -0.365101
1630598282.341797 -325.941941 218.630140 0.223690 -0.009457 -0.004442 0.930813 -0.365347
1630598282.445557 -325.958511 217.937514 0.214925 -0.009649 -0.004049 0.930755 -0.365494
1630598282.549194 -325.976128 217.262488 0.204977 -0.010246 -0.003686 0.930699 -0.365625
1630598282.652832 -325.992344 216.604299 0.195377 -0.010552 -0.003174 0.930602 -0.365867
1630598282.756592 -326.005618 215.960535 0.187621 -0.010399 -0.002935 0.930618 -0.365834
1630598282.860230 -326.020615 215.335825 0.181407 -0.010511 -0.002374 0.930607 -0.365860
1630598282.963867 -326.043002 214.729664 0.174342 -0.013300 0.000554 0.930525 -0.365987
1630598283.067627 -326.055044 214.130344 0.165359 -0.011974 -0.001018 0.930471 -0.366169
1630598283.171265 -326.062004 213.543490 0.156980 -0.011748 -0.002823 0.930588 -0.365869
1630598283.275025 -326.070082 212.971396 0.151259 -0.011278 -0.004520 0.930537 -0.365996
1630598283.378784 -326.088025 212.414060 0.151088 -0.013648 -0.005803 0.930230 -0.366678
1630598283.482422 -326.104358 211.879004 0.144516 -0.014443 -0.004423 0.930295 -0.366501
1630598283.586182 -326.112906 211.362471 0.131390 -0.013023 -0.002158 0.930599 -0.365802
1630598283.689942 -326.120172 210.859012 0.119061 -0.011286 -0.000875 0.930570 -0.365938
1630598283.793579 -326.129951 210.366394 0.111863 -0.011140 -0.000944 0.930472 -0.366193
1630598283.897339 -326.141396 209.884567 0.108838 -0.011684 -0.001621 0.930546 -0.365985
1630598284.000977 -326.154140 209.416729 0.106311 -0.012343 -0.001634 0.930613 -0.365792
1630598284.104736 -326.167088 208.962044 0.101735 -0.013193 -0.001090 0.930602 -0.365793
1630598284.208496 -326.178646 208.520874 0.095594 -0.013294 -0.000273 0.930605 -0.365784
1630598284.312134 -326.189082 208.090813 0.089856 -0.013417 0.000252 0.930618 -0.365746
1630598284.415772 -326.197272 207.670871 0.084526 -0.012891 0.000453 0.930687 -0.365589
1630598284.519531 -326.205798 207.259925 0.080277 -0.012762 0.000384 0.930702 -0.365555
1630598284.623047 -326.215231 206.860323 0.076593 -0.012823 0.000117 0.930658 -0.365665
1630598284.726807 -326.225986 206.471750 0.072330 -0.013490 0.000351 0.930640 -0.365687
1630598284.830567 -326.236597 206.094060 0.068462 -0.013953 0.000600 0.930566 -0.365857
1630598284.934082 -326.245145 205.727001 0.064783 -0.014213 0.000613 0.930477 -0.366074
1630598285.037842 -326.250997 205.368176 0.060775 -0.013992 0.000176 0.930331 -0.366455
1630598285.141480 -326.256170 205.020230 0.057153 -0.013844 -0.000389 0.930093 -0.367064
1630598285.245239 -326.262328 204.684464 0.053698 -0.014167 -0.000289 0.929811 -0.367764
1630598285.348877 -326.268787 204.362375 0.050223 -0.014540 0.000347 0.929389 -0.368814
1630598285.452637 -326.273307 204.050738 0.046886 -0.014703 0.000691 0.928897 -0.370046
1630598285.556397 -326.274400 203.751595 0.044807 -0.014301 0.001072 0.928501 -0.371054
1630598285.660034 -326.273606 203.463235 0.042578 -0.013671 0.001226 0.928077 -0.372136
1630598285.763672 -326.272884 203.186367 0.039977 -0.013169 0.001468 0.927551 -0.373462
1630598285.867554 -326.272444 202.921107 0.036592 -0.012954 0.002422 0.927008 -0.374811
1630598285.971314 -326.270458 202.666044 0.032856 -0.012672 0.002499 0.926456 -0.376182
1630598286.074951 -326.267321 202.423481 0.029972 -0.012383 0.002589 0.925897 -0.377563
1630598286.178711 -326.263589 202.192793 0.028694 -0.012086 0.002501 0.925265 -0.379121
1630598286.282471 -326.259101 201.972780 0.028900 -0.011971 0.001939 0.924726 -0.380440
1630598286.386231 -326.253135 201.764253 0.027716 -0.011537 0.001553 0.924251 -0.381608
1630598286.489990 -326.245890 201.567985 0.024909 -0.010615 0.001369 0.923750 -0.382846
1630598286.593628 -326.239172 201.382278 0.024699 -0.010212 0.000867 0.923251 -0.384061
1630598286.697266 -326.234391 201.207047 0.024653 -0.010211 0.000593 0.922822 -0.385090
1630598286.801026 -326.230931 201.041972 0.022989 -0.010443 0.000931 0.922436 -0.386008
1630598286.904663 -326.227470 200.886417 0.020905 -0.010603 0.001277 0.922016 -0.387004
1630598287.008301 -326.222820 200.739090 0.019402 -0.010692 0.001126 0.921619 -0.387947
1630598287.112061 -326.216701 200.600310 0.019974 -0.010566 0.000466 0.921313 -0.388678
1630598287.215576 -326.212125 200.471652 0.020843 -0.010708 0.000045 0.920940 -0.389557
1630598287.319336 -326.208088 200.353431 0.018540 -0.010637 0.000406 0.920663 -0.390214
1630598287.423096 -326.203614 200.244626 0.015404 -0.010551 0.000960 0.920409 -0.390813
1630598287.526856 -326.198522 200.144084 0.014240 -0.010048 0.001290 0.920111 -0.391526
1630598287.630493 -326.194352 200.050087 0.014855 -0.010004 0.001215 0.919829 -0.392191
1630598287.734131 -326.190419 199.961427 0.015319 -0.010211 0.000800 0.919711 -0.392463
1630598287.838013 -326.186196 199.879239 0.014787 -0.010107 0.000418 0.919547 -0.392851
1630598287.941651 -326.182490 199.805064 0.013998 -0.010026 0.000408 0.919250 -0.393547
1630598288.045410 -326.178859 199.737806 0.013311 -0.009834 0.000387 0.919066 -0.393981
1630598288.149170 -326.175873 199.676599 0.012579 -0.009888 0.000266 0.919009 -0.394113
1630598288.252930 -326.173261 199.621725 0.011924 -0.009910 0.000129 0.918870 -0.394437
1630598288.356690 -326.170072 199.573172 0.011379 -0.009736 0.000089 0.918693 -0.394852
1630598288.460327 -326.166219 199.530480 0.010953 -0.009405 -0.000194 0.918608 -0.395059
1630598288.563965 -326.163167 199.493838 0.010536 -0.009134 -0.000381 0.918545 -0.395211
1630598288.667725 -326.161595 199.462935 0.010138 -0.009116 -0.000356 0.918435 -0.395467
1630598288.771485 -326.160308 199.437740 0.009826 -0.009078 -0.000403 0.918366 -0.395627
1630598288.875244 -326.158924 199.418057 0.009445 -0.009005 -0.000336 0.918366 -0.395630
1630598288.978760 -326.157892 199.403394 0.009177 -0.008925 -0.000369 0.918319 -0.395741
1630598289.082520 -326.157391 199.394399 0.009037 -0.008916 -0.000387 0.918274 -0.395845
1630598289.186035 -326.157326 199.393190 0.009009 -0.008895 -0.000291 0.918284 -0.395822
1630598289.289795 -326.157328 199.393204 0.009009 -0.008892 -0.000277 0.918285 -0.395820
1630598289.393555 -326.157336 199.393220 0.009008 -0.008887 -0.000167 0.918269 -0.395857
1630598289.497193 -326.157335 199.393272 0.009007 -0.008809 -0.000006 0.918271 -0.395854
1630598289.600952 -326.157331 199.393305 0.009010 -0.008744 0.000108 0.918286 -0.395821
1630598289.704590 -326.157333 199.393318 0.009008 -0.008733 0.000152 0.918273 -0.395851
1630598289.808350 -326.157329 199.393336 0.009010 -0.008691 0.000208 0.918270 -0.395860
1630598289.912110 -326.157337 199.393323 0.009010 -0.008741 0.000175 0.918278 -0.395840
1630598290.015869 -326.157326 199.393315 0.009010 -0.008712 0.000134 0.918267 -0.395866
1630598290.119629 -326.157337 199.393331 0.009011 -0.008725 0.000206 0.918277 -0.395842
1630598290.223389 -326.157334 199.393321 0.009011 -0.008731 0.000164 0.918276 -0.395844
1630598290.327026 -326.157335 199.393322 0.009010 -0.008732 0.000170 0.918275 -0.395847
1630598290.430664 -326.157330 199.393333 0.009011 -0.008698 0.000203 0.918284 -0.395827
1630598290.534424 -326.157325 199.393325 0.009011 -0.008693 0.000169 0.918278 -0.395840
1630598290.638062 -326.157331 199.393324 0.009010 -0.008719 0.000172 0.918282 -0.395831
1630598290.741821 -326.157326 199.393326 0.009011 -0.008697 0.000171 0.918284 -0.395827
1630598290.845459 -326.157330 199.393328 0.009011 -0.008707 0.000184 0.918284 -0.395827
1630598290.949219 -326.157326 199.393324 0.009011 -0.008696 0.000165 0.918279 -0.395838
1630598291.052857 -326.157327 199.393321 0.009011 -0.008709 0.000155 0.918284 -0.395826
1630598291.156494 -326.157331 199.393326 0.009010 -0.008711 0.000182 0.918282 -0.395831
1630598291.260132 -326.157321 199.393326 0.009011 -0.008679 0.000168 0.918284 -0.395827
1630598291.363770 -326.157322 199.393318 0.009011 -0.008692 0.000135 0.918281 -0.395834
1630598291.467529 -326.157314 199.393325 0.009010 -0.008653 0.000152 0.918280 -0.395836
1630598291.571289 -326.157310 199.393326 0.009010 -0.008638 0.000148 0.918283 -0.395831
1630598291.674805 -326.157321 199.393321 0.009011 -0.008682 0.000147 0.918282 -0.395832
1630598291.778565 -326.157319 199.393324 0.009010 -0.008671 0.000155 0.918282 -0.395832
1630598291.882324 -326.157318 199.393323 0.009010 -0.008670 0.000147 0.918285 -0.395825
1630598291.986084 -326.157320 199.393321 0.009011 -0.008681 0.000142 0.918285 -0.395825
1630598292.089844 -326.157324 199.393323 0.009012 -0.008694 0.000155 0.918285 -0.395824
1630598292.193482 -326.157325 199.393326 0.009010 -0.008689 0.000169 0.918284 -0.395826
1630598292.297241 -326.157322 199.393317 0.009011 -0.008694 0.000132 0.918283 -0.395829
1630598292.400879 -326.157321 199.393320 0.009011 -0.008688 0.000143 0.918282 -0.395831
1630598292.504761 -326.157318 199.393325 0.009012 -0.008670 0.000156 0.918283 -0.395830
1630598292.608399 -326.157319 199.393317 0.009011 -0.008685 0.000125 0.918286 -0.395822
1630598292.712158 -326.157321 199.393319 0.009010 -0.008688 0.000142 0.918283 -0.395829
1630598292.815796 -326.157316 199.393321 0.009011 -0.008667 0.000141 0.918284 -0.395828
1630598292.919556 -326.157322 199.393314 0.009011 -0.008698 0.000124 0.918285 -0.395824
1630598293.023193 -326.157320 199.393320 0.009010 -0.008681 0.000142 0.918280 -0.395837
1630598293.126953 -326.157319 199.393318 0.009011 -0.008679 0.000131 0.918277 -0.395843
1630598293.230591 -326.157314 199.393317 0.009012 -0.008670 0.000119 0.918279 -0.395840
1630598293.334229 -326.157310 199.393316 0.009011 -0.008654 0.000113 0.918280 -0.395838
1630598293.437866 -326.157315 199.393314 0.009010 -0.008675 0.000113 0.918280 -0.395836
1630598293.541626 -326.157312 199.393317 0.009010 -0.008656 0.000118 0.918281 -0.395834
1630598293.645264 -326.157319 199.393308 0.009011 -0.008696 0.000099 0.918282 -0.395831
1630598293.749024 -326.157318 199.393311 0.009011 -0.008690 0.000106 0.918278 -0.395840
1630598293.852539 -326.157315 199.393303 0.009010 -0.008688 0.000070 0.918278 -0.395842
1630598293.956299 -326.157312 199.393288 0.009011 -0.008703 0.000018 0.918278 -0.395841
1630598294.060059 -326.157309 199.393284 0.009011 -0.008698 0.000001 0.918277 -0.395843
1630598294.163818 -326.157312 199.393274 0.009011 -0.008725 -0.000034 0.918281 -0.395833
1630598294.267578 -326.157307 199.393280 0.009010 -0.008696 -0.000022 0.918277 -0.395843
1630598294.371216 -326.157307 199.393271 0.009011 -0.008710 -0.000053 0.918277 -0.395842
1630598294.475098 -326.157307 199.393276 0.009011 -0.008705 -0.000036 0.918281 -0.395834
1630598294.578735 -326.157307 199.393276 0.009011 -0.008703 -0.000035 0.918282 -0.395830
1630598294.682373 -326.157309 199.393273 0.009011 -0.008715 -0.000046 0.918281 -0.395832
1630598294.786255 -326.157304 199.393272 0.009011 -0.008702 -0.000052 0.918282 -0.395832
1630598294.889893 -326.157308 199.393274 0.009011 -0.008711 -0.000039 0.918280 -0.395835
1630598294.993652 -326.157306 199.393271 0.009011 -0.008708 -0.000055 0.918280 -0.395837
1630598295.097412 -326.157308 199.393270 0.009010 -0.008717 -0.000056 0.918282 -0.395831
1630598295.201050 -326.157275 199.393254 0.009102 -0.008709 -0.000033 0.918278 -0.395840
1630598295.304810 -326.157179 199.393224 0.009283 -0.008704 -0.000048 0.918288 -0.395817
1630598295.408447 -326.157189 199.393092 0.009363 -0.008735 -0.000016 0.918284 -0.395825
1630598295.512207 -326.157186 199.392525 0.009285 -0.008745 0.000101 0.918282 -0.395830
1630598295.615967 -326.156952 199.390655 0.009067 -0.008732 0.000260 0.918289 -0.395814
1630598295.719483 -326.156557 199.386442 0.008818 -0.008698 0.000384 0.918273 -0.395852
1630598295.823364 -326.156008 199.379273 0.008640 -0.008667 0.000494 0.918242 -0.395925
1630598295.927002 -326.155333 199.368716 0.008509 -0.008673 0.000615 0.918208 -0.396003
1630598296.030640 -326.154315 199.353948 0.008282 -0.008623 0.000741 0.918131 -0.396183
1630598296.134277 -326.152814 199.333951 0.007815 -0.008517 0.001011 0.917999 -0.396491
1630598296.238037 -326.150617 199.307650 0.007189 -0.008382 0.001212 0.917790 -0.396977
1630598296.341797 -326.147655 199.274623 0.006896 -0.008251 0.001297 0.917485 -0.397683
1630598296.445313 -326.143999 199.236715 0.007700 -0.008262 0.000794 0.917068 -0.398645
1630598296.549072 -326.139960 199.195699 0.008249 -0.008312 0.000562 0.916539 -0.399859
1630598296.652832 -326.135266 199.150439 0.007526 -0.008198 0.000894 0.915843 -0.401453
1630598296.756348 -326.129743 199.100081 0.007025 -0.008113 0.000873 0.915058 -0.403239
1630598296.860108 -326.123292 199.045072 0.007047 -0.008179 0.000800 0.914148 -0.405297
1630598296.963867 -326.115432 198.985792 0.007213 -0.008010 0.000657 0.913040 -0.407790
1630598297.067505 -326.106558 198.922792 0.007382 -0.007949 0.000478 0.911820 -0.410513
1630598297.171143 -326.096450 198.856547 0.007259 -0.007763 0.000439 0.910469 -0.413503
1630598297.274902 -326.085338 198.786526 0.006989 -0.007614 0.000395 0.908939 -0.416860
1630598297.378540 -326.073150 198.712755 0.006747 -0.007555 0.000363 0.907282 -0.420455
1630598297.482178 -326.059447 198.635372 0.006680 -0.007472 0.000252 0.905524 -0.424229
1630598297.585938 -326.044350 198.554466 0.006558 -0.007472 0.000237 0.903536 -0.428447
1630598297.689697 -326.027724 198.469674 0.005945 -0.007567 0.000433 0.901191 -0.433355
1630598297.793335 -326.009002 198.378915 0.004060 -0.007791 0.001139 0.898342 -0.439226
1630598297.897095 -325.986470 198.277802 0.000741 -0.008034 0.002809 0.894814 -0.446357
1630598298.000733 -325.957386 198.160344 -0.002711 -0.008174 0.005131 0.890295 -0.455283
1630598298.104492 -325.918190 198.020210 -0.004699 -0.008433 0.007099 0.884448 -0.466508
1630598298.208008 -325.864477 197.855688 -0.004738 -0.008455 0.007698 0.877245 -0.479906
1630598298.311524 -325.792329 197.667797 -0.003840 -0.007688 0.006884 0.868935 -0.494819
1630598298.415161 -325.701781 197.459401 -0.004075 0.006295 -0.005663 -0.859393 0.511245
1630598298.518799 -325.594337 197.233883 -0.004835 0.004687 -0.004340 -0.848605 0.528988
1630598298.622193 -325.471296 196.994579 -0.006393 0.003603 -0.003744 -0.837163 0.546929
1630598298.725830 -325.331171 196.741976 -0.008609 0.003092 -0.003560 -0.825031 0.565068
1630598298.829590 -325.172031 196.477086 -0.011266 0.002748 -0.003364 -0.811911 0.583766
1630598298.933228 -324.993510 196.199884 -0.013735 0.003865 -0.002843 -0.797973 0.602673
1630598299.036987 -324.789922 195.913290 -0.016610 0.004373 -0.001817 -0.783820 0.620970
1630598299.140991 -324.558386 195.621438 -0.020898 0.003966 -0.000790 -0.769606 0.638507
1630598299.244995 -324.298644 195.329298 -0.026320 0.001769 0.000337 -0.755153 0.655546
1630598299.348999 -324.015104 195.038178 -0.030160 -0.001745 0.002337 -0.740859 0.671655
1630598299.452881 -323.718726 194.747687 -0.032294 -0.003046 0.004919 -0.727363 0.686229
1630598299.557129 -323.416034 194.457941 -0.036642 -0.002436 0.007035 -0.714351 0.699748
1630598299.661133 -323.110699 194.172994 -0.044973 0.000748 0.008108 -0.701378 0.712743
1630598299.765137 -322.793634 193.901217 -0.055232 0.002909 0.008138 -0.688708 0.724987
1630598299.869019 -322.459352 193.647680 -0.064753 0.002103 0.007963 -0.676676 0.736235
1630598299.973023 -322.111198 193.407917 -0.072506 -0.000375 0.008296 -0.665208 0.746612
1630598300.076782 -321.760533 193.176862 -0.079995 -0.002472 0.009218 -0.654343 0.756137
1630598300.180664 -321.414418 192.954502 -0.089015 -0.003144 0.009851 -0.644363 0.764650
1630598300.284058 -321.075953 192.744668 -0.098842 -0.002854 0.010006 -0.635384 0.772126
1630598300.387573 -320.741472 192.547504 -0.108529 -0.002806 0.009863 -0.627382 0.778644
1630598300.491089 -320.412699 192.361552 -0.117293 -0.002978 0.009932 -0.620211 0.784366
1630598300.594605 -320.089810 192.185956 -0.124749 -0.003575 0.010523 -0.613544 0.789582
1630598300.697998 -319.775666 192.021605 -0.131249 -0.004037 0.011205 -0.607399 0.794307
1630598300.801392 -319.471767 191.867904 -0.137883 -0.004476 0.011712 -0.601754 0.798583
1630598300.904907 -319.177329 191.721305 -0.145348 -0.004071 0.011710 -0.596711 0.802360
1630598301.008179 -318.887765 191.578746 -0.153612 -0.003244 0.010517 -0.591890 0.805944
1630598301.111694 -318.595607 191.438078 -0.161145 -0.002838 0.009127 -0.587222 0.809370
1630598301.215332 -318.313456 191.288254 -0.164846 0.003387 0.007658 -0.583120 0.812343
1630598301.319092 -318.052272 191.122147 -0.164744 0.018406 0.004817 -0.579364 0.814847
1630598301.422608 -317.792876 190.978807 -0.161150 0.024812 -0.001699 -0.575599 0.817354
1630598301.526367 -317.519204 190.882716 -0.155464 0.023315 -0.010741 -0.571679 0.820076
1630598301.630127 -317.228057 190.829449 -0.153114 0.006989 -0.020874 -0.567382 0.823160
1630598301.734009 -316.937252 190.759019 -0.158561 -0.002609 -0.027599 -0.563244 0.825826
1630598301.837769 -316.656704 190.637898 -0.168082 0.000657 -0.027907 -0.559695 0.828229
1630598301.941773 -316.382719 190.488594 -0.175031 0.010555 -0.026757 -0.556310 0.830477
1630598302.045654 -316.105371 190.344530 -0.169220 0.019361 -0.024853 -0.552313 0.833041
1630598302.149536 -315.814398 190.215143 -0.145587 0.022650 -0.020190 -0.547324 0.836371
1630598302.253418 -315.507053 190.110330 -0.110511 0.019188 -0.014255 -0.544527 0.838403
1630598302.357300 -315.188855 190.029779 -0.080891 0.011282 -0.010274 -0.543198 0.839466
1630598302.461182 -314.864946 189.960592 -0.065579 0.000437 -0.009792 -0.540387 0.841359
1630598302.564942 -314.544386 189.873898 -0.066042 -0.004564 -0.012322 -0.536341 0.843899
1630598302.668457 -314.226902 189.747133 -0.072599 0.002945 -0.012708 -0.532780 0.846153
1630598302.772217 -313.896873 189.604791 -0.070828 0.011670 -0.011530 -0.530193 0.847718
1630598302.875610 -313.543967 189.481010 -0.057257 0.015123 -0.009321 -0.527854 0.849149
1630598302.979248 -313.166548 189.388374 -0.041745 0.008275 -0.009155 -0.524779 0.851149
1630598303.082886 -312.776366 189.299331 -0.034385 0.001929 -0.009709 -0.521427 0.853238
1630598303.186279 -312.381356 189.200400 -0.035256 -0.001823 -0.010890 -0.518606 0.854942
1630598303.289795 -311.982512 189.083687 -0.037271 0.000174 -0.012601 -0.515470 0.856815
1630598303.393311 -311.573569 188.950147 -0.033989 0.005298 -0.012609 -0.511161 0.859376
1630598303.496948 -311.142687 188.816419 -0.023979 0.009706 -0.009672 -0.507518 0.861532
1630598303.600586 -310.691376 188.699574 -0.013267 0.010052 -0.006766 -0.504663 0.863231
1630598303.704346 -310.228226 188.597956 -0.008437 0.006667 -0.007769 -0.500382 0.865744
1630598303.807861 -309.755218 188.502826 -0.006583 0.002994 -0.010093 -0.495189 0.868722
1630598303.911621 -309.267512 188.406179 -0.000900 0.000589 -0.011757 -0.490364 0.871438
1630598304.015381 -308.760505 188.297540 0.003697 0.000359 -0.009866 -0.485479 0.874193
1630598304.119263 -308.235939 188.181191 0.003159 0.002914 -0.005781 -0.480640 0.876894
1630598304.223023 -307.698558 188.073203 0.003827 0.003121 -0.003504 -0.476121 0.879367
1630598304.326782 -307.155177 187.973296 0.010764 0.005061 -0.003948 -0.472902 0.881092
1630598304.430786 -306.599073 187.892295 0.023980 -0.000189 -0.008294 -0.469770 0.882750
1630598304.534668 -306.032861 187.799994 0.026303 0.001576 -0.012350 -0.466818 0.884266
1630598304.638550 -305.449672 187.698349 0.018006 0.003969 -0.014636 -0.463879 0.885769
1630598304.742554 -304.843678 187.591342 0.014429 0.008039 -0.014490 -0.460510 0.887500
1630598304.846314 -304.209100 187.495483 0.029789 0.006507 -0.010771 -0.458202 0.888759
1630598304.949951 -303.554140 187.405792 0.050558 0.003876 -0.006945 -0.456190 0.889847
1630598305.053711 -302.889439 187.310394 0.059381 0.003961 -0.005407 -0.453495 0.891233
1630598305.157349 -302.214486 187.215024 0.056455 0.005963 -0.006477 -0.451614 0.892170
1630598305.260986 -301.520584 187.124684 0.052576 0.005887 -0.008067 -0.449769 0.893089
1630598305.364624 -300.804661 187.033138 0.053246 0.005940 -0.008068 -0.447529 0.894213
1630598305.468140 -300.069179 186.938889 0.057814 0.006822 -0.006726 -0.445269 0.895346
1630598305.571655 -299.315896 186.847344 0.062697 0.007182 -0.005749 -0.443281 0.896335
1630598305.675171 -298.543026 186.761695 0.064583 0.006231 -0.004629 -0.441264 0.897344
1630598305.778809 -297.749984 186.678963 0.063241 0.004269 -0.003263 -0.439088 0.898428
1630598305.882202 -296.944229 186.587466 0.061505 0.008106 0.000360 -0.436901 0.899473
1630598305.985840 -296.131128 186.503648 0.061549 0.008242 -0.001559 -0.434576 0.900596
1630598306.089478 -295.312448 186.426518 0.062122 0.010186 -0.007137 -0.432879 0.901366
1630598306.193115 -294.480004 186.354573 0.062882 0.011455 -0.012921 -0.430421 0.902463
1630598306.296875 -293.619867 186.288237 0.073750 0.009380 -0.014377 -0.427746 0.903736
1630598306.400635 -292.736309 186.220606 0.094044 0.006805 -0.010057 -0.425173 0.905031
1630598306.504395 -291.842336 186.156524 0.114214 0.004735 -0.005420 -0.422553 0.906310
1630598306.608154 -290.944951 186.095897 0.123825 0.004652 -0.003055 -0.420365 0.907338
1630598306.712036 -290.044348 186.040491 0.124006 0.003568 -0.002434 -0.417697 0.908576
1630598306.816040 -289.142046 185.989274 0.125208 0.005633 -0.004927 -0.415076 0.909756
1630598306.919800 -288.234316 185.941682 0.126601 0.007617 -0.006806 -0.412453 0.910921
1630598307.023682 -287.310294 185.902529 0.131522 0.006904 -0.007578 -0.409966 0.912043
1630598307.127564 -286.369134 185.870831 0.143096 0.003274 -0.005801 -0.407729 0.913079
1630598307.231201 -285.424241 185.838534 0.152753 0.002757 -0.004325 -0.405756 0.913967
1630598307.334961 -284.476033 185.808153 0.155663 0.003503 -0.005146 -0.403912 0.914777
1630598307.438721 -283.519350 185.782269 0.155209 0.004271 -0.005752 -0.402115 0.915561
1630598307.542236 -282.552219 185.762757 0.157647 0.002320 -0.005596 -0.400192 0.916411
1630598307.645996 -281.575364 185.741895 0.163187 0.002432 -0.004553 -0.398599 0.917111
1630598307.749634 -280.595372 185.720485 0.166742 0.004541 -0.003515 -0.397371 0.917640
1630598307.853150 -279.610801 185.704804 0.168712 0.005032 -0.003141 -0.396354 0.918079
1630598307.956787 -278.617829 185.689821 0.171626 0.005380 -0.001538 -0.395004 0.918662
1630598308.060181 -277.625203 185.678244 0.173697 0.005269 -0.000473 -0.393522 0.919300
1630598308.163818 -276.630850 185.673302 0.174420 0.004906 -0.000758 -0.392242 0.919848
1630598308.267334 -275.637773 185.668065 0.173194 0.005368 -0.000382 -0.391240 0.920273
1630598308.371094 -274.644837 185.668437 0.175877 0.004555 -0.001653 -0.390425 0.920622
1630598308.474732 -273.657288 185.673808 0.180048 0.003965 -0.004427 -0.390010 0.920791
1630598308.578491 -272.667996 185.677615 0.185971 0.004357 -0.006004 -0.389289 0.921086
1630598308.682129 -271.674170 185.683290 0.194837 0.003082 -0.005554 -0.388651 0.921363
1630598308.785889 -270.675979 185.695818 0.204803 -0.000512 -0.004706 -0.388296 0.921522
1630598308.889649 -269.685089 185.706903 0.213257 -0.002553 -0.004595 -0.388009 0.921641
1630598308.993408 -268.698374 185.710399 0.215514 -0.001879 -0.006582 -0.388132 0.921578
1630598309.097290 -267.709305 185.711169 0.218130 -0.000612 -0.005832 -0.388341 0.921497
1630598309.201172 -266.719536 185.713690 0.228824 -0.001383 -0.005461 -0.388301 0.921516
1630598309.305054 -265.736646 185.713317 0.237546 0.000524 -0.005770 -0.388567 0.921402
1630598309.408814 -264.757586 185.713194 0.243179 0.002511 -0.006938 -0.389322 0.921072
1630598309.512695 -263.775139 185.718180 0.252212 0.000580 -0.006942 -0.389849 0.920853
1630598309.616333 -262.795439 185.724078 0.263564 -0.001494 -0.006686 -0.390297 0.920664
1630598309.719971 -261.820186 185.724951 0.272907 -0.002488 -0.005633 -0.390591 0.920544
1630598309.823731 -260.850450 185.725972 0.279431 -0.003213 -0.006770 -0.391106 0.920315
1630598309.927246 -259.883545 185.719906 0.284261 -0.001246 -0.004954 -0.391853 0.920014
1630598310.031006 -258.923132 185.712278 0.291718 0.000268 -0.005279 -0.392435 0.919765
1630598310.134522 -257.973941 185.711140 0.301664 -0.002344 -0.008133 -0.393241 0.919397
1630598310.238159 -257.028407 185.703371 0.309008 -0.001015 -0.010859 -0.394007 0.919043
1630598310.341797 -256.076081 185.692811 0.323300 -0.001973 -0.008512 -0.394874 0.918694
1630598310.445313 -255.124940 185.679589 0.339593 -0.002334 -0.005381 -0.395986 0.918238
1630598310.549072 -254.180617 185.663846 0.350703 -0.002605 -0.002520 -0.397075 0.917779
1630598310.652588 -253.252503 185.644500 0.353713 -0.000123 -0.004634 -0.397887 0.917423
1630598310.756348 -252.328373 185.626553 0.355787 -0.000325 -0.006803 -0.398920 0.916960
1630598310.859863 -251.405891 185.599481 0.360973 0.003161 -0.006771 -0.399858 0.916547
1630598310.963623 -250.477901 185.574722 0.372434 0.001791 -0.005137 -0.400780 0.916158
1630598311.067505 -249.551142 185.550983 0.384275 0.001039 -0.003484 -0.401861 0.915694
1630598311.171143 -248.632817 185.524956 0.391058 0.001037 -0.002272 -0.402657 0.915347
1630598311.274902 -247.717825 185.492457 0.392021 0.002355 -0.001122 -0.403678 0.914897
1630598311.378662 -246.808922 185.458269 0.392893 0.004390 -0.001275 -0.404814 0.914388
1630598311.482544 -245.905256 185.433388 0.397209 0.002140 -0.003653 -0.406315 0.913723
1630598311.586304 -245.006346 185.401559 0.400408 0.003057 -0.005484 -0.407950 0.912983
1630598311.690186 -244.103760 185.365372 0.408050 0.000992 -0.005836 -0.409714 0.912195
1630598311.793945 -243.201663 185.327335 0.418443 -0.001576 -0.004968 -0.412320 0.911024
1630598311.897705 -242.304495 185.283332 0.425703 -0.003421 -0.004414 -0.415500 0.909576
1630598312.001587 -241.412807 185.228821 0.428440 -0.003736 -0.004728 -0.419430 0.907768
1630598312.105225 -240.528301 185.164051 0.430181 -0.003743 -0.005207 -0.424230 0.905532
1630598312.208985 -239.646580 185.086726 0.432769 -0.003333 -0.005213 -0.430051 0.902784
1630598312.312744 -238.769554 184.993370 0.436322 -0.002532 -0.003957 -0.436669 0.899610
1630598312.416382 -237.902008 184.885830 0.440654 -0.001665 -0.002810 -0.444526 0.895760
1630598312.520142 -237.043425 184.762495 0.443776 -0.000613 -0.002033 -0.453440 0.891284
1630598312.623779 -236.196863 184.622646 0.444866 0.000157 -0.002053 -0.462916 0.886400
1630598312.727295 -235.359306 184.466497 0.446496 -0.000096 -0.001746 -0.473516 0.880784
1630598312.831055 -234.527455 184.291175 0.447952 -0.001111 -0.001130 -0.485208 0.874398
1630598312.934815 -233.705841 184.091253 0.448664 -0.002390 -0.001416 -0.497699 0.867345
1630598313.038452 -232.897720 183.868073 0.448815 -0.002631 -0.001362 -0.510481 0.859884
1630598313.142090 -232.104540 183.626700 0.450113 -0.002210 -0.004893 -0.523766 0.851846
1630598313.245850 -231.323200 183.356194 0.453300 -0.001022 -0.007043 -0.537679 0.843119
1630598313.349365 -230.554248 183.056415 0.458407 0.001450 -0.008161 -0.551670 0.834021
1630598313.453003 -229.790338 182.731431 0.468926 0.001929 -0.006125 -0.565824 0.824501
1630598313.556641 -229.040796 182.376579 0.479767 0.003915 -0.003341 -0.579668 0.814837
1630598313.660401 -228.308511 182.002898 0.487186 0.003748 -0.002370 -0.593411 0.804887
1630598313.763916 -227.597236 181.610794 0.489962 0.004304 -0.003694 -0.607425 0.794357
1630598313.867676 -226.903196 181.193570 0.490777 0.005939 -0.005039 -0.621023 0.783754
1630598313.971192 -226.223897 180.758806 0.494945 0.003041 -0.006863 -0.634643 0.772769
1630598314.074951 -225.555937 180.293577 0.501655 0.003892 -0.004829 -0.649450 0.760379
1630598314.178589 -224.905260 179.803832 0.509471 0.002276 -0.002161 -0.664410 0.747362
1630598314.282227 -224.281362 179.288018 0.516740 0.002776 -0.000871 -0.679323 0.733834
1630598314.385986 -223.684201 178.754877 0.520258 0.003673 -0.003529 -0.693457 0.720480
1630598314.489746 -223.106500 178.209141 0.520873 -0.000350 -0.009131 -0.707096 0.707059
1630598314.593506 -222.549886 177.633624 0.523682 -0.001612 -0.012316 -0.720244 0.693610
1630598314.697144 -222.010105 177.027994 0.534286 -0.002079 -0.012399 -0.732896 0.680224
1630598314.800903 -221.482728 176.396819 0.549939 -0.002968 -0.009810 -0.745690 0.666214
1630598314.904541 -220.971298 175.744731 0.563823 -0.005406 -0.005648 -0.758155 0.652028
1630598315.008301 -220.483646 175.069656 0.570977 -0.007126 -0.002690 -0.769808 0.638230
1630598315.112061 -220.023904 174.372462 0.572013 -0.006588 -0.000819 -0.780537 0.625074
1630598315.215698 -219.586967 173.657542 0.568540 -0.007445 0.000123 -0.790153 0.612865
1630598315.319336 -219.178540 172.922018 0.563068 -0.001374 -0.001343 -0.798776 0.601625
1630598315.422852 -218.781005 172.180294 0.560270 -0.001885 -0.002056 -0.806011 0.591894
1630598315.526489 -218.392142 171.426481 0.558639 -0.002904 -0.005189 -0.812598 0.582795
1630598315.630127 -218.015741 170.653367 0.557273 -0.001386 -0.005047 -0.818118 0.575026
1630598315.733521 -217.645878 169.864857 0.560804 -0.001319 -0.003355 -0.822953 0.568098
1630598315.837158 -217.287923 169.060000 0.563377 0.001267 -0.000415 -0.827258 0.561820
1630598315.940918 -216.942788 168.247559 0.560427 0.003906 -0.000333 -0.830826 0.556519
1630598316.044434 -216.603689 167.432524 0.553999 0.004598 -0.001780 -0.833880 0.551923
1630598316.148193 -216.268996 166.605992 0.546329 0.005590 -0.003060 -0.836310 0.548219
1630598316.251953 -215.939043 165.766439 0.541344 0.007688 -0.002532 -0.838253 0.545221
1630598316.355591 -215.609994 164.918031 0.537091 0.009438 -0.000922 -0.839983 0.542530
1630598316.459473 -215.280117 164.062713 0.530771 0.010263 0.000230 -0.841497 0.540164
1630598316.563355 -214.951486 163.203841 0.521341 0.010122 0.000374 -0.842875 0.538014
1630598316.667236 -214.628500 162.338743 0.509612 0.011076 -0.000582 -0.844174 0.535955
1630598316.771118 -214.306230 161.466681 0.498581 0.010974 -0.001284 -0.845464 0.533918
1630598316.875122 -213.984109 160.585894 0.489332 0.011097 -0.001346 -0.846717 0.531926
1630598316.979004 -213.663486 159.698929 0.481020 0.010845 -0.000882 -0.847843 0.530136
1630598317.082886 -213.345707 158.806177 0.472591 0.011043 -0.000412 -0.848845 0.528527
1630598317.186768 -213.031779 157.907483 0.462900 0.012444 -0.000011 -0.849567 0.527335
1630598317.290650 -212.718277 157.006248 0.452469 0.013733 0.000665 -0.849948 0.526686
1630598317.394287 -212.403431 156.107539 0.443166 0.013859 0.000011 -0.850000 0.526601
1630598317.498047 -212.091146 155.205823 0.432115 0.015143 -0.000706 -0.850065 0.526460
1630598317.601563 -211.778593 154.303564 0.422609 0.016304 -0.000727 -0.850069 0.526419
1630598317.705322 -211.462531 153.397538 0.413960 0.017018 -0.000244 -0.849966 0.526562
1630598317.808716 -211.147575 152.493802 0.403287 0.018491 0.000432 -0.849349 0.527507
1630598317.912232 -210.827537 151.591879 0.392400 0.018383 0.000870 -0.848566 0.528769
1630598318.015869 -210.502138 150.693988 0.380833 0.017421 0.000645 -0.847794 0.530038
1630598318.119507 -210.178939 149.799908 0.369559 0.019185 -0.002144 -0.847043 0.531173
1630598318.222901 -209.844937 148.909858 0.360007 0.015621 -0.001441 -0.846186 0.532657
1630598318.326660 -209.506343 148.016050 0.353027 0.013863 -0.000632 -0.845323 0.534075
1630598318.430298 -209.168935 147.121992 0.349025 0.013674 0.001355 -0.844139 0.535949
1630598318.533936 -208.828635 146.235181 0.340760 0.012995 0.001542 -0.843156 0.537511
1630598318.637573 -208.486142 145.354394 0.330718 0.011998 0.000591 -0.842211 0.539014
1630598318.741455 -208.141823 144.474064 0.320654 0.011427 -0.000694 -0.841026 0.540874
1630598318.845215 -207.794796 143.595256 0.312996 0.011671 -0.001212 -0.839515 0.543210
1630598318.948975 -207.441061 142.717697 0.307958 0.011828 -0.000517 -0.837546 0.546239
1630598319.052857 -207.081669 141.841739 0.302848 0.012761 0.000691 -0.835137 0.549894
1630598319.156616 -206.716980 140.972766 0.295939 0.014091 0.001085 -0.832557 0.553758
1630598319.260376 -206.344742 140.112383 0.287786 0.014932 0.001010 -0.829770 0.557905
1630598319.364258 -205.965198 139.259021 0.278692 0.015814 0.000139 -0.826712 0.562404
1630598319.468018 -205.578704 138.413296 0.270523 0.016728 -0.000899 -0.823301 0.567357
1630598319.571655 -205.182012 137.574280 0.264199 0.017943 -0.000934 -0.819818 0.572343
1630598319.675415 -204.770185 136.741653 0.258290 0.016684 0.000221 -0.816050 0.577741
1630598319.779053 -204.352817 135.918645 0.253653 0.018744 -0.000188 -0.812165 0.583127
1630598319.882691 -203.926599 135.106728 0.248379 0.018912 -0.002744 -0.808023 0.588841
1630598319.986328 -203.487132 134.302261 0.241848 0.018734 -0.004658 -0.803722 0.594692
1630598320.089966 -203.030664 133.499308 0.240331 0.017465 -0.004230 -0.799333 0.600619
1630598320.193604 -202.558474 132.698658 0.241143 0.016849 -0.001535 -0.794858 0.606560
1630598320.297363 -202.073284 131.904949 0.239421 0.015889 0.000333 -0.790387 0.612402
1630598320.400879 -201.583453 131.121210 0.233533 0.016302 -0.000123 -0.785959 0.618064
1630598320.504639 -201.083749 130.344409 0.225659 0.016699 -0.002145 -0.781469 0.623717
1630598320.608399 -200.569128 129.573023 0.219526 0.016573 -0.003861 -0.776809 0.629506
1630598320.712036 -200.039134 128.804912 0.217598 0.016483 -0.003010 -0.771743 0.635713
1630598320.815796 -199.491186 128.043133 0.218744 0.015211 -0.001271 -0.766581 0.641966
1630598320.919556 -198.930261 127.292438 0.217794 0.013929 -0.000597 -0.761482 0.648036
1630598321.023316 -198.357892 126.552859 0.213106 0.012315 -0.001344 -0.756328 0.654075
1630598321.127075 -197.773643 125.821792 0.208719 0.010563 -0.002303 -0.751140 0.660054
1630598321.230835 -197.177242 125.098322 0.207016 0.009354 -0.003146 -0.745972 0.665905
1630598321.334595 -196.565877 124.382939 0.207064 0.007140 -0.003273 -0.740737 0.671750
1630598321.438355 -195.940676 123.673254 0.207665 0.004889 -0.002842 -0.735403 0.677606
1630598321.542114 -195.303168 122.968066 0.207718 0.004481 -0.000325 -0.730046 0.683383
1630598321.645752 -194.651779 122.272957 0.204520 0.002762 0.001460 -0.724717 0.689039
1630598321.749390 -193.993291 121.584599 0.198839 0.002996 0.002779 -0.719403 0.694581
1630598321.853027 -193.327765 120.904977 0.191202 0.004195 0.002521 -0.714010 0.700119
1630598321.956787 -192.653592 120.232955 0.181854 0.006304 0.001171 -0.708678 0.705503
1630598322.060303 -191.969324 119.569437 0.172612 0.008147 0.000072 -0.703321 0.710825
1630598322.164063 -191.269351 118.912860 0.167312 0.009701 -0.000010 -0.697925 0.716105
1630598322.267700 -190.556584 118.268427 0.163933 0.010374 -0.000393 -0.692420 0.721420
1630598322.371338 -189.831084 117.635607 0.160249 0.010396 -0.000775 -0.686846 0.726728
1630598322.475098 -189.091676 117.011597 0.157192 0.010130 -0.000650 -0.681306 0.731928
1630598322.578613 -188.341887 116.396591 0.154140 0.009782 0.000117 -0.675752 0.737064
1630598322.682373 -187.578577 115.792443 0.151492 0.008512 0.000864 -0.670164 0.742163
1630598322.786011 -186.807718 115.199198 0.147728 0.008840 0.000810 -0.664663 0.747091
1630598322.889893 -186.027145 114.614368 0.142118 0.009449 -0.000038 -0.659122 0.751977
1630598322.993530 -185.236310 114.041297 0.137845 0.008629 -0.000595 -0.653881 0.756548
1630598323.097290 -184.430488 113.478690 0.134232 0.006493 -0.000063 -0.649152 0.760631
1630598323.201172 -183.614542 112.922625 0.131579 0.005095 0.000976 -0.644961 0.764198
1630598323.304932 -182.793949 112.374048 0.127323 0.003849 0.001237 -0.641401 0.767195
1630598323.408569 -181.970090 111.831068 0.120363 0.003449 0.000952 -0.638257 0.769815
1630598323.512451 -181.139760 111.290767 0.113880 0.003605 0.000464 -0.635112 0.772411
1630598323.616211 -180.304446 110.755893 0.108600 0.003176 -0.000144 -0.631972 0.774985
1630598323.719971 -179.463420 110.224014 0.103666 0.003822 -0.000716 -0.629145 0.777278
1630598323.823731 -178.613027 109.696821 0.099781 0.003496 0.000326 -0.626816 0.779160
1630598323.927368 -177.759171 109.174951 0.096598 0.002972 0.000754 -0.625132 0.780513
1630598324.031006 -176.901284 108.656962 0.091457 0.001663 0.000151 -0.623827 0.781561
1630598324.134766 -176.040647 108.139289 0.085183 0.000861 -0.000334 -0.622885 0.782313
1630598324.238281 -175.178606 107.623639 0.081891 -0.000391 -0.000983 -0.621956 0.783052
1630598324.342041 -174.312518 107.112946 0.080237 -0.002376 -0.002821 -0.621205 0.783640
1630598324.445557 -173.444732 106.603946 0.078522 -0.004594 -0.004598 -0.620497 0.784182
1630598324.549317 -172.568049 106.087767 0.078016 -0.005422 -0.003703 -0.619922 0.784636
1630598324.653076 -171.687605 105.566056 0.079800 -0.006065 -0.000895 -0.619438 0.785022
1630598324.756592 -170.816014 105.041670 0.079349 -0.003220 -0.000268 -0.619203 0.785225
1630598324.860108 -169.948059 104.519724 0.074023 -0.001181 -0.002226 -0.618998 0.785389
1630598324.963867 -169.073642 103.994864 0.069454 0.000938 -0.003504 -0.619170 0.785249
1630598325.067505 -168.193106 103.467658 0.069571 0.001785 -0.002413 -0.619374 0.785090
1630598325.171143 -167.309292 102.941246 0.071675 0.002074 -0.001814 -0.619635 0.784886
1630598325.274902 -166.422964 102.415848 0.070589 0.001461 -0.002232 -0.619830 0.784731
1630598325.378540 -165.536340 101.888342 0.069271 0.001683 -0.002378 -0.620035 0.784568
1630598325.482422 -164.646023 101.357467 0.068562 0.001842 -0.002610 -0.620209 0.784430
1630598325.586060 -163.755554 100.827111 0.068169 0.001643 -0.002893 -0.620403 0.784276
1630598325.689819 -162.858396 100.293255 0.066862 0.000753 -0.001750 -0.620504 0.784201
1630598325.793579 -161.957916 99.754573 0.065439 0.000605 0.001263 -0.620565 0.784154
1630598325.897217 -161.063165 99.219136 0.062601 0.001186 0.001953 -0.620857 0.783920
1630598326.001099 -160.172935 98.686169 0.055758 0.001288 -0.001037 -0.621340 0.783540
1630598326.104736 -159.285025 98.148915 0.048919 0.002474 -0.003220 -0.621935 0.783058
1630598326.208496 -158.388962 97.604751 0.050246 0.003024 -0.002022 -0.622353 0.782728
1630598326.312256 -157.490583 97.057768 0.053010 0.003833 0.000414 -0.622981 0.782227
1630598326.416016 -156.594392 96.509706 0.050227 0.004504 0.001922 -0.623624 0.781709
1630598326.519653 -155.701183 95.964433 0.043765 0.004237 0.002467 -0.624347 0.781132
1630598326.623413 -154.809461 95.422008 0.035548 0.003245 0.000921 -0.624944 0.780663
1630598326.727051 -153.921672 94.878476 0.028334 0.003257 -0.000834 -0.625454 0.780254
1630598326.830811 -153.030388 94.332980 0.024715 0.002286 -0.001597 -0.626049 0.779779
1630598326.934448 -152.138670 93.783872 0.024477 0.001998 -0.000940 -0.626785 0.779189
1630598327.038086 -151.252256 93.230989 0.024820 0.002549 -0.000287 -0.627380 0.778709
1630598327.141602 -150.375059 92.674369 0.022617 0.006836 -0.000979 -0.628018 0.778168
1630598327.245361 -149.494126 92.120472 0.019818 0.006806 -0.002173 -0.628299 0.777939
1630598327.348877 -148.612589 91.565834 0.023253 0.007075 -0.001585 -0.628248 0.777980
1630598327.452637 -147.728505 91.012361 0.026396 0.007269 -0.000983 -0.628243 0.777982
1630598327.556397 -146.843404 90.463562 0.028175 0.006299 -0.000940 -0.628332 0.777919
1630598327.660034 -145.960546 89.916611 0.027403 0.005075 -0.000979 -0.628268 0.777979
1630598327.763794 -145.080026 89.365696 0.025534 0.005877 -0.000675 -0.628114 0.778099
1630598327.867432 -144.202330 88.814754 0.024121 0.006466 -0.000223 -0.628077 0.778124
1630598327.971192 -143.327133 88.262942 0.022688 0.007744 0.000214 -0.628107 0.778089
1630598328.074951 -142.453050 87.711516 0.020814 0.008773 0.001938 -0.628129 0.778058
1630598328.178711 -141.582350 87.165338 0.018941 0.009390 0.001542 -0.628140 0.778042
1630598328.282349 -140.714613 86.624510 0.016617 0.009066 0.001535 -0.628081 0.778094
1630598328.385986 -139.848580 86.084364 0.012533 0.008717 0.001460 -0.627993 0.778169
1630598328.489746 -138.981617 85.541169 0.011998 0.008825 0.003491 -0.627919 0.778220
1630598328.593506 -138.117184 85.001336 0.007588 0.008427 0.004841 -0.627933 0.778207
1630598328.697144 -137.260619 84.463226 -0.001065 0.009515 0.005794 -0.627845 0.778258
1630598328.800903 -136.408945 83.927675 -0.012790 0.010442 0.004928 -0.627811 0.778280
1630598328.904541 -135.562719 83.394798 -0.023907 0.012185 0.004031 -0.627830 0.778245
1630598329.008301 -134.714036 82.867195 -0.032207 0.010943 0.003735 -0.627774 0.778310
1630598329.112061 -133.867458 82.341505 -0.038457 0.010328 0.004157 -0.627710 0.778367
1630598329.215576 -133.026124 81.820138 -0.043788 0.009268 0.004802 -0.627636 0.778437
1630598329.319336 -132.186950 81.303549 -0.051652 0.007317 0.004194 -0.627737 0.778380
1630598329.423096 -131.352341 80.789117 -0.060655 0.005423 0.005206 -0.627811 0.778329
1630598329.526856 -130.524885 80.274705 -0.071004 0.005775 0.004958 -0.628026 0.778155
1630598329.630615 -129.702053 79.762543 -0.079508 0.005463 0.005656 -0.628221 0.777995
1630598329.734131 -128.887277 79.253552 -0.088598 0.005442 0.005576 -0.628416 0.777839
1630598329.837891 -128.076416 78.747858 -0.097944 0.004640 0.004829 -0.628474 0.777802
1630598329.941651 -127.266852 78.247569 -0.108788 0.002470 0.004670 -0.628771 0.777573
1630598330.045410 -126.462317 77.746540 -0.119297 0.001490 0.005631 -0.629607 0.776892
1630598330.149170 -125.666511 77.246242 -0.127992 0.000085 0.005951 -0.631079 0.775696
1630598330.252808 -124.880683 76.752728 -0.138986 -0.001221 0.004607 -0.633242 0.773939
1630598330.356690 -124.098958 76.258455 -0.151117 -0.004512 0.004166 -0.636024 0.771645
1630598330.460449 -123.333200 75.752968 -0.160941 -0.006262 0.004862 -0.640401 0.768000
1630598330.564209 -122.583944 75.238295 -0.168050 -0.006782 0.006174 -0.646455 0.762897
1630598330.667969 -121.856118 74.712169 -0.179835 -0.004178 0.005976 -0.653528 0.756868
1630598330.771851 -121.143685 74.175901 -0.192200 -0.004062 0.006036 -0.660361 0.750913
1630598330.875610 -120.441999 73.628766 -0.206560 -0.004715 0.007778 -0.667589 0.744474
1630598330.979370 -119.757956 73.063424 -0.223009 -0.000909 0.010904 -0.675614 0.737174
1630598331.083008 -119.083437 72.494170 -0.239903 -0.003300 0.014278 -0.683782 0.729539
1630598331.186768 -118.425823 71.920610 -0.260374 -0.005069 0.014658 -0.692249 0.721492
1630598331.290527 -117.795987 71.339983 -0.281968 -0.005828 0.010899 -0.700193 0.713847
1630598331.394043 -117.191401 70.747244 -0.305282 -0.004758 0.005367 -0.708888 0.705285
1630598331.497681 -116.601569 70.135290 -0.324707 -0.003442 0.002430 -0.717832 0.696204
1630598331.601074 -116.022217 69.501942 -0.334324 -0.002279 0.005158 -0.726622 0.687015
1630598331.704590 -115.453437 68.850581 -0.342306 -0.001719 0.011360 -0.734955 0.678018
1630598331.808228 -114.904578 68.191293 -0.356118 -0.000906 0.016435 -0.743159 0.668912
1630598331.911743 -114.381561 67.530758 -0.378824 -0.000419 0.017283 -0.751358 0.659668
1630598332.015259 -113.883627 66.866861 -0.409661 0.000167 0.014829 -0.759557 0.650271
1630598332.118897 -113.407238 66.188918 -0.441286 0.002253 0.012738 -0.767765 0.640601
1630598332.222412 -112.948296 65.492756 -0.468989 0.006060 0.013328 -0.775731 0.630894
1630598332.326172 -112.485017 64.783903 -0.494948 0.001435 0.018551 -0.783210 0.621479
1630598332.429810 -112.042817 64.061447 -0.523909 0.004371 0.022982 -0.790881 0.611522
1630598332.533569 -111.642864 63.333145 -0.553615 0.009382 0.022690 -0.797998 0.602159
1630598332.637329 -111.266245 62.616060 -0.589430 0.009848 0.012920 -0.805700 0.592101
1630598332.741089 -110.893190 61.898087 -0.627398 0.008360 0.003582 -0.812925 0.582298
1630598332.844849 -110.528113 61.152544 -0.648690 0.007656 0.002262 -0.818417 0.574569
1630598332.948731 -110.175557 60.379279 -0.652883 0.009074 0.007508 -0.823251 0.567556
1630598333.052490 -109.835438 59.604202 -0.658038 0.010764 0.011821 -0.828603 0.559609
1630598333.156372 -109.509696 58.836768 -0.676531 0.010394 0.010963 -0.833852 0.551781
1630598333.260132 -109.198419 58.065073 -0.707879 0.011159 0.009341 -0.838411 0.544844
1630598333.363770 -108.901609 57.282325 -0.738784 0.013054 0.009843 -0.842032 0.539180
1630598333.467651 -108.617533 56.491727 -0.757576 0.015550 0.010470 -0.844972 0.534482
1630598333.571289 -108.336488 55.710903 -0.773949 0.014755 0.008381 -0.847630 0.530317
1630598333.674927 -108.056473 54.937928 -0.794938 0.011118 0.004036 -0.850505 0.525834
1630598333.778565 -107.783945 54.157939 -0.812750 0.007955 0.000842 -0.853275 0.521400
1630598333.882080 -107.518302 53.366710 -0.823936 0.006233 0.001551 -0.856040 0.516869
1630598333.985718 -107.258667 52.564339 -0.831762 0.005289 0.004906 -0.858942 0.512022
1630598334.089478 -107.011153 51.754332 -0.842131 0.005397 0.009324 -0.861491 0.507658
1630598334.193115 -106.785348 50.943357 -0.858581 0.010030 0.010562 -0.864035 0.503220
1630598334.296875 -106.567421 50.138140 -0.880047 -0.012165 -0.009813 0.866260 -0.499349
1630598334.400635 -106.351367 49.337782 -0.904272 -0.012507 -0.006185 0.868122 -0.496155
1630598334.504395 -106.137791 48.535070 -0.926480 -0.012341 -0.004461 0.869517 -0.493729
1630598334.608032 -105.922584 47.731543 -0.940994 -0.010050 -0.003528 0.870813 -0.491499
1630598334.711792 -105.707187 46.925788 -0.951777 -0.007637 -0.003417 0.872177 -0.489120
1630598334.815552 -105.501123 46.115264 -0.965286 -0.007983 -0.003394 0.873209 -0.487269
1630598334.919312 -105.304262 45.296541 -0.980193 -0.010323 -0.004524 0.873782 -0.486188
1630598335.023071 -105.093291 44.476440 -0.993816 -0.007129 -0.010474 0.874086 -0.485605
1630598335.126831 -104.881503 43.672379 -1.006146 -0.004133 -0.010255 0.874516 -0.484871
1630598335.230469 -104.689045 42.874784 -1.023451 -0.006300 -0.006270 0.874673 -0.484632
1630598335.334229 -104.497836 42.079097 -1.046882 -0.004396 -0.000358 0.874864 -0.484349
1630598335.437866 -104.299525 41.269335 -1.055659 -0.005513 -0.002243 0.875440 -0.483291
1630598335.541626 -104.099861 40.450079 -1.057488 -0.007743 -0.005905 0.875427 -0.483252
1630598335.645264 -103.905300 39.634367 -1.065160 -0.010158 -0.008071 0.875306 -0.483394
1630598335.749024 -103.712376 38.826643 -1.083396 -0.010900 -0.005805 0.875405 -0.483233
1630598335.852783 -103.514137 38.023944 -1.104941 -0.008127 -0.002614 0.875716 -0.482751
1630598335.956421 -103.317065 37.215618 -1.123472 -0.006825 -0.000064 0.875936 -0.482379
1630598336.060059 -103.120527 36.394469 -1.135766 -0.007711 -0.001375 0.876038 -0.482179
1630598336.163818 -102.917603 35.566453 -1.142189 -0.006599 -0.004973 0.876217 -0.481846
1630598336.267456 -102.716971 34.742290 -1.149357 -0.006606 -0.006459 0.876385 -0.481523
1630598336.371094 -102.521268 33.924475 -1.163265 -0.005538 -0.004211 0.876531 -0.481295
1630598336.474854 -102.330015 33.104000 -1.181398 -0.005784 -0.001184 0.876701 -0.481000
1630598336.578613 -102.139336 32.273408 -1.195882 -0.007830 -0.000999 0.877013 -0.480403
1630598336.682373 -101.945163 31.434700 -1.204921 -0.009347 -0.004024 0.877266 -0.479897
1630598336.786133 -101.751003 30.596549 -1.214281 -0.010715 -0.006862 0.877438 -0.479521
1630598336.889771 -101.562545 29.766292 -1.228768 -0.011974 -0.005598 0.877636 -0.479146
1630598336.993408 -101.382828 28.938541 -1.248757 -0.015573 -0.002747 0.877885 -0.478610
1630598337.097168 -101.194289 28.109422 -1.267887 -0.015067 -0.001615 0.878177 -0.478096
1630598337.200928 -100.996908 27.281654 -1.279240 -0.012361 -0.002011 0.878497 -0.477584
1630598337.304688 -100.809646 26.448064 -1.287579 -0.014279 -0.002036 0.878594 -0.477351
1630598337.408203 -100.624068 25.621295 -1.298578 -0.013660 -0.001809 0.878758 -0.477069
1630598337.511963 -100.435286 24.795792 -1.308228 -0.012749 -0.000435 0.879168 -0.476341
1630598337.615723 -100.247858 23.970949 -1.320180 -0.012143 0.000625 0.879367 -0.475989
1630598337.719238 -100.059222 23.145015 -1.330873 -0.010793 0.000706 0.879489 -0.475797
1630598337.823120 -99.868891 22.312103 -1.338384 -0.010492 -0.001626 0.879560 -0.475669
1630598337.926758 -99.683299 21.479780 -1.346845 -0.012000 -0.003373 0.879544 -0.475654
1630598338.030518 -99.496631 20.649646 -1.359358 -0.012327 -0.004828 0.879301 -0.476082
1630598338.134033 -99.304642 19.826997 -1.374480 -0.010328 -0.005299 0.879143 -0.476417
1630598338.237793 -99.117209 19.002084 -1.391730 -0.010573 -0.005630 0.879042 -0.476593
1630598338.341553 -98.936168 18.177336 -1.409810 -0.013018 -0.005251 0.878958 -0.476692
1630598338.445191 -98.752015 17.358856 -1.424002 -0.013920 -0.003506 0.879127 -0.476370
1630598338.548950 -98.563766 16.544785 -1.437197 -0.011640 -0.003085 0.879044 -0.476588
1630598338.652588 -98.380148 15.731104 -1.451645 -0.010844 -0.001611 0.878833 -0.477003
1630598338.756348 -98.203851 14.908239 -1.464993 -0.014970 -0.003504 0.878757 -0.477023
1630598338.860108 -98.037959 14.080225 -1.478792 -0.024444 -0.007179 0.878808 -0.476496
1630598338.963867 -97.863176 13.280567 -1.489078 -0.023885 -0.005792 0.878824 -0.476512
1630598339.067627 -97.685081 12.500426 -1.503307 -0.022758 0.000132 0.878644 -0.476934
1630598339.171387 -97.506698 11.725947 -1.529631 -0.019858 0.006432 0.877938 -0.478320
1630598339.275025 -97.325381 10.937120 -1.536018 -0.021155 0.003639 0.877392 -0.479294
1630598339.378662 -97.133735 10.147445 -1.527657 -0.020809 -0.003278 0.876943 -0.480133
1630598339.482300 -96.938624 9.379148 -1.529523 -0.016981 -0.005895 0.876738 -0.480632
1630598339.585938 -96.755635 8.626946 -1.549202 -0.015866 -0.003027 0.876620 -0.480911
1630598339.689575 -96.577039 7.879036 -1.572289 -0.014787 -0.000478 0.876310 -0.481520
1630598339.793213 -96.390177 7.130913 -1.585265 -0.013647 -0.002393 0.876203 -0.481744
1630598339.896973 -96.194829 6.389691 -1.588303 -0.008790 -0.006796 0.875850 -0.482455
1630598340.000488 -96.021819 5.665097 -1.592405 -0.010066 -0.005149 0.875471 -0.483138
1630598340.104370 -95.860563 4.950863 -1.604834 -0.013021 -0.000721 0.875111 -0.483747
1630598340.208008 -95.687265 4.252408 -1.619331 -0.011261 0.002936 0.874779 -0.484383
1630598340.311768 -95.502143 3.557637 -1.623469 -0.008191 0.003050 0.874169 -0.485543
1630598340.415405 -95.319684 2.864323 -1.620029 -0.006908 -0.000594 0.872747 -0.488124
1630598340.519043 -95.144690 2.183837 -1.618689 -0.008252 -0.001645 0.870885 -0.491416
1630598340.622803 -94.976478 1.518937 -1.619846 -0.012358 0.000775 0.868742 -0.495110
1630598340.726318 -94.801845 0.869797 -1.625185 -0.014274 0.003604 0.865907 -0.499988
1630598340.830078 -94.603335 0.228700 -1.631777 0.012358 -0.003508 -0.861985 0.506771
1630598340.933594 -94.395886 -0.405368 -1.634133 0.013506 -0.003236 -0.857492 0.514309
1630598341.037354 -94.184377 -1.037604 -1.631086 0.015627 -0.000972 -0.851975 0.523349
1630598341.140747 -93.969102 -1.659346 -1.629000 0.020703 -0.000302 -0.845516 0.533548
1630598341.244385 -93.728297 -2.259251 -1.632290 0.020599 -0.001645 -0.838649 0.544280
1630598341.348023 -93.466111 -2.841218 -1.637489 0.018341 -0.004218 -0.830779 0.556284
1630598341.451660 -93.189195 -3.414691 -1.641897 0.017054 -0.005892 -0.822130 0.569014
1630598341.555420 -92.898490 -3.983064 -1.642394 0.018213 -0.007126 -0.813221 0.581627
1630598341.659058 -92.584363 -4.544005 -1.638244 0.018232 -0.004607 -0.804063 0.594247
1630598341.762818 -92.244504 -5.090792 -1.633674 0.016491 -0.001051 -0.794175 0.607464
1630598341.866577 -91.885721 -5.617281 -1.631980 0.013139 0.001238 -0.783169 0.621669
1630598341.970581 -91.508837 -6.130986 -1.634618 0.009614 0.004044 -0.771730 0.635865
1630598342.074341 -91.125247 -6.633577 -1.641230 0.010256 0.005316 -0.760254 0.649523
1630598342.178345 -90.734818 -7.118709 -1.648630 0.012728 0.003982 -0.748506 0.662994
1630598342.282227 -90.329034 -7.584065 -1.651641 0.014140 0.001399 -0.736562 0.676220
1630598342.385986 -89.903212 -8.029206 -1.654090 0.013813 -0.000166 -0.724231 0.689419
1630598342.489868 -89.463996 -8.460846 -1.659703 0.013713 -0.001754 -0.711489 0.702561
1630598342.593750 -89.015052 -8.891863 -1.664111 0.019076 -0.000146 -0.698808 0.715055
1630598342.697510 -88.552269 -9.305431 -1.663421 0.023395 0.002339 -0.686176 0.727055
1630598342.801270 -88.074175 -9.690678 -1.661431 0.025322 0.001750 -0.673514 0.738738
1630598342.905029 -87.579406 -10.050395 -1.661849 0.024198 0.000305 -0.660326 0.750589
1630598343.008789 -87.066133 -10.386876 -1.666314 0.016524 -0.000728 -0.646365 0.762849
1630598343.112305 -86.565445 -10.728254 -1.667383 0.027636 -0.004113 -0.633824 0.772973
1630598343.216065 -86.059659 -11.062461 -1.659701 0.037012 -0.006518 -0.620651 0.783186
1630598343.319580 -85.533759 -11.362201 -1.645780 0.038521 -0.013809 -0.607278 0.793435
1630598343.423218 -84.986190 -11.624842 -1.635368 0.035326 -0.021918 -0.593470 0.803781
1630598343.526734 -84.424704 -11.882385 -1.617844 0.035907 -0.025851 -0.577988 0.814845
1630598343.630127 -83.842164 -12.137784 -1.586331 0.037872 -0.023833 -0.563100 0.825176
1630598343.733765 -83.234931 -12.376115 -1.548088 0.038190 -0.018112 -0.549906 0.834157
1630598343.837158 -82.616558 -12.589722 -1.513053 0.037168 -0.014525 -0.536726 0.842812
1630598343.941040 -81.985592 -12.778740 -1.482464 0.035150 -0.012767 -0.523211 0.851382
1630598344.044678 -81.347650 -12.942366 -1.457533 0.031946 -0.013462 -0.510331 0.859279
1630598344.148438 -80.704613 -13.092071 -1.436143 0.030990 -0.016700 -0.497774 0.866592
1630598344.252197 -80.051919 -13.231734 -1.412100 0.030834 -0.019812 -0.486046 0.873164
1630598344.355957 -79.383801 -13.360648 -1.384456 0.031521 -0.021221 -0.475659 0.878808
1630598344.459839 -78.697636 -13.475567 -1.354773 0.030729 -0.020992 -0.466299 0.883844
1630598344.563721 -77.997624 -13.575570 -1.319699 0.028561 -0.020227 -0.457757 0.888388
1630598344.667603 -77.291126 -13.666255 -1.282117 0.027677 -0.020135 -0.449791 0.892478
1630598344.771607 -76.578846 -13.753546 -1.247962 0.030256 -0.021286 -0.441838 0.896332
1630598344.875366 -75.858664 -13.831864 -1.217812 0.033272 -0.022769 -0.433673 0.900168
1630598344.979248 -75.122367 -13.892569 -1.182953 0.033474 -0.023433 -0.425768 0.903909
1630598345.083008 -74.369765 -13.938043 -1.142029 0.032095 -0.021983 -0.417465 0.907860
1630598345.186524 -73.603944 -13.970219 -1.100750 0.029858 -0.019284 -0.408667 0.911991
1630598345.290161 -72.828084 -13.990965 -1.062444 0.029413 -0.016587 -0.399978 0.915903
1630598345.393677 -72.045551 -13.999361 -1.027271 0.029896 -0.014201 -0.391277 0.919678
1630598345.497193 -71.255480 -13.994527 -0.997114 0.031730 -0.012557 -0.382551 0.923304
1630598345.600708 -70.453650 -13.970554 -0.970022 0.030907 -0.011086 -0.373847 0.926909
1630598345.704102 -69.641268 -13.930197 -0.942602 0.030240 -0.008509 -0.365255 0.930377
1630598345.807617 -68.814856 -13.871420 -0.916336 0.027685 -0.005234 -0.356840 0.933741
1630598345.911255 -67.977054 -13.792700 -0.896072 0.023505 -0.001907 -0.349093 0.936791
1630598346.014771 -67.135091 -13.694549 -0.880210 0.018024 -0.000018 -0.342176 0.939463
1630598346.118530 -66.289531 -13.583370 -0.869749 0.012675 0.000349 -0.336416 0.941628
1630598346.222290 -65.442918 -13.473199 -0.867458 0.011461 0.000684 -0.331697 0.943316
1630598346.326050 -64.592600 -13.360583 -0.867957 0.012022 0.001635 -0.327441 0.944794
1630598346.430054 -63.736100 -13.235000 -0.867222 0.011145 0.002414 -0.323133 0.946285
1630598346.533814 -62.876886 -13.103417 -0.867467 0.010289 0.004501 -0.318408 0.947887
1630598346.637695 -62.015355 -12.966857 -0.870097 0.010405 0.005973 -0.313372 0.949555
1630598346.741577 -61.154859 -12.818808 -0.874885 0.010293 0.006861 -0.308699 0.951079
1630598346.845459 -60.295763 -12.660561 -0.882504 0.010820 0.006483 -0.304280 0.952499
1630598346.949219 -59.437455 -12.494818 -0.889606 0.011470 0.006185 -0.299807 0.953911
1630598347.052979 -58.578830 -12.318259 -0.894855 0.010529 0.004733 -0.296097 0.955088
1630598347.156738 -57.719974 -12.132103 -0.898556 0.008817 0.003505 -0.293307 0.955971
1630598347.260376 -56.860463 -11.942784 -0.901038 0.008315 0.002844 -0.290659 0.956786
1630598347.364014 -55.998388 -11.751332 -0.903834 0.006436 0.002913 -0.288109 0.957571
1630598347.467774 -55.136665 -11.565329 -0.905597 0.008756 0.004576 -0.286477 0.958036
1630598347.571289 -54.280821 -11.374393 -0.907500 0.010019 0.003982 -0.285330 0.958369
1630598347.674927 -53.425814 -11.176303 -0.911644 0.009577 0.002726 -0.284248 0.958699
1630598347.778443 -52.567157 -10.983868 -0.912917 0.011117 0.003870 -0.282954 0.959061
1630598347.881958 -51.706205 -10.793351 -0.912817 0.012358 0.006341 -0.282316 0.959221
1630598347.985596 -50.846591 -10.596840 -0.914939 0.012721 0.007275 -0.282223 0.959237
1630598348.089111 -49.990484 -10.399612 -0.918643 0.013343 0.008214 -0.281915 0.959311
1630598348.192871 -49.134866 -10.199458 -0.923196 0.013206 0.007867 -0.281171 0.959534
1630598348.296509 -48.284668 -10.001434 -0.927606 0.014429 0.007184 -0.280948 0.959588
1630598348.400147 -47.439174 -9.803324 -0.928536 0.015687 0.004687 -0.280819 0.959621
1630598348.503906 -46.596521 -9.603569 -0.926975 0.016728 0.001920 -0.280836 0.959608
1630598348.607666 -45.752722 -9.410198 -0.921022 0.019361 0.000523 -0.280628 0.959621
1630598348.711548 -44.903595 -9.218410 -0.910720 0.020665 0.001986 -0.280486 0.959634
1630598348.815308 -44.055565 -9.023866 -0.898845 0.020901 0.004818 -0.280869 0.959506
1630598348.919068 -43.213681 -8.829645 -0.886846 0.020862 0.007165 -0.280917 0.959478
1630598349.022949 -42.384782 -8.637025 -0.877614 0.021785 0.005406 -0.280680 0.959539
1630598349.126709 -41.566801 -8.446511 -0.871998 0.024235 0.002529 -0.280986 0.959403
1630598349.230469 -40.747316 -8.250548 -0.865532 0.022884 0.000120 -0.281346 0.959334
1630598349.334229 -39.921837 -8.054580 -0.851853 0.021093 0.001910 -0.281907 0.959208
1630598349.437988 -39.093508 -7.862435 -0.835047 0.018680 0.006235 -0.282110 0.959180
1630598349.541626 -38.273898 -7.672164 -0.824974 0.016701 0.008293 -0.282436 0.959105
1630598349.645386 -37.467223 -7.484345 -0.821583 0.017040 0.007371 -0.283094 0.958913
1630598349.749024 -36.674113 -7.297421 -0.820753 0.017803 0.002442 -0.283467 0.958814
1630598349.852783 -35.882902 -7.111077 -0.819240 0.018879 -0.002286 -0.283880 0.958671
1630598349.956299 -35.087693 -6.925527 -0.810101 0.018300 -0.003833 -0.284112 0.958609
1630598350.059937 -34.285866 -6.738519 -0.791956 0.015859 -0.002237 -0.284097 0.958662
1630598350.163574 -33.484924 -6.551976 -0.773925 0.013609 0.000613 -0.283852 0.958771
1630598350.267212 -32.693197 -6.363155 -0.762118 0.011406 0.000623 -0.283285 0.958968
1630598350.370728 -31.913204 -6.170222 -0.755012 0.008497 -0.001757 -0.282479 0.959234
1630598350.474365 -31.140151 -5.977908 -0.749529 0.006729 -0.005814 -0.281578 0.959497
1630598350.577881 -30.370233 -5.793751 -0.741665 0.008336 -0.007495 -0.280763 0.959712
1630598350.681641 -29.601384 -5.605691 -0.729162 0.007624 -0.010018 -0.280055 0.959902
1630598350.785401 -28.834558 -5.415605 -0.712849 0.006351 -0.010860 -0.279580 0.960040
1630598350.889160 -28.069645 -5.229835 -0.694797 0.005866 -0.010706 -0.278515 0.960354
1630598350.992920 -27.308864 -5.050130 -0.677770 0.007044 -0.009308 -0.277571 0.960634
1630598351.096558 -26.558337 -4.871016 -0.661177 0.008620 -0.009215 -0.276919 0.960810
1630598351.200440 -25.815043 -4.691723 -0.644348 0.010179 -0.009802 -0.276223 0.960990
1630598351.304199 -25.080421 -4.517662 -0.627908 0.013300 -0.010140 -0.275531 0.961147
1630598351.408081 -24.350365 -4.346134 -0.609687 0.016037 -0.009244 -0.274890 0.961297
1630598351.511841 -23.627777 -4.173693 -0.588874 0.017809 -0.007637 -0.274512 0.961389
1630598351.615723 -22.914891 -4.000663 -0.566616 0.018867 -0.006297 -0.274122 0.961489
1630598351.719483 -22.215262 -3.830638 -0.544996 0.020243 -0.005661 -0.273318 0.961694
1630598351.823242 -21.526118 -3.665231 -0.526415 0.022348 -0.004796 -0.272752 0.961813
1630598351.927002 -20.846817 -3.501714 -0.509780 0.024125 -0.002869 -0.272480 0.961855
1630598352.030762 -20.179775 -3.335705 -0.490473 0.024179 -0.001574 -0.272146 0.961951
1630598352.134277 -19.528037 -3.171713 -0.469413 0.024349 -0.000762 -0.272102 0.961960
1630598352.238037 -18.888581 -3.015257 -0.452041 0.025933 -0.000366 -0.272447 0.961821
1630598352.341797 -18.263102 -2.866986 -0.438087 0.028784 -0.000733 -0.273153 0.961539
1630598352.445313 -17.649724 -2.723915 -0.422440 0.031524 -0.000571 -0.274609 0.961039
1630598352.549072 -17.046194 -2.583232 -0.403138 0.033055 -0.000369 -0.276384 0.960479
1630598352.652710 -16.457204 -2.447978 -0.383755 0.035115 -0.000440 -0.277942 0.959956
1630598352.756348 -15.879436 -2.315041 -0.364990 0.035996 -0.000473 -0.279196 0.959559
1630598352.859985 -15.310866 -2.179388 -0.347292 0.034313 -0.000105 -0.280348 0.959285
1630598352.963623 -14.751995 -2.040949 -0.330966 0.030072 0.001470 -0.281299 0.959148
1630598353.067261 -14.208497 -1.906586 -0.312457 0.026725 0.002386 -0.282021 0.959033
1630598353.171021 -13.681097 -1.780002 -0.293277 0.024098 0.003421 -0.282585 0.958933
1630598353.274658 -13.171371 -1.659476 -0.278165 0.022774 0.002547 -0.283408 0.958726
1630598353.378418 -12.679025 -1.537820 -0.269582 0.020277 0.000687 -0.284626 0.958424
1630598353.482056 -12.210727 -1.419971 -0.262663 0.019738 -0.003441 -0.285570 0.958149
1630598353.585693 -11.755797 -1.305615 -0.249393 0.018330 -0.008103 -0.285244 0.958245
1630598353.689453 -11.305251 -1.199016 -0.233847 0.017774 -0.009019 -0.284656 0.958423
1630598353.793213 -10.863625 -1.096112 -0.221805 0.016678 -0.009200 -0.284460 0.958499
1630598353.896851 -10.437330 -0.995089 -0.215353 0.016261 -0.009874 -0.284430 0.958508
1630598354.000610 -10.020258 -0.888582 -0.207187 0.012808 -0.010245 -0.284023 0.958677
1630598354.104370 -9.612700 -0.780765 -0.188617 0.008072 -0.009505 -0.283743 0.958819
1630598354.208130 -9.219545 -0.684768 -0.166926 0.006536 -0.008312 -0.284227 0.958699
1630598354.311768 -8.843063 -0.605568 -0.152216 0.008685 -0.008337 -0.284310 0.958657
1630598354.415527 -8.480726 -0.535643 -0.145868 0.012541 -0.008944 -0.284050 0.958686
1630598354.519409 -8.130095 -0.463869 -0.141443 0.015565 -0.009401 -0.284212 0.958589
1630598354.623047 -7.792347 -0.385587 -0.134990 0.016091 -0.010367 -0.284813 0.958392
1630598354.726807 -7.467273 -0.302240 -0.128649 0.015042 -0.012382 -0.285385 0.958215
1630598354.830567 -7.150501 -0.220655 -0.117924 0.012489 -0.013172 -0.285307 0.958264
1630598354.934082 -6.843286 -0.152974 -0.105554 0.012244 -0.011534 -0.285159 0.958333
1630598355.037842 -6.548608 -0.097179 -0.094528 0.014366 -0.008738 -0.285027 0.958372
1630598355.141602 -6.272045 -0.040349 -0.086697 0.015330 -0.006953 -0.284487 0.958532
1630598355.245239 -6.015865 0.022057 -0.080128 0.014380 -0.006831 -0.283647 0.958797
1630598355.348877 -5.779545 0.083061 -0.073149 0.012904 -0.007154 -0.283204 0.958946
1630598355.452515 -5.562453 0.134993 -0.065834 0.012518 -0.006824 -0.282986 0.959018
1630598355.556152 -5.364378 0.177447 -0.058227 0.012764 -0.005657 -0.281963 0.959324
1630598355.659790 -5.188185 0.216743 -0.052557 0.013173 -0.004569 -0.281287 0.959522
1630598355.763428 -5.036925 0.257289 -0.048971 0.012215 -0.004828 -0.281389 0.959504
1630598355.867188 -4.907005 0.292809 -0.047398 0.012071 -0.006119 -0.281340 0.959513
1630598355.970947 -4.790759 0.321329 -0.045702 0.012220 -0.007139 -0.280439 0.959767
1630598356.074585 -4.685787 0.345876 -0.042774 0.012321 -0.006981 -0.279922 0.959918
1630598356.178223 -4.594113 0.368274 -0.039705 0.012212 -0.006701 -0.279977 0.959906
1630598356.282105 -4.517209 0.385428 -0.037151 0.012707 -0.006612 -0.279843 0.959939
1630598356.385864 -4.454026 0.396741 -0.035128 0.013813 -0.006535 -0.279530 0.960015
1630598356.489502 -4.402713 0.405453 -0.033671 0.014986 -0.006413 -0.279563 0.959989
1630598356.593384 -4.362143 0.414240 -0.032542 0.015515 -0.006392 -0.279677 0.959947
1630598356.697144 -4.331696 0.423055 -0.031651 0.015327 -0.006537 -0.279536 0.959991
1630598356.800781 -4.310836 0.430165 -0.031039 0.015022 -0.006748 -0.279420 0.960028
1630598356.904541 -4.299965 0.434092 -0.030617 0.014853 -0.006854 -0.279484 0.960011
1630598357.008301 -4.299036 0.434387 -0.030572 0.014924 -0.006811 -0.279503 0.960005
1630598357.111939 -4.299084 0.434344 -0.030576 0.015139 -0.006960 -0.279431 0.960021
1630598357.215698 -4.299207 0.434327 -0.030569 0.015313 -0.007326 -0.279419 0.960019
1630598357.319336 -4.299316 0.434332 -0.030578 0.015424 -0.007765 -0.279453 0.960004
1630598357.422974 -4.299360 0.434320 -0.030576 0.015498 -0.007933 -0.279459 0.960000
1630598357.526611 -4.299348 0.434335 -0.030581 0.015437 -0.007891 -0.279451 0.960003
1630598357.630249 -4.299301 0.434325 -0.030576 0.015438 -0.007703 -0.279455 0.960004
1630598357.733887 -4.299290 0.434340 -0.030579 0.015357 -0.007684 -0.279460 0.960004
1630598357.837647 -4.299316 0.434341 -0.030580 0.015369 -0.007786 -0.279464 0.960001
1630598357.941406 -4.299296 0.434339 -0.030579 0.015372 -0.007706 -0.279459 0.960004
1630598358.044922 -4.299293 0.434349 -0.030578 0.015333 -0.007692 -0.279472 0.960001
1630598358.148804 -4.299306 0.434328 -0.030580 0.015418 -0.007731 -0.279461 0.960002
1630598358.252442 -4.299302 0.434337 -0.030580 0.015371 -0.007725 -0.279449 0.960006
1630598358.356201 -4.299295 0.434345 -0.030579 0.015349 -0.007706 -0.279474 0.960000
1630598358.459961 -4.299307 0.434356 -0.030578 0.015322 -0.007752 -0.279457 0.960005
1630598358.563721 -4.299299 0.434332 -0.030580 0.015393 -0.007711 -0.279445 0.960007
1630598358.667481 -4.299301 0.434341 -0.030580 0.015358 -0.007724 -0.279460 0.960003
1630598358.771118 -4.299293 0.434347 -0.030578 0.015335 -0.007699 -0.279451 0.960007
1630598358.874878 -4.299293 0.434318 -0.030579 0.015447 -0.007661 -0.279466 0.960001
1630598358.978638 -4.299309 0.434328 -0.030580 0.015413 -0.007745 -0.279456 0.960003
1630598359.082276 -4.299366 0.434317 -0.030577 0.015508 -0.007923 -0.279427 0.960009
1630598359.186035 -4.299447 0.434297 -0.030588 0.015689 -0.008218 -0.279392 0.960014
1630598359.289551 -4.299500 0.434272 -0.030587 0.015842 -0.008382 -0.279439 0.959996
1630598359.393311 -4.299468 0.434281 -0.030590 0.015757 -0.008280 -0.279417 0.960005
1630598359.497070 -4.299423 0.434294 -0.030585 0.015669 -0.008132 -0.279411 0.960009
1630598359.600708 -4.299423 0.434291 -0.030582 0.015686 -0.008113 -0.279441 0.960001
1630598359.704468 -4.299421 0.434283 -0.030582 0.015717 -0.008107 -0.279415 0.960007
1630598359.808228 -4.299411 0.434291 -0.030584 0.015660 -0.008081 -0.279407 0.960011
1630598359.911865 -4.299426 0.434290 -0.030584 0.015685 -0.008131 -0.279422 0.960006
1630598360.015625 -4.299430 0.434289 -0.030582 0.015704 -0.008142 -0.279407 0.960010
1630598360.119385 -4.299414 0.434289 -0.030583 0.015684 -0.008085 -0.279415 0.960008
1630598360.223023 -4.299423 0.434293 -0.030584 0.015668 -0.008134 -0.279441 0.960001
1630598360.326904 -4.299429 0.434289 -0.030584 0.015693 -0.008143 -0.279427 0.960004
1630598360.430420 -4.299422 0.434295 -0.030583 0.015674 -0.008119 -0.279422 0.960006
1630598360.534180 -4.299423 0.434297 -0.030583 0.015662 -0.008126 -0.279437 0.960002
1630598360.637940 -4.299428 0.434289 -0.030585 0.015686 -0.008143 -0.279426 0.960005
1630598360.741455 -4.299427 0.434302 -0.030583 0.015646 -0.008146 -0.279433 0.960003
1630598360.845215 -4.299422 0.434310 -0.030581 0.015617 -0.008132 -0.279464 0.959995
1630598360.948853 -4.299426 0.434299 -0.030584 0.015655 -0.008144 -0.279444 0.960000
1630598361.052735 -4.299428 0.434302 -0.030584 0.015639 -0.008156 -0.279442 0.960001
1630598361.156250 -4.299425 0.434302 -0.030582 0.015646 -0.008133 -0.279454 0.959997
1630598361.260010 -4.299428 0.434306 -0.030582 0.015637 -0.008145 -0.279446 0.959999
1630598361.363770 -4.299428 0.434299 -0.030584 0.015653 -0.008151 -0.279455 0.959997
1630598361.467407 -4.299424 0.434294 -0.030585 0.015665 -0.008129 -0.279446 0.959999
1630598361.571045 -4.299426 0.434303 -0.030583 0.015646 -0.008143 -0.279445 0.960000
1630598361.674805 -4.299427 0.434303 -0.030582 0.015646 -0.008141 -0.279442 0.960001
1630598361.778565 -4.299426 0.434296 -0.030584 0.015661 -0.008143 -0.279422 0.960006
1630598361.882324 -4.299423 0.434294 -0.030585 0.015663 -0.008130 -0.279435 0.960003
1630598361.986084 -4.299424 0.434300 -0.030582 0.015652 -0.008129 -0.279440 0.960001
1630598362.089722 -4.299432 0.434301 -0.030582 0.015662 -0.008157 -0.279434 0.960002
1630598362.193482 -4.299423 0.434296 -0.030585 0.015659 -0.008129 -0.279439 0.960001
1630598362.297119 -4.299423 0.434296 -0.030584 0.015661 -0.008128 -0.279440 0.960001
1630598362.400879 -4.299430 0.434296 -0.030583 0.015674 -0.008149 -0.279437 0.960001
1630598362.504639 -4.299425 0.434299 -0.030582 0.015658 -0.008131 -0.279442 0.960001
1630598362.608154 -4.299427 0.434297 -0.030585 0.015657 -0.008149 -0.279438 0.960002
1630598362.711914 -4.299427 0.434295 -0.030584 0.015667 -0.008143 -0.279438 0.960001
1630598362.815674 -4.299428 0.434298 -0.030582 0.015666 -0.008141 -0.279441 0.960001
1630598362.919312 -4.299430 0.434297 -0.030583 0.015669 -0.008149 -0.279429 0.960004
1630598363.023071 -4.299421 0.434298 -0.030585 0.015647 -0.008127 -0.279436 0.960002
1630598363.126709 -4.299428 0.434297 -0.030584 0.015663 -0.008149 -0.279440 0.960001
1630598363.230469 -4.299427 0.434301 -0.030582 0.015655 -0.008141 -0.279426 0.960005
1630598363.333985 -4.299427 0.434299 -0.030583 0.015656 -0.008145 -0.279425 0.960005
1630598363.437744 -4.299428 0.434302 -0.030585 0.015641 -0.008156 -0.279442 0.960000
1630598363.541504 -4.299425 0.434303 -0.030583 0.015640 -0.008138 -0.279431 0.960004
1630598363.645142 -4.299432 0.434301 -0.030582 0.015661 -0.008158 -0.279429 0.960004
1630598363.748901 -4.299429 0.434304 -0.030584 0.015639 -0.008159 -0.279424 0.960006
1630598363.852661 -4.299430 0.434301 -0.030585 0.015647 -0.008167 -0.279426 0.960005
1630598363.956299 -4.299430 0.434302 -0.030583 0.015648 -0.008157 -0.279416 0.960008
1630598364.060059 -4.299431 0.434303 -0.030582 0.015653 -0.008152 -0.279407 0.960011
1630598364.163818 -4.299431 0.434302 -0.030584 0.015645 -0.008166 -0.279411 0.960010
1630598364.267578 -4.299426 0.434306 -0.030584 0.015622 -0.008153 -0.279418 0.960008
1630598364.371338 -4.299433 0.434310 -0.030583 0.015625 -0.008179 -0.279410 0.960010
1630598364.474854 -4.299432 0.434310 -0.030581 0.015624 -0.008168 -0.279405 0.960011
