1630597331.060160 -5.043741 0.351467 0.383828 0.991336 0.130204 0.014194 -0.009875
1630597331.310779 -5.043764 0.351461 0.383826 0.991335 0.130215 0.014219 -0.009878
1630597331.560759 -5.043738 0.351463 0.383827 0.991333 0.130231 0.014193 -0.009879
1630597331.811377 -5.043725 0.351452 0.383826 0.991334 0.130220 0.014181 -0.009892
1630597332.061991 -5.043777 0.351425 0.383823 0.991333 0.130223 0.014236 -0.009912
1630597332.311983 -5.043750 0.351406 0.383823 0.991336 0.130200 0.014212 -0.009934
1630597332.561966 -5.043706 0.351424 0.383825 0.991336 0.130209 0.014164 -0.009922
1630597332.811958 -5.043694 0.351405 0.383825 0.991337 0.130201 0.014156 -0.009942
1630597333.060689 -5.043729 0.351429 0.383826 0.991336 0.130205 0.014188 -0.009914
1630597333.310682 -5.043727 0.351394 0.383825 0.991335 0.130212 0.014191 -0.009950
1630597333.560044 -5.043716 0.351455 0.383827 0.991339 0.130186 0.014171 -0.009891
1630597333.809408 -5.043733 0.351440 0.383827 0.991337 0.130197 0.014189 -0.009902
1630597334.060017 -5.043688 0.351475 0.383827 0.991335 0.130220 0.014143 -0.009873
1630597334.310677 -5.043599 0.351463 0.383830 0.991338 0.130208 0.014057 -0.009897
1630597334.560616 -5.043580 0.351464 0.383831 0.991340 0.130195 0.014033 -0.009898
1630597334.811232 -5.043953 0.351714 0.383730 0.991320 0.130334 0.014209 -0.009805
1630597335.061215 -5.044053 0.352776 0.383424 0.991354 0.130067 0.014388 -0.009617
1630597335.311212 -5.036244 0.355287 0.382426 0.991408 0.129589 0.014984 -0.009644
1630597335.561194 -5.012377 0.362894 0.384375 0.991520 0.128831 0.014319 -0.009242
1630597335.810561 -4.984724 0.368720 0.385246 0.991675 0.127629 0.014280 -0.009318
1630597336.059931 -4.947086 0.376274 0.386288 0.991926 0.125657 0.014323 -0.009364
1630597336.309291 -4.883723 0.387356 0.386835 0.992362 0.122099 0.014944 -0.009326
1630597336.559902 -4.768503 0.408141 0.390082 0.993121 0.115839 0.014696 -0.008694
1630597336.809892 -4.601980 0.425670 0.396431 0.994170 0.106390 0.014490 -0.009880
1630597337.060502 -4.389248 0.442261 0.401127 0.995440 0.093393 0.015447 -0.011740
1630597337.311761 -4.116855 0.477506 0.404654 0.996856 0.077145 0.015570 -0.009191
1630597337.561755 -3.787355 0.496543 0.408358 0.998061 0.059535 0.015702 -0.009100
1630597337.811741 -3.403151 0.498246 0.415826 0.998940 0.042071 0.014889 -0.011266
1630597338.061110 -2.969686 0.509996 0.421276 0.999526 0.025718 0.013885 -0.009706
1630597338.309847 -2.486451 0.497857 0.431433 0.999779 0.013706 0.011473 -0.011076
1630597338.559211 -1.963851 0.484803 0.440898 0.999861 0.006211 0.009951 -0.011813
1630597338.809175 -1.402712 0.483701 0.444968 0.999897 0.003367 0.009626 -0.010107
1630597339.058532 -0.794196 0.470004 0.450860 0.999898 0.002846 0.008627 -0.011015
1630597339.309151 -0.139549 0.465267 0.456657 0.999911 0.003127 0.008181 -0.010088
1630597339.559766 0.558378 0.461218 0.460603 0.999918 0.004394 0.007530 -0.009338
1630597339.810383 1.294139 0.461310 0.466010 0.999918 0.006500 0.007235 -0.008297
1630597340.060371 2.064845 0.458454 0.469409 0.999880 0.010136 0.007241 -0.009209
1630597340.310995 2.872827 0.489486 0.475332 0.999833 0.016045 0.007409 -0.004636
1630597340.561597 3.714838 0.526015 0.479269 0.999742 0.021498 0.007312 -0.001124
1630597340.811584 4.581029 0.557075 0.488200 0.999627 0.026107 0.007990 -0.000422
1630597341.061571 5.456672 0.607392 0.498643 0.999519 0.028650 0.011471 0.002970
1630597341.310938 6.352750 0.646657 0.505683 0.999441 0.030054 0.014306 0.003242
1630597341.560299 7.279522 0.688280 0.521614 0.999403 0.031231 0.014423 0.003250
1630597341.809669 8.224110 0.739340 0.546747 0.999347 0.032806 0.014439 0.004656
1630597342.059028 9.178969 0.779963 0.565467 0.999237 0.035097 0.016870 0.002857
1630597342.309029 10.150729 0.840176 0.589943 0.999006 0.039881 0.019694 0.002937
1630597342.559015 11.146224 0.908082 0.617477 0.998763 0.045464 0.020024 0.002097
1630597342.810252 12.176823 0.993171 0.645711 0.998622 0.049943 0.015955 0.002347
1630597343.060862 13.199105 1.098118 0.681367 0.998409 0.054511 0.013416 0.005376
1630597343.310853 14.175656 1.187469 0.713447 0.998037 0.059153 0.020191 0.004006
1630597343.561465 15.146345 1.300808 0.720179 0.997677 0.063127 0.025007 0.005513
1630597343.811457 16.129036 1.426066 0.781523 0.997535 0.067687 0.016433 0.008461
1630597344.060817 17.057414 1.535065 0.808722 0.997211 0.072248 0.017561 0.006437
1630597344.310190 17.965105 1.665989 0.829315 0.996821 0.076789 0.019689 0.008005
1630597344.559553 18.888318 1.796090 0.860412 0.996524 0.080905 0.018463 0.007265
1630597344.809541 19.828950 1.936267 0.886063 0.996254 0.084179 0.018602 0.006803
1630597345.059531 20.799182 2.084932 0.914311 0.996082 0.086500 0.017299 0.006242
1630597345.309519 21.797579 2.236158 0.938630 0.995970 0.088287 0.015041 0.004828
1630597345.560134 22.798476 2.405923 0.966561 0.995878 0.089235 0.014715 0.006874
1630597345.810747 23.797357 2.559985 0.988915 0.995888 0.089253 0.014556 0.005404
1630597346.061361 24.788431 2.709551 1.009437 0.995904 0.089098 0.014947 0.003563
1630597346.311356 25.763560 2.879152 1.038603 0.995906 0.089076 0.014052 0.006321
1630597346.561343 26.727115 3.022859 1.055651 0.995936 0.089068 0.012630 0.004363
1630597346.811332 27.661430 3.155947 1.080372 0.995980 0.088620 0.012998 0.000808
1630597347.060701 28.559362 3.299952 1.105721 0.995882 0.089251 0.015918 0.000067
1630597347.310066 29.460702 3.432942 1.109783 0.995875 0.089589 0.014151 -0.002721
1630597347.559432 30.363316 3.581916 1.143068 0.995871 0.090566 0.006069 -0.001604
1630597347.808792 31.224005 3.735189 1.164022 0.995899 0.090338 0.004648 0.001637
1630597348.058157 32.048866 3.855388 1.166066 0.995904 0.089763 0.010764 -0.001101
1630597348.308783 32.892674 3.990645 1.169587 0.996010 0.088555 0.011057 -0.000875
1630597348.559391 33.742270 4.138108 1.182996 0.996077 0.087938 0.009580 0.002254
1630597348.810000 34.605428 4.267391 1.205631 0.996203 0.086873 0.005598 0.001463
1630597349.060618 35.468624 4.380964 1.202972 0.996273 0.086039 0.005541 -0.002581
1630597349.310619 36.361091 4.498971 1.205003 0.996361 0.084956 0.000613 -0.006798
1630597349.561224 37.241376 4.651706 1.215698 0.996527 0.083224 0.002137 -0.001712
1630597349.810587 38.118507 4.780410 1.215339 0.996445 0.083940 0.006920 -0.001706
1630597350.059951 39.018796 4.885427 1.206721 0.996443 0.083360 0.009503 -0.007885
1630597350.309948 39.943101 5.044691 1.224065 0.996578 0.082360 0.006621 -0.002419
1630597350.559304 40.870745 5.193166 1.234243 0.996627 0.081929 0.004580 0.000547
1630597350.808672 41.804847 5.307339 1.234728 0.996675 0.081297 0.004137 -0.003581
1630597351.059289 42.748434 5.455630 1.242150 0.996772 0.080222 0.003208 -0.000057
1630597351.309905 43.696820 5.589360 1.241158 0.996913 0.078461 0.002657 0.000684
1630597351.559890 44.643108 5.702409 1.242492 0.997172 0.075121 0.001758 -0.001385
1630597351.811131 45.582585 5.831248 1.244024 0.997392 0.072145 0.001627 0.001087
1630597352.061119 46.505250 5.931451 1.242267 0.997559 0.069803 0.001578 -0.001071
1630597352.310487 47.400968 6.033160 1.243120 0.997690 0.067892 0.001570 -0.001579
1630597352.559855 48.257167 6.119895 1.241812 0.997754 0.066852 0.000196 -0.004238
1630597352.809846 49.050745 6.214521 1.243035 0.997606 0.069009 0.000305 -0.004395
1630597353.059213 49.805696 6.344082 1.241078 0.997388 0.072152 0.000253 0.003289
1630597353.309203 50.562064 6.408977 1.238727 0.997229 0.074276 -0.001156 -0.003975
1630597353.559814 51.305109 6.497745 1.237096 0.997093 0.075923 -0.001218 -0.006368
1630597353.809807 52.036830 6.618627 1.236465 0.996926 0.078280 -0.001833 -0.002588
1630597354.060422 52.756622 6.723757 1.226081 0.996477 0.083789 0.000374 -0.003605
1630597354.311033 53.485879 6.823782 1.221690 0.996025 0.088701 0.000478 -0.008194
1630597354.561026 54.226458 6.950124 1.219238 0.995339 0.096022 0.000532 -0.008954
1630597354.810391 54.995933 7.100603 1.212304 0.994653 0.102913 0.001105 -0.008539
1630597355.060382 55.833351 7.250992 1.204580 0.993891 0.109578 -0.000793 -0.013109
1630597355.309748 56.724561 7.449057 1.199806 0.993137 0.116303 -0.001785 -0.012194
1630597355.559113 57.672836 7.675441 1.189508 0.992367 0.122853 -0.001881 -0.010512
1630597355.809107 58.691046 7.885149 1.173023 0.991628 0.127893 -0.001809 -0.017731
1630597356.059099 59.751105 8.183391 1.167174 0.991409 0.130368 -0.002765 -0.010256
1630597356.309111 60.836026 8.473308 1.160822 0.990626 0.136380 0.000141 -0.007820
1630597356.559076 61.955311 8.753090 1.143489 0.989597 0.143320 0.000774 -0.012523
1630597356.809695 63.081790 9.127743 1.152483 0.988681 0.150015 -0.001453 -0.001688
1630597357.060316 64.220181 9.454696 1.136558 0.987498 0.157487 -0.001754 -0.006454
1630597357.310919 65.363030 9.813163 1.130776 0.986589 0.163044 -0.003217 -0.006909
1630597357.560914 66.492841 10.192900 1.122329 0.985807 0.167796 -0.001568 -0.005101
1630597357.810284 67.626859 10.572232 1.112212 0.984964 0.172649 0.000861 -0.006092
1630597358.059650 68.782909 10.986451 1.106367 0.984363 0.176125 0.000317 -0.003093
1630597358.309647 69.971400 11.420768 1.100636 0.984288 0.176560 -0.001415 0.001297
1630597358.559018 71.194217 11.841567 1.086493 0.984542 0.175114 -0.003360 0.001030
1630597358.808993 72.452363 12.279228 1.067197 0.985129 0.171686 -0.005181 0.004228
1630597359.058991 73.752505 12.700457 1.042281 0.986389 0.164193 -0.007962 0.003693
1630597359.308977 75.074521 13.119562 1.013094 0.988357 0.151715 -0.005978 0.009859
1630597359.559597 76.452140 13.462259 0.981701 0.990330 0.138619 -0.004222 0.003790
1630597359.810208 77.872643 13.820745 0.953843 0.992370 0.122963 -0.002670 0.008620
1630597360.060822 79.360000 14.108303 0.936633 0.993960 0.109522 -0.005555 0.004296
1630597360.310813 80.874188 14.384412 0.904394 0.995549 0.093897 -0.004570 0.006662
1630597360.560178 82.431859 14.621661 0.880710 0.996888 0.078236 -0.005799 0.007739
1630597360.809549 84.008685 14.791025 0.852501 0.998164 0.059882 -0.002727 0.008633
1630597361.060165 85.637142 14.912823 0.837220 0.999114 0.040477 -0.004787 0.010521
1630597361.309530 87.290770 14.959915 0.806558 0.999744 0.017361 -0.008363 0.011844
1630597361.559517 88.966924 14.925034 0.773661 0.999819 -0.007166 -0.012218 0.012687
1630597361.809512 90.620430 14.807060 0.732719 0.999301 -0.033605 -0.007894 0.014316
1630597362.060125 92.274632 14.592856 0.701639 0.998056 -0.060549 -0.004487 0.014059
1630597362.310745 93.936931 14.299412 0.688579 0.996079 -0.086550 -0.008461 0.016277
1630597362.560113 95.533434 13.915749 0.664840 0.993498 -0.112676 -0.005156 0.015478
1630597362.810101 97.130195 13.450414 0.647660 0.990221 -0.138299 -0.009631 0.015594
1630597363.059468 98.678604 12.921232 0.624882 0.986091 -0.164787 -0.009503 0.019499
1630597363.308835 100.214719 12.289672 0.594286 0.980689 -0.193796 -0.016293 0.020638
1630597363.558825 101.706844 11.558299 0.556017 0.973356 -0.227401 -0.019243 0.022285
1630597363.808191 103.125758 10.716002 0.508453 0.964595 -0.262450 -0.011173 0.023501
1630597364.058183 104.527785 9.732416 0.488296 0.954225 -0.298145 -0.008904 0.022008
1630597364.308178 105.890433 8.640339 0.475821 0.942702 -0.332717 -0.007032 0.023744
1630597364.558161 107.197132 7.441872 0.477567 0.931387 -0.362988 -0.003590 0.027305
1630597364.808780 108.446625 6.124183 0.489817 0.920117 -0.390802 0.000536 0.025645
1630597365.058772 109.667613 4.697596 0.515612 0.911511 -0.410804 -0.003156 0.019442
1630597365.308765 110.848353 3.219087 0.523741 0.904073 -0.426996 -0.000686 0.018071
1630597365.559382 112.022854 1.671111 0.537052 0.896413 -0.442770 -0.002134 0.019838
1630597365.809370 113.167208 0.063551 0.550390 0.890493 -0.454456 -0.001347 0.022135
1630597366.059986 114.331095 -1.597949 0.569199 0.886265 -0.462284 -0.006089 0.028100
1630597366.309983 115.475138 -3.304031 0.585426 0.883170 -0.467999 -0.011366 0.029311
1630597366.559971 116.594458 -5.029549 0.590127 0.881944 -0.470299 -0.013351 0.028561
1630597366.809337 117.702784 -6.754427 0.588520 0.883100 -0.468285 -0.012696 0.026113
1630597367.058702 118.832713 -8.471544 0.583693 0.886148 -0.462624 -0.013339 0.023292
1630597367.308698 119.988188 -10.162784 0.573477 0.890481 -0.454323 -0.011424 0.022455
1630597367.558687 121.198606 -11.834341 0.562473 0.895313 -0.444632 -0.015401 0.021915
1630597367.809303 122.427584 -13.467718 0.542370 0.900255 -0.434593 -0.012993 0.022377
1630597368.059293 123.680152 -15.061745 0.528732 0.904748 -0.425242 -0.009624 0.022533
1630597368.309908 124.965691 -16.643165 0.528997 0.909220 -0.415759 -0.010225 0.018954
1630597368.559906 126.267590 -18.156896 0.521098 0.913530 -0.406159 -0.006378 0.021359
1630597368.809890 127.579409 -19.634604 0.530514 0.917581 -0.396954 -0.000294 0.021724
1630597369.059264 128.936466 -21.095340 0.552560 0.921783 -0.387310 -0.005222 0.016695
1630597369.308627 130.299505 -22.485341 0.557873 0.925754 -0.377544 -0.004105 0.020543
1630597369.558623 131.678934 -23.843898 0.567229 0.930068 -0.366796 -0.001354 0.020791
1630597369.808615 133.093834 -25.187659 0.582229 0.933974 -0.356928 -0.006180 0.016037
1630597370.059228 134.505257 -26.463530 0.583630 0.937692 -0.347028 -0.001277 0.017435
1630597370.309846 135.952258 -27.714800 0.589646 0.941672 -0.336131 -0.002374 0.016260
1630597370.560463 137.434617 -28.941883 0.600461 0.944958 -0.326837 -0.009697 0.011722
1630597370.810453 138.889443 -30.105596 0.572834 0.948528 -0.316472 -0.002877 0.011486
1630597371.059820 140.392549 -31.237638 0.569863 0.951787 -0.306479 -0.006238 0.011540
1630597371.309194 141.892853 -32.327243 0.558101 0.954673 -0.297402 -0.004062 0.011634
1630597371.558561 143.397414 -33.380296 0.551877 0.957515 -0.288147 -0.001454 0.011619
1630597371.807929 144.919417 -34.384486 0.554509 0.960297 -0.278633 -0.002807 0.013581
1630597372.057918 146.437443 -35.336826 0.555648 0.963157 -0.268416 -0.005143 0.015953
1630597372.307923 147.913183 -36.225570 0.553540 0.966594 -0.255770 -0.002664 0.016480
1630597372.558525 149.372862 -37.043873 0.557127 0.969549 -0.244172 -0.003340 0.018542
1630597372.809144 150.782534 -37.814739 0.563101 0.973033 -0.230214 -0.002523 0.014179
1630597373.059135 152.143193 -38.466495 0.566925 0.978260 -0.206839 0.001899 0.014893
1630597373.309759 153.484697 -39.011735 0.578019 0.984441 -0.175200 0.000654 0.013394
1630597373.560371 154.772484 -39.417826 0.591430 0.990799 -0.134850 0.000872 0.011500
1630597373.810366 155.992167 -39.668364 0.593720 0.996165 -0.086818 0.000683 0.010808
1630597374.060355 157.134352 -39.769735 0.600750 0.999304 -0.035480 -0.001936 0.011380
1630597374.310356 158.167446 -39.748460 0.598547 0.999747 0.020325 -0.000348 0.009673
1630597374.559718 159.105953 -39.594196 0.594014 0.996809 0.078935 -0.000781 0.011890
1630597374.809086 159.951107 -39.367607 0.592153 0.989976 0.141046 -0.001410 0.007208
1630597375.058451 160.689335 -39.032040 0.584347 0.978224 0.207469 -0.000306 0.005839
1630597375.308444 161.341132 -38.597018 0.576924 0.960508 0.278171 0.000980 0.006603
1630597375.558435 161.915437 -38.085389 0.570981 0.936440 0.350800 -0.000878 0.004250
1630597375.808431 162.376142 -37.491776 0.563480 0.905522 0.424261 -0.001815 0.005320
1630597376.059671 162.725069 -36.837023 0.552324 0.868604 0.495446 -0.002293 0.007467
1630597376.310288 162.971866 -36.156183 0.538600 0.825917 0.563747 -0.003999 0.005849
1630597376.560284 163.102038 -35.447744 0.526434 0.777587 0.628696 -0.007801 0.006200
1630597376.810277 163.110072 -34.736179 0.508144 0.724233 0.689453 -0.010152 0.006221
1630597377.060267 162.998291 -34.035520 0.489431 0.665273 0.746498 -0.010821 0.005994
1630597377.309638 162.776049 -33.349675 0.470544 0.600064 0.799851 -0.012159 0.003801
1630597377.559004 162.437248 -32.676706 0.450322 0.527704 0.849287 -0.015479 -0.000228
1630597377.808365 161.946481 -32.034127 0.430955 0.449685 0.893030 -0.016402 -0.003351
1630597378.057737 161.295641 -31.447578 0.417138 0.369322 0.929186 -0.013837 -0.004862
1630597378.308359 160.505635 -30.907036 0.401017 0.293992 0.955682 -0.013594 -0.007418
1630597378.558973 159.576206 -30.427385 0.397702 0.227397 0.973657 -0.015667 -0.006133
1630597378.810215 158.528182 -30.030223 0.392473 0.167954 0.985626 -0.017618 -0.004820
1630597379.060831 157.392670 -29.752020 0.390380 0.118481 0.992859 -0.012207 -0.006609
1630597379.311452 156.188045 -29.533625 0.387651 0.082237 0.996522 -0.009571 -0.009486
1630597379.560820 154.907467 -29.356921 0.393988 0.059131 0.998193 -0.009023 -0.005808
1630597379.810190 153.586394 -29.226306 0.404741 0.045927 0.998917 -0.005377 -0.005248
1630597380.059559 152.245078 -29.068996 0.404595 0.039179 0.999111 -0.010886 -0.011161
1630597380.308935 150.834106 -28.956033 0.418859 0.040542 0.999119 -0.004717 -0.009735
1630597380.558292 149.381579 -28.776490 0.434500 0.051308 0.998640 -0.006970 -0.006092
1630597380.807658 147.901670 -28.572799 0.438437 0.065194 0.997851 -0.003649 -0.005504
1630597381.057649 146.402726 -28.310399 0.446456 0.082857 0.996505 -0.001412 -0.010489
1630597381.308272 144.846281 -27.969826 0.457389 0.105765 0.994346 0.000419 -0.009491
1630597381.558889 143.265494 -27.525831 0.479992 0.129742 0.991525 -0.002200 -0.006310
1630597381.808878 141.709486 -27.009204 0.486923 0.154321 0.987978 -0.002753 -0.008746
1630597382.059503 140.157547 -26.402598 0.502161 0.178851 0.983833 -0.004605 -0.007932
1630597382.309500 138.628755 -25.714402 0.513489 0.203625 0.978992 -0.006556 -0.008234
1630597382.559486 137.111341 -24.943863 0.521151 0.228613 0.973472 -0.007188 -0.006102
1630597382.808850 135.626864 -24.084652 0.522917 0.253403 0.967304 -0.009062 -0.005354
1630597383.058223 134.170441 -23.152206 0.520738 0.278461 0.960398 -0.007880 -0.005788
1630597383.308212 132.745524 -22.129486 0.517468 0.303185 0.952886 -0.008254 -0.004342
1630597383.558204 131.372887 -21.018411 0.514239 0.327291 0.944853 -0.011193 -0.002784
1630597383.808198 130.071806 -19.845462 0.502466 0.349365 0.936848 -0.014778 -0.006530
1630597384.058814 128.795687 -18.614582 0.493758 0.370687 0.928636 -0.014713 -0.003226
1630597384.310061 127.595501 -17.348198 0.482183 0.391888 0.919900 -0.011766 -0.008297
1630597384.560055 126.444156 -16.054437 0.485316 0.411933 0.911156 -0.004134 -0.009434
1630597384.810044 125.360787 -14.696385 0.498424 0.427967 0.903746 -0.005338 -0.007647
1630597385.059412 124.315219 -13.329046 0.509074 0.440968 0.897505 -0.004660 -0.003265
1630597385.309423 123.357017 -11.952705 0.510442 0.452250 0.891817 -0.005771 -0.009926
1630597385.558777 122.427399 -10.552911 0.519352 0.460794 0.887396 -0.009815 -0.010032
1630597385.808146 121.514540 -9.155011 0.529910 0.467659 0.883800 -0.011825 -0.007288
1630597386.057514 120.644192 -7.772414 0.526376 0.471433 0.881737 -0.012778 -0.011270
1630597386.307507 119.763619 -6.391190 0.531669 0.472778 0.881034 -0.012787 -0.009813
1630597386.558124 118.892893 -5.014380 0.533884 0.472331 0.881269 -0.013445 -0.009295
1630597386.808742 118.018172 -3.650706 0.532398 0.470919 0.882035 -0.013365 -0.008381
1630597387.059361 117.147107 -2.293905 0.529088 0.468972 0.883054 -0.014340 -0.008679
1630597387.309977 116.269744 -0.943537 0.523744 0.467132 0.884026 -0.014983 -0.007829
1630597387.559974 115.390171 0.394362 0.516819 0.463503 0.885912 -0.016137 -0.008000
1630597387.809968 114.500762 1.724535 0.507182 0.458987 0.888219 -0.018278 -0.008058
1630597388.059333 113.593257 3.028704 0.497560 0.451525 0.892027 -0.018454 -0.008544
1630597388.308711 112.660556 4.321045 0.487264 0.441029 0.897208 -0.021221 -0.007757
1630597388.558073 111.689250 5.571465 0.474977 0.427134 0.903903 -0.021259 -0.007936
1630597388.807441 110.671212 6.802481 0.457415 0.411209 0.911193 -0.024820 -0.004358
1630597389.057434 109.610436 7.966041 0.441552 0.390910 0.920123 -0.023233 -0.004867
1630597389.307430 108.526674 9.058041 0.425656 0.366925 0.929889 -0.021927 -0.013841
1630597389.558045 107.350679 10.089038 0.434231 0.338922 0.940517 -0.020766 -0.011358
1630597389.808663 106.139888 11.038160 0.448324 0.307544 0.951195 -0.022136 -0.012425
1630597390.059284 104.887565 11.877246 0.459524 0.273554 0.961485 -0.021171 -0.016335
1630597390.309948 103.593144 12.609871 0.489288 0.238829 0.970628 -0.020307 -0.020748
1630597390.559270 102.258017 13.241118 0.527391 0.206299 0.978129 -0.016802 -0.020564
1630597390.809262 100.890212 13.792116 0.570838 0.174860 0.984292 -0.015955 -0.018384
1630597391.058629 99.488454 14.257141 0.602761 0.148047 0.988785 -0.014674 -0.013044
1630597391.308005 98.080479 14.671783 0.632579 0.123250 0.992135 -0.018427 -0.011775
1630597391.557993 96.641831 14.973607 0.648248 0.097589 0.995100 -0.011632 -0.010859
1630597391.808617 95.186758 15.245206 0.670623 0.071767 0.997246 -0.015594 -0.010288
1630597392.059232 93.720236 15.413502 0.690237 0.047179 0.998744 -0.012407 -0.011439
1630597392.309852 92.238007 15.512921 0.714845 0.021833 0.999649 -0.010540 -0.010645
1630597392.559846 90.774710 15.546995 0.744967 -0.001978 0.999837 -0.009737 -0.015108
1630597392.809841 89.302706 15.496154 0.775110 -0.026423 0.999492 -0.006205 -0.016679
1630597393.058579 87.824243 15.391782 0.818706 -0.050277 0.998635 -0.006745 -0.012475
1630597393.307950 86.355077 15.213572 0.848513 -0.072884 0.997280 -0.006347 -0.008909
1630597393.557320 84.907837 14.978611 0.867264 -0.095599 0.995363 -0.007716 -0.007398
1630597393.807315 83.486384 14.662947 0.893336 -0.115049 0.993329 -0.002734 -0.007335
1630597394.057927 82.102407 14.316698 0.910316 -0.129110 0.991561 0.000063 -0.011694
1630597394.308547 80.723311 13.955061 0.933646 -0.138417 0.990320 0.000587 -0.010319
1630597394.559166 79.371822 13.546760 0.959092 -0.145515 0.989283 0.008034 -0.008908
1630597394.809783 78.028803 13.180245 0.971852 -0.148273 0.988869 0.003660 -0.011800
1630597395.060408 76.656776 12.789679 0.996085 -0.149009 0.988699 0.002038 -0.016341
1630597395.309777 75.259092 12.368539 1.026946 -0.152284 0.988224 0.004731 -0.014153
1630597395.559770 73.855633 11.966134 1.061605 -0.152954 0.988159 0.002519 -0.011879
1630597395.809135 72.496711 11.531709 1.085514 -0.152675 0.988183 0.009629 -0.009553
1630597396.058507 71.202105 11.160725 1.104328 -0.150761 0.988511 0.008923 -0.006085
1630597396.307891 70.006610 10.812080 1.117084 -0.147909 0.988941 0.010324 -0.003547
1630597396.557868 68.911018 10.502943 1.125625 -0.145552 0.989288 0.010502 -0.003563
1630597396.807863 67.904602 10.223524 1.129419 -0.143199 0.989614 0.010674 -0.006583
1630597397.058483 66.937101 9.973275 1.137787 -0.141008 0.989952 0.007728 -0.007182
1630597397.309106 66.018827 9.728754 1.148133 -0.139124 0.990225 0.007772 -0.006280
1630597397.559719 65.142793 9.486533 1.152218 -0.137971 0.990365 0.010232 -0.005976
1630597397.809722 64.298258 9.275308 1.162717 -0.136767 0.990556 0.008438 -0.004685
1630597398.059706 63.484730 9.064393 1.167796 -0.135685 0.990700 0.008242 -0.005926
1630597398.309079 62.684352 8.801697 1.164554 -0.135250 0.990575 0.021140 -0.004657
1630597398.558445 61.894978 8.608196 1.172473 -0.133442 0.990858 0.019288 -0.004754
1630597398.807817 61.126410 8.457119 1.182443 -0.130389 0.991373 0.011228 -0.007274
1630597399.057185 60.381211 8.241603 1.177982 -0.125792 0.991864 0.017209 -0.009294
1630597399.305930 59.646907 8.053296 1.178786 -0.123086 0.992090 0.021710 -0.011625
1630597399.556549 58.892545 7.915865 1.201221 -0.121124 0.992503 0.014393 -0.007774
1630597399.806540 58.169334 7.754363 1.202744 -0.119731 0.992652 0.014153 -0.010323
1630597400.057160 57.431485 7.595439 1.209978 -0.117118 0.992980 0.013359 -0.009784
1630597400.307153 56.679050 7.425377 1.213396 -0.113142 0.993411 0.015499 -0.009668
1630597400.557145 55.870869 7.292024 1.221203 -0.107165 0.994151 0.009728 -0.009180
1630597400.807763 54.996779 7.128010 1.227615 -0.099347 0.994957 0.011241 -0.008028
1630597401.057762 54.057347 6.986494 1.229033 -0.089531 0.995914 0.008839 -0.007791
1630597401.308384 53.045841 6.876125 1.234716 -0.080396 0.996729 0.000964 -0.008164
1630597401.557753 51.980692 6.705099 1.238284 -0.075794 0.997033 0.008071 -0.010742
1630597401.807747 50.814410 6.587787 1.243472 -0.074266 0.997208 0.000821 -0.007697
1630597402.058368 49.575716 6.415118 1.254772 -0.075357 0.997147 0.002760 -0.003283
1630597402.307737 48.307653 6.224709 1.251417 -0.078608 0.996879 0.006387 -0.003391
1630597402.558357 46.988532 6.053865 1.245064 -0.080929 0.996705 0.002162 -0.005044
1630597402.808361 45.623647 5.840794 1.246834 -0.083935 0.996453 0.003871 -0.004668
1630597403.057724 44.219066 5.622330 1.244829 -0.087507 0.996151 0.003551 -0.003745
1630597403.307717 42.779304 5.383014 1.244383 -0.090792 0.995855 0.004633 -0.002910
1630597403.557716 41.300563 5.130682 1.237180 -0.092766 0.995672 0.005433 -0.001129
1630597403.808330 39.780070 4.852088 1.225714 -0.091772 0.995706 0.012032 0.001485
1630597404.058327 38.252371 4.611082 1.213834 -0.088594 0.996016 0.009728 -0.002758
1630597404.308330 36.693263 4.379803 1.201338 -0.083146 0.996501 0.007586 -0.003890
1630597404.558315 35.093318 4.168917 1.208254 -0.078602 0.996894 0.004098 0.002785
1630597404.808310 33.481641 3.959860 1.182451 -0.074654 0.997183 0.004134 0.005972
1630597405.058308 31.872538 3.745092 1.164620 -0.072541 0.997338 0.006981 0.002448
1630597405.308302 30.213529 3.552811 1.130802 -0.070157 0.997500 0.003858 0.007497
1630597405.558296 28.530798 3.359920 1.110584 -0.069274 0.997473 0.001564 0.015720
1630597405.808290 26.890073 3.182814 1.046831 -0.069745 0.997544 -0.003625 0.005354
1630597406.058288 25.183263 2.970129 1.022750 -0.072993 0.997261 -0.003497 0.011403
1630597406.308323 23.491340 2.741429 0.979570 -0.076987 0.996974 -0.003114 0.010324
1630597406.558277 21.788814 2.506668 0.932436 -0.079737 0.996761 -0.004046 0.009648
1630597406.808901 20.059041 2.257891 0.892742 -0.080615 0.996652 -0.003495 0.013170
1630597407.058906 18.333707 2.017401 0.840228 -0.080855 0.996611 -0.004980 0.014284
1630597407.308264 16.611971 1.768469 0.785896 -0.080928 0.996601 -0.004546 0.014730
1630597407.557633 14.880758 1.508564 0.725885 -0.081261 0.996479 -0.001610 0.020594
1630597407.807004 13.249641 1.276195 0.666899 -0.081112 0.996650 -0.003364 0.009868
1630597408.056999 11.620449 1.031462 0.633118 -0.080663 0.996606 -0.000128 0.016405
1630597408.306995 10.082401 0.804651 0.593799 -0.080956 0.996619 0.001212 0.013974
1630597408.556989 8.587803 0.586218 0.543417 -0.080438 0.996731 0.001420 0.007410
1630597408.807172 7.078929 0.347910 0.520512 -0.080650 0.996665 0.006786 0.010418
1630597409.056977 5.626160 0.139728 0.492259 -0.080910 0.996693 0.006213 0.004341
1630597409.307597 4.177581 -0.081653 0.468781 -0.080486 0.996709 0.009174 0.002919
1630597409.557596 2.735416 -0.302329 0.461040 -0.080606 0.996650 0.012071 0.006792
1630597409.807600 1.336768 -0.518514 0.437742 -0.081326 0.996561 0.015319 0.004284
1630597410.057585 -0.048828 -0.730028 0.419778 -0.081816 0.996499 0.016870 0.003460
1630597410.307582 -1.429817 -0.939537 0.401199 -0.081661 0.996475 0.018224 0.006139
1630597410.558198 -2.804677 -1.146466 0.379387 -0.082578 0.996345 0.019347 0.010158
1630597410.808192 -4.150455 -1.350121 0.347554 -0.083153 0.996286 0.020077 0.009871
1630597411.058815 -5.494217 -1.547235 0.312823 -0.083872 0.996272 0.018377 0.008395
1630597411.308187 -6.853156 -1.754385 0.277265 -0.085126 0.996154 0.018687 0.009004
1630597411.558183 -8.246218 -1.959001 0.245714 -0.086667 0.996085 0.015505 0.007992
1630597411.808179 -9.710014 -2.212216 0.192582 -0.089141 0.995689 0.020863 0.014908
1630597412.058174 -11.201635 -2.471297 0.153603 -0.091524 0.995385 0.023750 0.016397
1630597412.308178 -12.685624 -2.738685 0.084654 -0.093250 0.995303 0.025878 0.002616
1630597412.558164 -14.275978 -3.018661 0.052330 -0.095082 0.995071 0.026820 0.008614
1630597412.808785 -15.888208 -3.291923 0.018249 -0.094915 0.995104 0.025259 0.010978
1630597413.058777 -17.498019 -3.561076 -0.036147 -0.094295 0.995274 0.022744 0.004680
1630597413.308776 -19.167759 -3.836654 -0.066124 -0.094249 0.995318 0.020616 0.005833
1630597413.558773 -20.873586 -4.125067 -0.105613 -0.095079 0.995262 0.018763 0.007805
1630597413.808767 -22.610334 -4.411778 -0.147131 -0.096273 0.995215 0.014682 0.007942
1630597414.058138 -24.382985 -4.709723 -0.191371 -0.098639 0.995025 0.010557 0.009176
1630597414.307545 -26.173138 -5.020522 -0.235312 -0.101872 0.994768 0.005025 0.005695
1630597414.557500 -28.007999 -5.375776 -0.272419 -0.105106 0.994426 0.006175 0.005581
1630597414.806875 -29.865555 -5.758385 -0.305008 -0.108491 0.994041 0.009297 0.005127
1630597415.056871 -31.732979 -6.166771 -0.336025 -0.111696 0.993647 0.013803 0.000175
1630597415.307491 -33.638702 -6.591025 -0.354913 -0.114195 0.993289 0.018294 0.001612
1630597415.558110 -35.554457 -7.025080 -0.379210 -0.115789 0.993005 0.022625 0.004679
1630597415.808107 -37.434373 -7.439434 -0.405914 -0.115408 0.993047 0.023020 -0.002891
1630597416.058101 -39.343413 -7.863198 -0.414810 -0.116054 0.992923 0.025215 -0.000594
1630597416.308723 -41.266258 -8.288210 -0.432228 -0.116250 0.992843 0.026608 0.006389
1630597416.558719 -43.133715 -8.685742 -0.466419 -0.117854 0.992776 0.022506 0.000260
1630597416.808713 -45.012182 -9.089431 -0.482320 -0.120568 0.992531 0.018531 0.001574
1630597417.058084 -46.858401 -9.514254 -0.494456 -0.123825 0.992159 0.016981 0.000642
1630597417.306830 -48.655291 -9.939121 -0.507246 -0.127066 0.991749 0.015659 -0.006475
1630597417.556825 -50.462511 -10.371371 -0.494083 -0.129611 0.991471 0.013143 -0.003733
1630597417.806812 -52.224202 -10.809607 -0.489808 -0.131583 0.991213 0.013249 -0.002541
1630597418.057526 -53.944983 -11.223628 -0.490716 -0.131740 0.991240 0.009290 -0.001212
1630597418.307447 -55.580744 -11.648308 -0.490022 -0.129655 0.991458 0.013739 -0.003538
1630597418.557434 -57.162713 -12.025560 -0.483432 -0.124598 0.992106 0.013988 -0.002287
1630597418.807430 -58.661269 -12.364738 -0.479093 -0.115270 0.993206 0.015458 -0.003865
1630597419.058045 -60.092136 -12.644301 -0.472902 -0.101635 0.994681 0.016196 -0.004196
1630597419.308046 -61.440541 -12.852205 -0.461308 -0.083643 0.996364 0.015853 -0.003216
1630597419.558043 -62.705840 -12.990331 -0.454560 -0.061149 0.998005 0.015680 -0.001354
1630597419.808038 -63.900909 -13.050226 -0.448437 -0.034054 0.999312 0.014685 -0.000288
1630597420.058131 -65.046322 -13.074999 -0.447495 -0.003717 0.999727 0.023054 0.000526
1630597420.308039 -66.153882 -12.975520 -0.445932 0.030426 0.999327 0.020489 0.000257
1630597420.558026 -67.251686 -12.844538 -0.452337 0.070598 0.997052 0.029806 0.003968
1630597420.808021 -68.311640 -12.571449 -0.450061 0.120003 0.992271 0.029762 0.010576
1630597421.058081 -69.312483 -12.200762 -0.458527 0.175573 0.983770 0.033794 0.015096
1630597421.308013 -70.240080 -11.718285 -0.471043 0.231881 0.971921 0.036044 0.017374
1630597421.558009 -71.085663 -11.116217 -0.485069 0.290416 0.956098 0.034129 0.019274
1630597421.807375 -71.864574 -10.434455 -0.497213 0.347464 0.936730 0.036282 0.022121
1630597422.056809 -72.574451 -9.647618 -0.510250 0.403282 0.913878 0.038244 0.026986
1630597422.307410 -73.177020 -8.752757 -0.523417 0.455868 0.888960 0.037070 0.023695
1630597422.557368 -73.718705 -7.772735 -0.536707 0.503283 0.862903 0.039810 0.022797
1630597422.807360 -74.168596 -6.696411 -0.536526 0.542779 0.838769 0.038212 0.019929
1630597423.056795 -74.542665 -5.544997 -0.527243 0.569802 0.820983 0.033237 0.014379
1630597423.307352 -74.917070 -4.332509 -0.520965 0.587343 0.808545 0.033099 0.013684
1630597423.556724 -75.252513 -3.044185 -0.508403 0.596816 0.801836 0.026640 0.012664
1630597423.806721 -75.616427 -1.703698 -0.501611 0.600765 0.798856 0.026605 0.014215
1630597424.057397 -75.988287 -0.306034 -0.503695 0.603315 0.796876 0.028375 0.013968
1630597424.307338 -76.365508 1.160757 -0.499780 0.606519 0.794418 0.028419 0.015064
1630597424.557960 -76.732515 2.682332 -0.493505 0.609764 0.791967 0.029512 0.010268
1630597424.807960 -77.098311 4.270041 -0.478324 0.613451 0.789191 0.028089 0.008136
1630597425.058015 -77.461783 5.903399 -0.452926 0.617228 0.786382 0.022132 0.011976
1630597425.307946 -77.814297 7.523478 -0.444781 0.620591 0.783735 0.021954 0.012037
1630597425.557943 -78.151067 9.143366 -0.434130 0.623182 0.781669 0.023867 0.008255
1630597425.807939 -78.485295 10.782291 -0.420034 0.626238 0.779195 0.024865 0.007873
1630597426.057966 -78.803237 12.444396 -0.392212 0.628884 0.777164 0.020121 0.010775
1630597426.307931 -79.113434 14.073286 -0.382111 0.632400 0.774241 0.023223 0.009032
1630597426.558551 -79.403367 15.716143 -0.365193 0.637165 0.770310 0.023166 0.010289
1630597426.808550 -79.658204 17.342559 -0.342073 0.644586 0.764122 0.023404 0.008885
1630597427.058598 -79.890743 18.985701 -0.331424 0.654182 0.755841 0.022686 0.015378
1630597427.307913 -80.049670 20.635454 -0.317930 0.664535 0.746877 0.013890 0.019364
1630597427.557284 -80.161275 22.276636 -0.343696 0.674303 0.738093 0.006581 0.022144
1630597427.806653 -80.203957 23.876758 -0.370077 0.681986 0.731275 0.002038 0.011290
1630597428.056030 -80.258762 25.478868 -0.409330 0.684690 0.728804 0.003266 0.005836
1630597428.306035 -80.335181 27.146029 -0.421253 0.682998 0.730290 -0.002230 0.013616
1630597428.556645 -80.435131 28.810208 -0.468118 0.677935 0.734998 -0.002248 0.013307
1630597428.806645 -80.551874 30.471626 -0.505279 0.672414 0.740145 0.003237 0.005854
1630597429.057267 -80.706863 32.132267 -0.521483 0.665157 0.746404 0.018945 -0.009383
1630597429.307256 -80.902290 33.920250 -0.466814 0.658031 0.752880 0.012601 -0.002610
1630597429.557258 -81.154473 35.708711 -0.441340 0.650977 0.758930 0.015902 0.000935
1630597429.807885 -81.422305 37.537152 -0.426048 0.645095 0.763965 0.014322 0.002226
1630597430.057876 -81.719981 39.370697 -0.405689 0.640477 0.767829 0.014926 0.002211
1630597430.308500 -82.028420 41.206922 -0.386126 0.637510 0.770262 0.016613 -0.000991
1630597430.558489 -82.348034 43.045632 -0.350844 0.635298 0.772083 0.016753 -0.001883
1630597430.808487 -82.672824 44.888240 -0.317266 0.633783 0.773396 0.013261 -0.001188
1630597431.057234 -83.024849 46.696537 -0.286794 0.632938 0.774021 0.016265 0.004133
1630597431.306601 -83.364826 48.458783 -0.265398 0.633446 0.773397 0.024551 0.000153
1630597431.555971 -83.699140 50.263167 -0.210723 0.634825 0.772374 0.018271 0.010056
1630597431.805981 -84.002904 52.000483 -0.197662 0.635180 0.772081 0.020220 0.005290
1630597432.056039 -84.303567 53.732705 -0.173609 0.634101 0.773026 0.018244 0.003735
1630597432.306587 -84.607687 55.437839 -0.142661 0.632766 0.774135 0.017916 0.001321
1630597432.556582 -84.923125 57.118635 -0.114315 0.630619 0.775910 0.016706 0.002188
1630597432.807205 -85.237707 58.775536 -0.086493 0.627913 0.778161 0.013671 0.002130
1630597433.057206 -85.582807 60.387920 -0.066167 0.622024 0.782860 0.013831 0.005003
1630597433.306576 -85.941640 61.944763 -0.053259 0.610087 0.792218 0.013261 0.002938
1630597433.556571 -86.374220 63.454480 -0.039781 0.592249 0.805621 0.014161 0.003967
1630597433.806569 -86.874323 64.903605 -0.020740 0.568871 0.822297 0.013810 0.004730
1630597434.056618 -87.422399 66.282020 -0.010829 0.540779 0.841098 0.010478 -0.001139
1630597434.306558 -88.063842 67.588338 0.004960 0.507771 0.861443 0.006906 -0.006082
1630597434.557181 -88.833689 68.823869 0.026642 0.469764 0.882781 0.003988 -0.001908
1630597434.807180 -89.675028 69.953280 0.035307 0.426938 0.904266 0.001501 -0.004962
1630597435.057848 -90.657939 70.963599 0.037199 0.380264 0.924860 0.005582 0.001334
1630597435.307803 -91.671512 71.864204 0.049113 0.331277 0.943523 -0.000129 -0.004561
1630597435.558424 -92.779363 72.626204 0.047036 0.281701 0.959486 0.001392 -0.005473
1630597435.808414 -93.945148 73.275170 0.071977 0.231143 0.972912 -0.003822 -0.000101
1630597436.058458 -95.119391 73.760495 0.060847 0.182490 0.983200 -0.001375 -0.003608
1630597436.307797 -96.358423 74.092198 0.060357 0.132450 0.991166 0.006650 0.001857
1630597436.557158 -97.624737 74.353981 0.061538 0.084421 0.996400 0.005036 0.005892
1630597436.807158 -98.918048 74.490515 0.038446 0.041487 0.999110 0.005825 0.004905
1630597437.057198 -100.231748 74.491126 0.020087 0.006899 0.999840 0.016526 0.000306
1630597437.307149 -101.570544 74.548633 0.009074 -0.020135 0.999785 -0.001808 -0.004555
1630597437.557147 -102.947165 74.395457 0.011407 -0.037549 0.999150 0.016716 -0.003112
1630597437.807145 -104.338166 74.343755 0.016109 -0.047823 0.998837 0.004675 -0.003904
1630597438.057769 -105.755073 74.214686 0.014786 -0.049152 0.998749 0.008252 -0.004091
1630597438.307809 -107.207789 74.079135 0.023177 -0.044096 0.998926 0.014213 0.000101
1630597438.558391 -108.647343 74.032015 0.022301 -0.029985 0.999438 0.009928 -0.011186
1630597438.807761 -110.159112 73.975327 0.033170 -0.015506 0.999677 0.017507 -0.009944
1630597439.058386 -111.710157 74.001658 0.070131 0.003521 0.999802 0.017380 -0.009011
1630597439.308381 -113.274488 74.084169 0.074186 0.025382 0.999414 0.019692 -0.011802
1630597439.557754 -114.893740 74.237664 0.111168 0.052651 0.998289 0.025277 -0.002999
1630597439.807753 -116.463093 74.536265 0.127595 0.085321 0.996118 0.019581 -0.009252
1630597440.057125 -118.031901 74.938885 0.151721 0.118118 0.992801 0.016340 -0.011288
1630597440.306493 -119.617586 75.454035 0.188309 0.150978 0.988459 0.011548 -0.004539
1630597440.556495 -121.169441 76.048064 0.200887 0.178032 0.983924 0.011766 -0.007769
1630597440.806490 -122.731323 76.740513 0.218887 0.198094 0.980088 0.009570 -0.009749
1630597441.056490 -124.334489 77.490068 0.244001 0.211202 0.977368 0.009357 -0.007644
1630597441.306488 -125.959577 78.292567 0.265561 0.219576 0.975514 0.009456 -0.008300
1630597441.556484 -127.630928 79.135112 0.282939 0.224780 0.974324 0.010793 -0.007046
1630597441.807106 -129.348246 80.019575 0.302708 0.229269 0.973275 0.011748 -0.005782
1630597442.057098 -131.096837 80.933988 0.316004 0.233777 0.972147 0.015762 -0.005509
1630597442.307098 -132.887551 81.894511 0.333763 0.238136 0.971063 0.017660 -0.003961
1630597442.557097 -134.706736 82.897815 0.348957 0.242839 0.969897 0.017997 -0.002339
1630597442.807720 -136.535186 83.943542 0.364681 0.249345 0.968257 0.017225 -0.003131
1630597443.057093 -138.365266 85.029246 0.380688 0.254781 0.966873 0.015147 -0.003756
1630597443.307086 -140.236882 86.144141 0.394123 0.258421 0.965911 0.015288 0.000112
1630597443.557708 -142.122042 87.290373 0.397551 0.261731 0.965027 0.014721 0.001537
1630597443.807081 -143.995809 88.456399 0.396957 0.263626 0.964535 0.013008 -0.002048
1630597444.057708 -145.917725 89.644975 0.405610 0.264195 0.964393 0.012088 0.000637
1630597444.307711 -147.847980 90.830746 0.403038 0.264619 0.964251 0.013996 0.001287
1630597444.557700 -149.794106 92.035764 0.401034 0.265032 0.964141 0.013262 0.003714
1630597444.807697 -151.728381 93.243520 0.401033 0.265900 0.963903 0.013696 -0.000410
1630597445.057696 -153.677648 94.454939 0.408181 0.266054 0.963851 0.014361 0.000160
1630597445.308317 -155.615083 95.667485 0.419078 0.266976 0.963598 0.014141 -0.001748
1630597445.558318 -157.547156 96.894030 0.433072 0.267560 0.963475 0.011177 -0.001636
1630597445.808309 -159.484810 98.129271 0.441116 0.268522 0.963245 0.007433 -0.000193
1630597446.057685 -161.407473 99.352131 0.444219 0.269118 0.963079 0.006682 -0.002984
1630597446.307094 -163.342719 100.583566 0.453426 0.269408 0.963008 0.005520 -0.002122
1630597446.557055 -165.286749 101.819652 0.460211 0.270308 0.962762 0.004830 -0.000475
1630597446.806430 -167.213668 103.057662 0.456756 0.270984 0.962572 0.003791 -0.002984
1630597447.056434 -169.151401 104.316897 0.462544 0.272139 0.962253 0.000014 -0.003150
1630597447.306420 -171.083948 105.584978 0.466160 0.273387 0.961882 -0.004205 -0.005020
1630597447.556420 -173.036056 106.844555 0.468946 0.274479 0.961583 -0.002467 -0.003689
1630597447.806417 -174.993195 108.090262 0.472809 0.277403 0.960743 0.003990 -0.002130
1630597448.057038 -176.939762 109.367593 0.479263 0.283330 0.958981 0.008550 -0.002520
1630597448.307040 -178.858078 110.692257 0.491996 0.290774 0.956758 0.007727 -0.002199
1630597448.557037 -180.748955 112.049045 0.501748 0.299256 0.954141 0.006702 -0.003900
1630597448.807030 -182.616278 113.448059 0.518001 0.310013 0.950708 0.005277 -0.004293
1630597449.057034 -184.453198 114.899840 0.531434 0.321675 0.946843 0.002345 -0.002917
1630597449.307650 -186.244639 116.401968 0.537529 0.334879 0.942247 -0.000652 -0.005168
1630597449.557647 -187.992004 117.960955 0.544614 0.348672 0.937222 -0.004497 -0.004835
1630597449.807647 -189.698796 119.554502 0.548888 0.362972 0.931777 -0.003244 -0.005676
1630597450.057647 -191.360585 121.199600 0.556201 0.378510 0.925577 -0.001328 -0.006032
1630597450.307643 -192.954400 122.909737 0.568799 0.396453 0.918029 -0.000611 -0.006925
1630597450.557012 -194.482160 124.681680 0.586213 0.415821 0.909427 -0.000765 -0.005976
1630597450.807009 -195.940686 126.516884 0.596443 0.436196 0.899845 0.001306 -0.003279
1630597451.057635 -197.297315 128.420860 0.603513 0.457105 0.889395 0.001881 -0.005340
1630597451.307636 -198.560497 130.392618 0.616278 0.476900 0.878944 -0.000648 -0.004920
1630597451.557632 -199.738959 132.409350 0.624077 0.494499 0.869158 -0.001880 -0.005601
1630597451.807630 -200.835132 134.463482 0.631552 0.511190 0.859433 -0.001757 -0.007531
1630597452.057672 -201.860768 136.563853 0.644266 0.526176 0.850348 -0.002673 -0.006347
1630597452.307631 -202.814800 138.667693 0.656192 0.539476 0.841942 0.002061 -0.009780
1630597452.557624 -203.711574 140.823554 0.686043 0.550577 0.834751 0.000207 -0.007454
1630597452.807621 -204.554737 142.981539 0.704917 0.558652 0.829352 0.001646 -0.009006
1630597453.057093 -205.362794 145.156239 0.729626 0.564414 0.825452 0.000660 -0.008088
1630597453.307612 -206.141438 147.336142 0.752426 0.567996 0.822963 0.001011 -0.010565
1630597453.557610 -206.906835 149.521012 0.782199 0.570669 0.821120 0.000093 -0.009931
1630597453.807611 -207.654382 151.713415 0.809123 0.572778 0.819646 -0.003769 -0.009512
1630597454.057657 -208.384949 153.884619 0.823983 0.573959 0.818775 -0.003728 -0.012853
1630597454.308275 -209.122417 156.070457 0.849447 0.574199 0.818622 -0.006877 -0.010307
1630597454.558230 -209.854517 158.217262 0.862842 0.573939 0.818812 -0.004952 -0.010796
1630597454.807601 -210.577563 160.347709 0.880615 0.571344 0.820600 -0.007146 -0.011409
1630597455.057023 -211.324207 162.448472 0.896081 0.565552 0.824600 -0.008516 -0.010659
1630597455.306975 -212.102319 164.503876 0.908567 0.559228 0.828921 -0.005780 -0.010934
1630597455.556345 -212.906236 166.520378 0.927947 0.550814 0.834554 -0.004828 -0.009992
1630597455.805719 -213.764168 168.499787 0.942631 0.538180 0.842805 -0.004730 -0.004423
1630597456.056390 -214.654021 170.409562 0.949394 0.521897 0.852934 -0.002719 -0.010906
1630597456.306338 -215.643066 172.281998 0.972965 0.500504 0.865701 -0.005413 -0.005242
1630597456.556336 -216.723489 174.064853 0.974617 0.475418 0.879747 -0.004570 -0.001598
1630597456.806333 -217.875614 175.755457 0.969632 0.446724 0.894639 -0.005535 -0.005337
1630597457.056390 -219.150392 177.350608 0.970098 0.412989 0.910709 -0.006416 -0.002918
1630597457.306955 -220.548365 178.815761 0.966614 0.376012 0.926609 -0.003326 0.000849
1630597457.556957 -222.036875 180.140899 0.952485 0.336528 0.941673 -0.000897 0.000800
1630597457.806950 -223.625451 181.327452 0.944361 0.296623 0.954989 0.001707 0.002680
1630597458.056977 -225.283710 182.390732 0.928825 0.254925 0.966953 -0.002555 0.002942
1630597458.307569 -227.027484 183.298170 0.908096 0.213320 0.976966 -0.004642 0.003385
1630597458.558194 -228.841233 184.052107 0.882769 0.173188 0.984869 -0.005578 0.002810
1630597458.808193 -230.711526 184.644718 0.860834 0.135629 0.990758 -0.000255 0.001765
1630597459.058237 -232.626079 185.126545 0.843389 0.101989 0.994779 -0.002854 -0.002108
1630597459.307565 -234.596785 185.499015 0.836046 0.071464 0.997427 -0.004746 -0.003271
1630597459.557562 -236.632432 185.755478 0.830523 0.044540 0.998995 -0.004743 -0.001389
1630597459.806935 -238.705107 185.911129 0.818770 0.024185 0.999704 -0.002407 -0.001352
1630597460.056957 -240.826674 186.003894 0.806783 0.011029 0.999937 0.000500 -0.001810
1630597460.306933 -242.989739 186.060167 0.797300 0.003699 0.999985 0.002698 -0.002968
1630597460.556924 -245.215200 186.102949 0.786294 0.001154 0.999991 0.003965 0.000394
1630597460.807547 -247.469809 186.147943 0.767736 0.002952 0.999975 0.006352 -0.001333
1630597461.057583 -249.770237 186.221067 0.755340 0.004515 0.999982 0.003623 -0.001837
1630597461.307543 -252.135186 186.289681 0.740650 0.005652 0.999967 0.003705 0.004570
1630597461.558166 -254.506267 186.356963 0.707431 0.006515 0.999962 0.005808 0.000605
1630597461.808165 -256.909178 186.437599 0.690225 0.007778 0.999948 0.005828 0.003006
1630597462.058161 -259.310325 186.542788 0.663009 0.010310 0.999936 0.003125 0.003339
1630597462.306953 -261.690289 186.651090 0.642650 0.012697 0.999918 0.001365 0.000747
1630597462.556909 -264.095303 186.764624 0.629059 0.014842 0.999884 0.001048 0.003219
1630597462.806282 -266.476588 186.891191 0.605725 0.016185 0.999865 -0.000189 0.002752
1630597463.056304 -268.847700 186.995961 0.588195 0.016130 0.999857 0.004335 0.002733
1630597463.306280 -271.189696 187.125721 0.579957 0.017392 0.999847 0.001705 -0.000573
1630597463.556904 -273.524737 187.262106 0.573401 0.016394 0.999862 -0.000639 0.002779
1630597463.806900 -275.800434 187.388153 0.561412 0.016462 0.999863 -0.001706 -0.000265
1630597464.056902 -278.042004 187.515961 0.559473 0.016191 0.999859 -0.004375 0.000784
1630597464.307516 -280.243002 187.638718 0.551725 0.016243 0.999851 -0.005188 0.002837
1630597464.557521 -282.373412 187.759306 0.538060 0.016320 0.999842 -0.007007 0.001220
1630597464.808141 -284.455695 187.865976 0.531025 0.018660 0.999810 -0.004700 0.003230
1630597465.058766 -286.446725 187.999314 0.518387 0.028015 0.999600 -0.003805 0.000164
1630597465.308136 -288.385463 188.195787 0.507709 0.041645 0.999071 -0.007291 0.008388
1630597465.558139 -290.202230 188.417254 0.483996 0.058384 0.998272 -0.004787 0.004677
1630597465.807511 -291.928172 188.721615 0.463565 0.074578 0.997152 -0.010182 0.004816
1630597466.057511 -293.565347 189.035905 0.451353 0.087071 0.996150 -0.009129 0.004582
1630597466.306254 -295.086058 189.381308 0.430837 0.094609 0.995382 -0.016127 -0.002082
1630597466.555631 -296.540134 189.685611 0.438188 0.097465 0.995178 -0.010197 -0.004075
1630597466.806255 -297.945768 189.992466 0.437768 0.097600 0.995163 -0.011154 0.000599
1630597467.056877 -299.262757 190.276853 0.443667 0.098672 0.995049 -0.009638 0.006907
1630597467.306871 -300.448657 190.544703 0.421786 0.099047 0.995018 -0.010365 0.004602
1630597467.556872 -301.533173 190.800344 0.414526 0.100284 0.994862 -0.013613 0.002699
1630597467.808121 -302.532577 190.990100 0.410054 0.100421 0.994929 -0.005261 0.001938
1630597468.058120 -303.425046 191.228720 0.397079 0.099870 0.994908 -0.013448 0.001972
1630597468.308752 -304.246985 191.439878 0.390271 0.099574 0.994805 -0.020311 0.005923
1630597468.558116 -305.012248 191.558172 0.378960 0.100615 0.994727 -0.010918 0.016575
1630597468.807489 -305.631723 191.762317 0.369119 0.100121 0.994586 -0.024457 0.013299
1630597469.057487 -306.186190 191.896821 0.357958 0.100495 0.994492 -0.026504 0.013563
1630597469.306859 -306.645803 191.971962 0.346673 0.100487 0.994710 -0.019524 0.008574
1630597469.556231 -307.045655 192.076005 0.320883 0.102405 0.994517 -0.021100 -0.001801
1630597469.806855 -307.465194 192.148318 0.321754 0.103486 0.994514 -0.015274 -0.000358
1630597470.056873 -307.841424 192.259357 0.312939 0.105240 0.994259 -0.019220 -0.002033
1630597470.307515 -308.186513 192.340479 0.305388 0.106930 0.994100 -0.017599 -0.004665
1630597470.557473 -308.499759 192.402360 0.301252 0.109977 0.993824 -0.014180 -0.004245
1630597470.807472 -308.762979 192.464473 0.304810 0.110784 0.993756 -0.012936 -0.003047
1630597471.057473 -308.972953 192.526647 0.305945 0.112311 0.993562 -0.014149 -0.004477
1630597471.308092 -309.157774 192.569779 0.308286 0.114156 0.993361 -0.013012 -0.005729
1630597471.558089 -309.337289 192.614376 0.310945 0.115131 0.993256 -0.012148 -0.006241
1630597471.808090 -309.501389 192.656198 0.314393 0.116038 0.993150 -0.011493 -0.007511
1630597472.058090 -309.658327 192.688337 0.315374 0.117443 0.993002 -0.009397 -0.008093
1630597472.307461 -309.806071 192.719740 0.315420 0.118482 0.992889 -0.007480 -0.008810
1630597472.556833 -309.946451 192.753488 0.314769 0.119272 0.992798 -0.006434 -0.009207
1630597472.806831 -310.077747 192.781908 0.314935 0.119918 0.992730 -0.004835 -0.009147
1630597473.056211 -310.187002 192.813081 0.315052 0.120913 0.992603 -0.005041 -0.009672
1630597473.306203 -310.278783 192.839263 0.314754 0.121415 0.992538 -0.005195 -0.009957
1630597473.556828 -310.359383 192.861391 0.315117 0.122175 0.992441 -0.005245 -0.010274
1630597473.806823 -310.431962 192.879399 0.316087 0.122968 0.992345 -0.004948 -0.010315
1630597474.056827 -310.494170 192.894549 0.316682 0.123351 0.992298 -0.004565 -0.010379
1630597474.307451 -310.546403 192.907640 0.317069 0.123707 0.992254 -0.004290 -0.010507
1630597474.557447 -310.593632 192.918851 0.317214 0.124164 0.992196 -0.003926 -0.010680
1630597474.808071 -310.640275 192.930406 0.317476 0.124573 0.992145 -0.003651 -0.010758
1630597475.058071 -310.687845 192.941820 0.317416 0.124951 0.992097 -0.003269 -0.010936
1630597475.308067 -310.738343 192.953222 0.317754 0.125446 0.992036 -0.002770 -0.010985
1630597475.557440 -310.790407 192.965629 0.317897 0.125921 0.991976 -0.002304 -0.011096
1630597475.806815 -310.841294 192.978094 0.318231 0.126349 0.991920 -0.001909 -0.011257
1630597476.056188 -310.888951 192.989386 0.317981 0.126937 0.991844 -0.001467 -0.011376
1630597476.306196 -310.935667 193.000100 0.317956 0.127453 0.991776 -0.000956 -0.011592
1630597476.555558 -310.986175 193.010322 0.317615 0.127950 0.991715 -0.000119 -0.011447
1630597476.805559 -311.035112 193.019624 0.317960 0.128340 0.991667 0.000849 -0.011127
1630597477.055556 -311.074329 193.027335 0.317845 0.128619 0.991633 0.001568 -0.010891
1630597477.305548 -311.101452 193.033115 0.317897 0.128720 0.991622 0.002000 -0.010653
1630597477.556174 -311.116255 193.036347 0.317917 0.128871 0.991603 0.002162 -0.010575
1630597477.806172 -311.120640 193.036740 0.317891 0.128935 0.991594 0.002262 -0.010549
1630597478.056176 -311.119397 193.036468 0.318090 0.128910 0.991597 0.002175 -0.010641
1630597478.306843 -311.119155 193.036034 0.318158 0.128888 0.991600 0.002158 -0.010651
1630597478.556793 -311.118998 193.035635 0.318299 0.128876 0.991602 0.002143 -0.010575
1630597478.806790 -311.118533 193.035018 0.318368 0.128885 0.991600 0.002174 -0.010621
1630597479.056794 -311.122679 193.036110 0.318040 0.128969 0.991587 0.002148 -0.010818
1630597479.306793 -311.138310 193.039573 0.318158 0.129096 0.991572 0.002335 -0.010688
1630597479.557413 -311.161995 193.044258 0.318446 0.129251 0.991552 0.002770 -0.010531
1630597479.807413 -311.190981 193.049745 0.318780 0.129536 0.991515 0.003381 -0.010385
1630597480.057413 -311.223094 193.056048 0.319357 0.129759 0.991488 0.004008 -0.009927
1630597480.307410 -311.247266 193.062392 0.320617 0.129962 0.991469 0.004080 -0.009116
1630597480.557410 -311.248786 193.062978 0.320762 0.129978 0.991467 0.004021 -0.009104
1630597480.808030 -311.248559 193.062961 0.320757 0.129944 0.991469 0.004012 -0.009348
1630597481.058031 -311.248624 193.062847 0.320757 0.129942 0.991469 0.004133 -0.009294
1630597481.308031 -311.248605 193.062904 0.320757 0.129935 0.991470 0.004074 -0.009307
1630597481.558026 -311.248614 193.062870 0.320757 0.129936 0.991470 0.004109 -0.009302
1630597481.807395 -311.248625 193.062885 0.320757 0.129930 0.991471 0.004095 -0.009289
1630597482.056790 -311.248642 193.062874 0.320757 0.129924 0.991472 0.004109 -0.009273
1630597482.306150 -311.248813 193.062565 0.320677 0.129939 0.991469 0.004147 -0.009361
1630597482.555527 -311.252772 193.063653 0.320293 0.129953 0.991466 0.004175 -0.009446
1630597482.805520 -311.262194 193.065591 0.320401 0.130040 0.991454 0.004328 -0.009467
1630597483.056146 -311.291946 193.072151 0.315759 0.130423 0.991368 0.005333 -0.012292
1630597483.306140 -311.434376 193.106794 0.314461 0.131431 0.991211 0.007479 -0.013047
1630597483.556140 -311.709037 193.191867 0.320550 0.134205 0.990900 0.007089 -0.007526
1630597483.806137 -312.048326 193.351857 0.331009 0.141754 0.989869 -0.003447 -0.007327
1630597484.056762 -312.478842 193.457693 0.344368 0.152700 0.988222 0.007064 -0.007099
1630597484.306767 -312.995420 193.618942 0.346132 0.173824 0.984622 0.017442 -0.001168
1630597484.557381 -313.537378 193.940088 0.346635 0.207923 0.978119 0.007085 0.000961
1630597484.808012 -314.185072 194.232113 0.326985 0.250185 0.967785 0.027250 0.007501
1630597485.058008 -314.867971 194.685877 0.335979 0.295728 0.954430 0.033279 0.022391
1630597485.307389 -315.434819 195.299487 0.332273 0.352819 0.935261 0.023995 0.015149
1630597485.557379 -315.964118 196.044281 0.309043 0.411787 0.911185 0.009331 0.009266
1630597485.806748 -316.502254 196.793026 0.291410 0.470980 0.881769 0.024768 0.006898
1630597486.056127 -316.915818 197.713277 0.320949 0.522751 0.852290 0.017555 0.005079
1630597486.306161 -317.213237 198.717653 0.316915 0.572016 0.820141 0.011908 -0.004962
1630597486.555498 -317.422236 199.814372 0.312451 0.614062 0.789130 0.006484 -0.012642
1630597486.805492 -317.585377 201.020218 0.338773 0.648137 0.761428 0.002333 -0.011821
1630597487.055493 -317.691946 202.319787 0.349692 0.669304 0.742823 0.003293 -0.015344
1630597487.306114 -317.760534 203.745722 0.359061 0.681163 0.731892 0.004091 -0.018311
1630597487.556114 -317.821150 205.299750 0.386550 0.690879 0.722815 0.005517 -0.013917
1630597487.806740 -317.822117 206.962059 0.407107 0.698855 0.715067 0.004514 -0.016144
1630597488.056742 -317.804310 208.741030 0.429772 0.703531 0.710462 0.004010 -0.016510
1630597488.306736 -317.772910 210.635676 0.456690 0.705524 0.708490 0.003650 -0.016225
1630597488.557360 -317.733759 212.644190 0.481596 0.705277 0.708704 0.003524 -0.017606
1630597488.807359 -317.707562 214.763149 0.513381 0.704999 0.709020 0.004013 -0.015820
1630597489.057360 -317.676540 216.978428 0.543868 0.703246 0.710748 0.003205 -0.016510
1630597489.307357 -317.667438 219.279217 0.578356 0.700117 0.713851 0.002451 -0.015681
1630597489.557983 -317.684395 221.648986 0.612453 0.696084 0.717818 0.001589 -0.014211
1630597489.807982 -317.727674 224.060589 0.642156 0.691883 0.721852 0.001733 -0.014986
1630597490.057980 -317.802911 226.532030 0.675021 0.687856 0.725702 0.002711 -0.014231
1630597490.307973 -317.906642 229.060425 0.708997 0.684868 0.728500 0.004899 -0.014830
1630597490.557344 -318.027011 231.666841 0.750049 0.683837 0.729523 0.003670 -0.012252
1630597490.806721 -318.141765 234.327500 0.783896 0.684292 0.729031 0.005576 -0.015092
1630597491.056100 -318.254782 237.077564 0.830488 0.684843 0.728547 0.003967 -0.013913
1630597491.306092 -318.361382 239.901370 0.870572 0.685688 0.727734 0.003438 -0.014950
1630597491.556089 -318.461800 242.798640 0.911669 0.686205 0.727220 0.002164 -0.016379
1630597491.806090 -318.572180 245.769937 0.954984 0.686664 0.726795 0.002785 -0.015926
1630597492.056092 -318.688594 248.811580 1.000899 0.687295 0.726227 0.005676 -0.013658
1630597492.306720 -318.787220 251.930675 1.050368 0.688692 0.724898 0.003795 -0.014571
1630597492.556712 -318.877953 255.100376 1.099271 0.690716 0.723002 0.003782 -0.012836
1630597492.806711 -318.951160 258.318503 1.140863 0.692580 0.721233 0.003056 -0.012120
1630597493.057338 -319.016404 261.589348 1.180046 0.694460 0.719431 0.005021 -0.010911
1630597493.307337 -319.062178 264.909416 1.218011 0.696580 0.717421 0.004089 -0.008214
1630597493.557335 -319.080003 268.256843 1.248570 0.699043 0.715028 0.003355 -0.007948
1630597493.807334 -319.072836 271.618149 1.282272 0.701665 0.712444 0.003183 -0.008955
1630597494.057335 -319.036298 274.993640 1.321485 0.704159 0.709951 0.002908 -0.011048
1630597494.306744 -318.979755 278.392123 1.363540 0.705938 0.708183 0.002035 -0.011124
1630597494.556704 -318.913751 281.813226 1.404285 0.707143 0.706972 0.002513 -0.011546
1630597494.807328 -318.840767 285.246642 1.452921 0.707950 0.706162 0.003630 -0.011348
1630597495.057327 -318.763974 288.676166 1.501811 0.708379 0.705799 0.000413 -0.006870
1630597495.307323 -318.687202 292.062036 1.524990 0.708371 0.705785 0.002442 -0.008539
1630597495.557323 -318.602719 295.456135 1.562458 0.708287 0.705875 0.000769 -0.008391
1630597495.807949 -318.522073 298.847985 1.591970 0.708311 0.705844 0.000923 -0.008883
1630597496.057950 -318.442457 302.228197 1.622448 0.708315 0.705846 0.000435 -0.008447
1630597496.307320 -318.365025 305.587535 1.653269 0.708459 0.705705 0.001199 -0.008087
1630597496.556690 -318.284377 308.936196 1.684605 0.708575 0.705594 0.000731 -0.007622
1630597496.806069 -318.198665 312.269393 1.711282 0.708721 0.705445 -0.000595 -0.007884
1630597497.055443 -318.119340 315.579011 1.734160 0.709007 0.705166 -0.000287 -0.007083
1630597497.306063 -318.034197 318.885348 1.758145 0.709197 0.704980 -0.000782 -0.006514
1630597497.556063 -317.939893 322.155520 1.776080 0.709134 0.705020 -0.002012 -0.008441
1630597497.806065 -317.848451 325.405618 1.795178 0.709204 0.704940 -0.003722 -0.008688
1630597498.056690 -317.758545 328.643709 1.806624 0.709023 0.705106 -0.004609 -0.009515
1630597498.306687 -317.680409 331.864579 1.814145 0.708777 0.705366 -0.003923 -0.008889
1630597498.556685 -317.599375 335.079694 1.824668 0.708402 0.705732 -0.004097 -0.009624
1630597498.807308 -317.521533 338.305301 1.832682 0.708096 0.706043 -0.005169 -0.008728
1630597499.057309 -317.454383 341.514153 1.832992 0.707868 0.706288 -0.004338 -0.007880
1630597499.307929 -317.384542 344.725656 1.836137 0.707602 0.706554 -0.003999 -0.008119
1630597499.557936 -317.313879 347.933129 1.843578 0.707637 0.706508 -0.005507 -0.008120
1630597499.807934 -317.241049 351.129973 1.833080 0.707629 0.706509 -0.004910 -0.009076
1630597500.057313 -317.178362 354.328636 1.840279 0.707633 0.706520 -0.002633 -0.008882
1630597500.306697 -317.112614 357.546382 1.848632 0.707586 0.706578 -0.002939 -0.007747
1630597500.556060 -317.041422 360.771282 1.850588 0.707418 0.706737 -0.003486 -0.008352
1630597500.806061 -316.973041 364.022094 1.848715 0.707192 0.706971 -0.005515 -0.006410
1630597501.056065 -316.907013 367.270191 1.836522 0.706887 0.707270 -0.006109 -0.006564
1630597501.306688 -316.845405 370.528099 1.821546 0.706660 0.707496 -0.006386 -0.006334
1630597501.556694 -316.781011 373.773930 1.808385 0.706579 0.707564 -0.006446 -0.007606
1630597501.807317 -316.717862 377.029385 1.800248 0.706750 0.707368 -0.007436 -0.008898
1630597502.057321 -316.649804 380.289696 1.787646 0.707256 0.706869 -0.009739 -0.005519
1630597502.307353 -316.574240 383.521079 1.759097 0.707801 0.706311 -0.007904 -0.009010
1630597502.557944 -316.508445 386.765439 1.754997 0.708401 0.705735 -0.007095 -0.007490
1630597502.807950 -316.430586 389.996660 1.743546 0.708578 0.705550 -0.008742 -0.006256
1630597503.057949 -316.348628 393.208328 1.720001 0.708432 0.705688 -0.009038 -0.006813
1630597503.307318 -316.273218 396.399243 1.701017 0.708372 0.705745 -0.009579 -0.006426
1630597503.557320 -316.197718 399.575940 1.679042 0.708218 0.705908 -0.008564 -0.006990
1630597503.806700 -316.125103 402.733155 1.661031 0.708081 0.706047 -0.009388 -0.005498
1630597504.056704 -316.055051 405.871489 1.637384 0.708012 0.706121 -0.009273 -0.005106
1630597504.306741 -315.982369 408.986023 1.611148 0.707817 0.706313 -0.009763 -0.004577
1630597504.556702 -315.909893 412.073304 1.580683 0.707433 0.706680 -0.011035 -0.004413
1630597504.806700 -315.842269 415.131091 1.543915 0.706917 0.707167 -0.012902 -0.004099
1630597505.057331 -315.779479 418.146138 1.504734 0.706429 0.707653 -0.012694 -0.005007
1630597505.307330 -315.730669 421.104463 1.470835 0.705702 0.708390 -0.012431 -0.003724
1630597505.557336 -315.701103 423.995183 1.435824 0.705659 0.708480 -0.009980 -0.001379
1630597505.807962 -315.657252 426.816819 1.405411 0.705393 0.708749 -0.009522 -0.002030
1630597506.058587 -315.610630 429.572438 1.377006 0.705142 0.708979 -0.010917 -0.002019
1630597506.308587 -315.576148 432.245863 1.343652 0.705029 0.709105 -0.010105 -0.001444
1630597506.557960 -315.539807 434.838310 1.313934 0.704844 0.709291 -0.009897 -0.001784
1630597506.807337 -315.506377 437.358665 1.286932 0.704786 0.709346 -0.010099 -0.001386
1630597507.056714 -315.474466 439.805150 1.257650 0.704656 0.709469 -0.010681 -0.000621
1630597507.306087 -315.443922 442.169914 1.225881 0.704554 0.709575 -0.010288 -0.000886
1630597507.556094 -315.412677 444.465391 1.196788 0.704485 0.709633 -0.010980 -0.001117
1630597507.806090 -315.381045 446.683348 1.166283 0.704407 0.709691 -0.012202 -0.001119
1630597508.056718 -315.353158 448.823312 1.133650 0.704373 0.709726 -0.011934 -0.002034
1630597508.307351 -315.332782 450.888083 1.104512 0.704564 0.709541 -0.011883 -0.000266
1630597508.557338 -315.307899 452.833628 1.075502 0.705103 0.709004 -0.011953 0.000180
1630597508.807344 -315.282280 454.614540 1.050936 0.705875 0.708228 -0.012332 0.001241
1630597509.057344 -315.248756 456.203423 1.029880 0.707915 0.706183 -0.012689 0.001032
1630597509.307341 -315.209584 457.597329 1.009859 0.709702 0.704383 -0.012942 0.000639
1630597509.557968 -315.167858 458.794538 0.995340 0.710993 0.703065 -0.013729 0.000069
1630597509.807974 -315.133338 459.794804 0.980627 0.711795 0.702257 -0.013520 -0.000597
1630597510.057353 -315.102570 460.619858 0.970247 0.712471 0.701575 -0.013290 -0.001021
1630597510.306759 -315.078348 461.288574 0.963335 0.713028 0.701033 -0.011858 -0.002106
1630597510.556722 -315.053675 461.841347 0.953533 0.713149 0.700896 -0.012469 -0.002933
1630597510.806098 -315.040795 462.280682 0.948743 0.712615 0.701439 -0.012656 -0.002050
1630597511.056103 -315.027561 462.613206 0.945149 0.712415 0.701637 -0.012814 -0.002422
1630597511.306725 -315.019676 462.856969 0.940176 0.712266 0.701797 -0.012264 -0.002887
1630597511.556725 -315.016253 463.023362 0.938095 0.712129 0.701943 -0.011817 -0.002695
1630597511.807351 -315.013271 463.123644 0.936365 0.712124 0.701954 -0.011442 -0.002996
1630597512.057359 -315.011844 463.176099 0.936146 0.712042 0.702040 -0.011203 -0.003129
1630597512.307354 -315.011803 463.182966 0.936179 0.712018 0.702067 -0.011103 -0.003182
1630597512.557979 -315.011769 463.182154 0.936190 0.712013 0.702077 -0.010543 -0.003798
1630597512.807979 -315.011860 463.182049 0.936190 0.712024 0.702067 -0.010404 -0.003810
1630597513.057352 -315.011852 463.182079 0.936189 0.712012 0.702080 -0.010432 -0.003792
1630597513.306730 -315.011840 463.182087 0.936189 0.712002 0.702090 -0.010446 -0.003796
1630597513.556738 -315.011813 463.182049 0.936189 0.711994 0.702097 -0.010438 -0.003842
1630597513.806109 -315.011824 463.182077 0.936189 0.711997 0.702094 -0.010451 -0.003814
1630597514.056113 -315.011812 463.182058 0.936189 0.711999 0.702093 -0.010445 -0.003837
1630597514.306737 -315.011824 463.182077 0.936189 0.712004 0.702087 -0.010450 -0.003815
1630597514.556733 -315.011820 463.182054 0.936189 0.712000 0.702092 -0.010437 -0.003835
1630597514.806734 -315.011821 463.182084 0.936189 0.711996 0.702095 -0.010457 -0.003812
1630597515.056742 -315.011824 463.182071 0.936189 0.711987 0.702105 -0.010446 -0.003819
1630597515.306743 -315.011814 463.182079 0.936189 0.711992 0.702100 -0.010459 -0.003821
1630597515.557369 -315.011824 463.182101 0.936188 0.711989 0.702102 -0.010467 -0.003798
1630597515.807368 -315.011813 463.182133 0.936189 0.711975 0.702116 -0.010499 -0.003783
1630597516.057372 -315.011819 463.182245 0.936187 0.711983 0.702108 -0.010573 -0.003698
1630597516.307381 -315.011839 463.182272 0.936187 0.711983 0.702107 -0.010577 -0.003665
1630597516.557374 -315.011839 463.182243 0.936188 0.711995 0.702096 -0.010557 -0.003685
1630597516.807371 -315.011824 463.182271 0.936187 0.711995 0.702095 -0.010588 -0.003675
1630597517.058002 -315.011823 463.182266 0.936187 0.711997 0.702093 -0.010584 -0.003680
1630597517.308000 -315.011804 463.182252 0.936187 0.711993 0.702097 -0.010589 -0.003704
1630597517.557371 -315.011807 463.182286 0.936186 0.711997 0.702093 -0.010610 -0.003676
1630597517.807370 -315.011815 463.182252 0.936187 0.711988 0.702102 -0.010580 -0.003696
1630597518.057379 -315.011813 463.182268 0.936187 0.712002 0.702088 -0.010593 -0.003685
1630597518.306798 -315.011809 463.182253 0.936187 0.712008 0.702081 -0.010586 -0.003699
1630597518.557377 -315.011802 463.182187 0.936187 0.712022 0.702068 -0.010544 -0.003751
1630597518.807379 -315.011797 463.182100 0.936186 0.712027 0.702064 -0.010485 -0.003817
1630597519.058007 -315.011797 463.181586 0.936188 0.712026 0.702068 -0.010119 -0.004190
1630597519.308006 -315.011831 463.181656 0.936194 0.712033 0.702061 -0.010146 -0.004111
1630597519.558015 -315.011849 463.181695 0.935981 0.712027 0.702066 -0.010191 -0.004131
1630597519.807382 -315.012099 463.182690 0.935488 0.711997 0.702097 -0.010079 -0.004158
1630597520.056761 -315.011611 463.189436 0.934966 0.711970 0.702125 -0.010048 -0.004255
1630597520.306759 -315.010999 463.211753 0.934147 0.711943 0.702156 -0.009782 -0.004403
1630597520.556134 -315.009704 463.258177 0.933876 0.711970 0.702128 -0.009829 -0.004218
1630597520.806134 -315.007572 463.328253 0.933493 0.712151 0.701946 -0.009806 -0.004039
1630597521.056141 -315.004069 463.424024 0.932379 0.712637 0.701455 -0.009750 -0.003789
1630597521.306141 -314.997764 463.545866 0.930024 0.713969 0.700101 -0.009639 -0.003729
1630597521.556138 -314.985756 463.702506 0.926163 0.716276 0.697742 -0.009227 -0.004376
1630597521.806141 -314.969755 463.920972 0.920529 0.720000 0.693911 -0.007908 -0.005077
1630597522.056769 -314.943285 464.228179 0.914187 0.724854 0.688844 -0.007389 -0.005121
1630597522.306769 -314.903169 464.623430 0.906595 0.729726 0.683680 -0.007263 -0.005347
1630597522.557391 -314.851054 465.108140 0.898230 0.734075 0.679009 -0.007064 -0.005447
1630597522.807390 -314.786206 465.679451 0.889193 0.737675 0.675099 -0.006992 -0.005313
1630597523.057396 -314.707409 466.330322 0.879684 0.740213 0.672311 -0.007504 -0.005152
1630597523.307392 -314.622465 467.037745 0.870066 0.741207 0.671209 -0.008442 -0.004295
1630597523.558023 -314.538531 467.773612 0.859284 0.740686 0.671785 -0.008966 -0.003084
1630597523.808024 -314.453853 468.486411 0.849710 0.739710 0.672831 -0.011001 -0.002558
1630597524.058028 -314.384692 469.121929 0.839855 0.738225 0.674450 -0.011661 -0.002027
1630597524.307408 -314.330688 469.667609 0.829384 0.736708 0.676118 -0.011050 -0.002035
1630597524.556774 -314.284055 470.131466 0.821147 0.735249 0.677698 -0.011287 -0.002390
1630597524.806778 -314.245725 470.514527 0.814467 0.733696 0.679366 -0.011965 -0.002810
1630597525.056781 -314.219237 470.813185 0.810211 0.732614 0.680533 -0.011896 -0.003095
1630597525.306779 -314.200506 471.057633 0.805962 0.731601 0.681636 -0.010961 -0.003548
1630597525.556778 -314.184284 471.266750 0.802655 0.730683 0.682619 -0.011047 -0.003365
1630597525.807409 -314.169813 471.431712 0.799399 0.730096 0.683239 -0.011452 -0.003641
1630597526.057409 -314.162978 471.554426 0.796185 0.729362 0.684036 -0.010458 -0.003989
1630597526.308043 -314.153748 471.674450 0.794096 0.728872 0.684560 -0.010055 -0.004656
1630597526.558034 -314.143921 471.826580 0.791639 0.728111 0.685377 -0.009367 -0.004977
1630597526.808037 -314.131942 472.015308 0.788378 0.727220 0.686326 -0.009145 -0.004864
1630597527.058039 -314.116244 472.238859 0.783371 0.726309 0.687291 -0.008775 -0.005502
1630597527.308036 -314.100223 472.518692 0.775212 0.724948 0.688736 -0.006851 -0.006764
1630597527.557409 -314.075927 472.914689 0.764571 0.723367 0.690389 -0.004291 -0.009238
1630597527.806790 -314.039124 473.464241 0.759002 0.721575 0.692250 -0.006364 -0.008925
1630597528.056793 -314.001241 474.139751 0.748998 0.720227 0.693649 -0.006131 -0.009287
1630597528.306165 -313.958023 474.948235 0.738771 0.720149 0.693735 -0.006057 -0.008913
1630597528.556167 -313.910215 475.899930 0.727338 0.719949 0.693959 -0.005104 -0.008246
1630597528.806167 -313.840088 476.999833 0.709392 0.719468 0.694418 -0.005274 -0.011008
1630597529.056170 -313.779292 478.271069 0.692231 0.718342 0.695590 -0.003568 -0.011256
1630597529.306793 -313.715220 479.731101 0.676788 0.716467 0.697535 -0.003026 -0.010527
1630597529.557421 -313.646071 481.371693 0.659906 0.714416 0.699645 -0.003819 -0.009589
1630597529.807421 -313.584511 483.180553 0.636353 0.712360 0.701735 -0.003356 -0.009996
1630597530.057426 -313.527071 485.166321 0.616013 0.710066 0.704072 -0.004897 -0.008033
1630597530.308049 -313.478494 487.283940 0.590548 0.708102 0.706055 -0.005503 -0.006848
1630597530.558049 -313.433460 489.493602 0.562636 0.706592 0.707555 -0.005765 -0.007717
1630597530.808053 -313.397911 491.823303 0.534027 0.705299 0.708838 -0.005412 -0.008513
1630597531.058053 -313.372557 494.283549 0.503086 0.703797 0.710346 -0.006319 -0.006175
1630597531.307429 -313.350395 496.842922 0.464400 0.702511 0.711603 -0.006336 -0.007754
1630597531.557428 -313.336102 499.533099 0.428616 0.700979 0.713087 -0.005427 -0.010265
1630597531.806806 -313.335687 502.361374 0.397681 0.699386 0.714656 -0.007279 -0.008585
1630597532.056807 -313.352263 505.306236 0.358276 0.697674 0.716327 -0.007243 -0.008623
1630597532.307439 -313.384195 508.350452 0.326368 0.696114 0.717856 -0.007150 -0.007564
1630597532.557434 -313.424804 511.453614 0.295340 0.694112 0.719783 -0.006359 -0.008945
1630597532.808057 -313.486880 514.633876 0.275022 0.691563 0.722227 -0.006403 -0.009385
1630597533.058063 -313.574230 517.854324 0.258064 0.688551 0.725089 -0.008057 -0.008826
1630597533.308073 -313.697021 521.089949 0.240213 0.685757 0.727768 -0.006873 -0.006560
1630597533.557437 -313.843768 524.311267 0.228781 0.683102 0.730277 -0.005228 -0.006324
1630597533.806813 -314.007561 527.527178 0.221887 0.680713 0.732510 -0.005419 -0.005461
1630597534.056816 -314.183159 530.734866 0.215227 0.678640 0.734410 -0.005053 -0.008020
1630597534.306193 -314.372975 533.938466 0.214333 0.676860 0.736035 -0.006984 -0.008013
1630597534.556816 -314.590370 537.140063 0.208963 0.675144 0.737632 -0.005317 -0.007162
1630597534.806815 -314.825103 540.316292 0.208039 0.673795 0.738886 -0.004295 -0.005343
1630597535.056818 -315.057246 543.469322 0.205363 0.672577 0.739990 -0.005252 -0.005238
1630597535.306816 -315.295611 546.590986 0.198972 0.671397 0.741055 -0.005420 -0.005875
1630597535.557438 -315.540707 549.689317 0.198532 0.670364 0.741975 -0.004544 -0.008056
1630597535.807443 -315.780825 552.768649 0.208086 0.668667 0.743423 -0.006775 -0.012699
1630597536.057447 -316.053496 555.863321 0.216699 0.666504 0.745370 -0.008119 -0.011407
1630597536.307446 -316.350340 558.972014 0.210102 0.665286 0.746470 -0.006440 -0.011611
1630597536.557445 -316.656072 562.103391 0.222734 0.664161 0.747459 -0.003765 -0.013471
1630597536.808069 -316.973444 565.277127 0.248658 0.662823 0.748634 -0.002788 -0.014329
1630597537.057449 -317.318091 568.474652 0.277118 0.661225 0.750104 -0.001788 -0.011019
1630597537.307452 -317.668508 571.728338 0.279395 0.659282 0.751816 -0.007333 -0.008094
1630597537.556823 -318.028510 574.973058 0.265612 0.656083 0.754545 -0.007704 -0.012518
1630597537.806204 -318.417181 578.254799 0.271258 0.653067 0.757041 -0.014964 -0.012949
1630597538.056203 -318.838308 581.509071 0.258047 0.649074 0.760435 -0.012373 -0.016976
1630597538.306199 -319.295892 584.769674 0.278471 0.645891 0.763089 -0.015623 -0.016652
1630597538.556205 -319.777682 588.007381 0.282121 0.641628 0.766619 -0.017812 -0.017084
1630597538.806832 -320.317538 591.218460 0.278995 0.637965 0.769780 -0.015094 -0.014552
1630597539.057457 -320.887180 594.407614 0.275334 0.634176 0.772993 -0.013754 -0.010625
1630597539.307453 -321.471067 597.554033 0.262389 0.630849 0.775751 -0.012581 -0.009067
1630597539.558082 -322.071748 600.678301 0.246766 0.628114 0.777971 -0.013293 -0.007591
1630597539.808086 -322.687202 603.739177 0.230024 0.627048 0.778892 -0.008675 -0.007877
1630597540.058088 -323.299609 606.776838 0.229666 0.626925 0.779019 -0.007975 -0.005534
1630597540.307469 -323.892183 609.769118 0.217377 0.626545 0.779314 -0.009301 -0.004882
1630597540.556839 -324.473073 612.700980 0.201650 0.626375 0.779441 -0.009484 -0.005960
1630597540.806214 -325.038302 615.562591 0.193254 0.626088 0.779646 -0.010922 -0.006809
1630597541.055592 -325.586578 618.339205 0.187458 0.625972 0.779708 -0.011690 -0.008834
1630597541.306216 -326.124220 621.048039 0.183561 0.625810 0.779813 -0.013442 -0.008505
1630597541.556217 -326.642588 623.639368 0.177175 0.625856 0.779774 -0.013279 -0.008903
1630597541.806843 -327.136443 626.117613 0.176422 0.626921 0.778918 -0.012560 -0.009964
1630597542.056843 -327.595856 628.466830 0.180370 0.628045 0.778014 -0.013139 -0.009014
1630597542.306885 -328.016337 630.665142 0.182347 0.629553 0.776782 -0.012546 -0.010728
1630597542.557465 -328.410125 632.739161 0.189127 0.630673 0.775890 -0.012924 -0.008886
1630597542.807471 -328.773357 634.662960 0.189012 0.631860 0.774954 -0.011477 -0.008242
1630597543.057477 -329.101005 636.458344 0.191106 0.632812 0.774170 -0.011492 -0.008803
1630597543.307474 -329.409390 638.131203 0.192076 0.632808 0.774193 -0.011360 -0.007117
1630597543.558097 -329.694468 639.673701 0.192186 0.632330 0.774588 -0.011008 -0.007131
1630597543.808102 -329.958014 641.083844 0.190064 0.632123 0.774768 -0.010515 -0.006579
1630597544.057478 -330.194068 642.357274 0.191222 0.631737 0.775085 -0.010817 -0.005883
1630597544.306850 -330.398644 643.479122 0.190467 0.631756 0.775057 -0.010669 -0.007602
1630597544.556853 -330.594129 644.487376 0.187933 0.631629 0.775190 -0.008784 -0.006932
1630597544.806230 -330.758492 645.390912 0.192076 0.632187 0.774728 -0.009333 -0.006939
1630597545.055605 -330.900747 646.193373 0.192138 0.632635 0.774350 -0.009745 -0.007808
1630597545.305606 -331.034837 646.892798 0.190508 0.632953 0.774111 -0.008196 -0.007425
1630597545.556228 -331.145330 647.493680 0.193325 0.633136 0.773963 -0.008501 -0.006826
1630597545.806232 -331.238129 647.994025 0.193664 0.632783 0.774257 -0.007988 -0.006857
1630597546.056237 -331.311229 648.413311 0.193306 0.632657 0.774349 -0.008180 -0.007884
1630597546.306231 -331.374050 648.759076 0.193978 0.632544 0.774436 -0.007906 -0.008587
1630597546.556232 -331.424903 649.043780 0.195196 0.632478 0.774485 -0.007715 -0.009255
1630597546.806859 -331.468233 649.277520 0.195970 0.632628 0.774362 -0.007514 -0.009453
1630597547.056866 -331.502595 649.462167 0.196402 0.632691 0.774311 -0.007174 -0.009677
1630597547.306861 -331.528871 649.604729 0.196671 0.632684 0.774316 -0.006899 -0.009904
1630597547.557486 -331.549559 649.712735 0.197066 0.632726 0.774283 -0.006477 -0.010074
1630597547.807486 -331.564818 649.792082 0.197327 0.632741 0.774273 -0.006296 -0.010046
1630597548.057485 -331.574867 649.844942 0.197625 0.632717 0.774293 -0.006035 -0.010189
1630597548.308129 -331.582724 649.889173 0.197752 0.632744 0.774266 -0.005575 -0.010759
1630597548.558739 -331.592495 649.940962 0.198313 0.632761 0.774253 -0.005434 -0.010751
1630597548.808745 -331.604191 650.004868 0.198793 0.632741 0.774269 -0.005297 -0.010859
1630597549.058124 -331.619161 650.085921 0.199508 0.632741 0.774270 -0.005216 -0.010877
1630597549.307492 -331.636592 650.183384 0.200303 0.632746 0.774264 -0.005205 -0.010964
1630597549.556249 -331.657765 650.298736 0.201226 0.632746 0.774264 -0.005173 -0.010963
1630597549.805621 -331.683196 650.432162 0.202265 0.632731 0.774280 -0.005020 -0.010801
1630597550.055628 -331.710732 650.582881 0.203177 0.632712 0.774296 -0.005084 -0.010761
1630597550.306253 -331.740614 650.747351 0.204293 0.632709 0.774298 -0.005140 -0.010741
1630597550.556878 -331.773663 650.924394 0.205272 0.632736 0.774277 -0.005087 -0.010726
1630597550.806879 -331.808321 651.112942 0.206796 0.632690 0.774316 -0.005178 -0.010550
1630597551.057507 -331.843279 651.309775 0.208538 0.632750 0.774265 -0.005548 -0.010499
1630597551.307505 -331.878972 651.509122 0.210402 0.632736 0.774275 -0.005836 -0.010413
1630597551.557512 -331.913666 651.706673 0.211795 0.632861 0.774171 -0.006036 -0.010526
1630597551.808134 -331.948323 651.900034 0.213380 0.633006 0.774052 -0.006219 -0.010435
1630597552.058136 -331.980933 652.081513 0.214924 0.633149 0.773935 -0.006354 -0.010326
1630597552.308139 -332.010652 652.244669 0.216375 0.633253 0.773850 -0.006390 -0.010251
1630597552.557530 -332.036322 652.385383 0.217429 0.633316 0.773799 -0.006363 -0.010234
1630597552.806886 -332.057436 652.498366 0.217953 0.633459 0.773683 -0.006246 -0.010272
1630597553.056888 -332.073000 652.583075 0.218172 0.633500 0.773649 -0.006218 -0.010320
1630597553.306264 -332.082569 652.636880 0.218377 0.633514 0.773635 -0.006276 -0.010499
1630597553.556267 -332.086657 652.657528 0.218537 0.633559 0.773597 -0.006263 -0.010556
1630597553.806890 -332.086586 652.657363 0.218535 0.633553 0.773600 -0.006170 -0.010728
1630597554.056893 -332.086455 652.657381 0.218532 0.633559 0.773593 -0.006269 -0.010819
1630597554.306888 -332.086576 652.657279 0.218534 0.633534 0.773615 -0.006110 -0.010790
1630597554.556891 -332.086501 652.657265 0.218532 0.633534 0.773614 -0.006148 -0.010858
1630597554.807519 -332.086550 652.657307 0.218534 0.633532 0.773617 -0.006149 -0.010792
1630597555.057512 -332.086555 652.657265 0.218535 0.633538 0.773612 -0.006115 -0.010816
1630597555.308145 -332.086561 652.657283 0.218535 0.633544 0.773607 -0.006125 -0.010798
1630597555.558147 -332.086564 652.657294 0.218534 0.633538 0.773612 -0.006131 -0.010790
1630597555.808145 -332.086565 652.657272 0.218535 0.633531 0.773618 -0.006113 -0.010803
1630597556.057524 -332.086555 652.657302 0.218534 0.633523 0.773624 -0.006143 -0.010791
1630597556.307531 -332.086574 652.657298 0.218535 0.633525 0.773623 -0.006126 -0.010779
1630597556.556902 -332.086576 652.657271 0.218534 0.633530 0.773618 -0.006105 -0.010795
1630597556.806903 -332.086567 652.657303 0.218534 0.633540 0.773610 -0.006135 -0.010782
1630597557.056905 -332.086597 652.657302 0.218535 0.633549 0.773603 -0.006115 -0.010759
1630597557.306904 -332.086589 652.657279 0.218535 0.633548 0.773604 -0.006103 -0.010780
1630597557.557527 -332.086618 652.657315 0.218536 0.633536 0.773615 -0.006113 -0.010733
1630597557.807530 -332.086651 652.657410 0.218537 0.633527 0.773623 -0.006165 -0.010648
1630597558.057533 -332.086657 652.657444 0.218537 0.633541 0.773611 -0.006188 -0.010620
1630597558.307538 -332.086662 652.657450 0.218537 0.633546 0.773608 -0.006188 -0.010613
1630597558.557536 -332.086678 652.657420 0.218537 0.633545 0.773609 -0.006156 -0.010620
1630597558.808155 -332.086683 652.657443 0.218538 0.633549 0.773605 -0.006171 -0.010601
1630597559.058161 -332.086685 652.657441 0.218537 0.633563 0.773594 -0.006168 -0.010601
1630597559.307533 -332.086686 652.657442 0.218537 0.633562 0.773595 -0.006168 -0.010599
1630597559.557532 -332.086678 652.657425 0.218537 0.633570 0.773588 -0.006160 -0.010616
1630597559.806914 -332.086681 652.657451 0.218537 0.633564 0.773593 -0.006178 -0.010598
1630597560.056917 -332.086680 652.657421 0.218537 0.633569 0.773589 -0.006156 -0.010617
1630597560.306915 -332.086668 652.657446 0.218537 0.633566 0.773591 -0.006183 -0.010611
1630597560.556920 -332.086684 652.657459 0.218538 0.633559 0.773597 -0.006183 -0.010590
1630597560.806916 -332.086664 652.657437 0.218537 0.633556 0.773599 -0.006178 -0.010620
1630597561.056922 -332.086665 652.657465 0.218537 0.633550 0.773604 -0.006199 -0.010601
1630597561.306918 -332.086661 652.657479 0.218537 0.633548 0.773606 -0.006213 -0.010595
1630597561.556919 -332.086655 652.657434 0.218537 0.633555 0.773600 -0.006182 -0.010628
1630597561.806923 -332.086678 652.657439 0.218537 0.633542 0.773611 -0.006171 -0.010608
1630597562.057552 -332.086662 652.657491 0.218537 0.633535 0.773617 -0.006221 -0.010586
1630597562.307556 -332.086694 652.657446 0.218537 0.633539 0.773614 -0.006165 -0.010592
1630597562.557552 -332.086642 652.657444 0.218536 0.633526 0.773624 -0.006198 -0.010633
1630597562.807553 -332.086680 652.657484 0.218537 0.633530 0.773621 -0.006204 -0.010577
1630597563.058180 -332.086683 652.657474 0.218537 0.633524 0.773626 -0.006194 -0.010582
1630597563.308176 -332.086666 652.657445 0.218537 0.633537 0.773615 -0.006182 -0.010614
1630597563.558179 -332.086667 652.657459 0.218537 0.633523 0.773626 -0.006194 -0.010604
1630597563.808180 -332.086633 652.657481 0.218536 0.633531 0.773619 -0.006233 -0.010616
1630597564.058177 -332.086678 652.657466 0.218537 0.633538 0.773614 -0.006191 -0.010590
1630597564.307568 -332.086665 652.657467 0.218537 0.633537 0.773615 -0.006200 -0.010600
1630597564.556937 -332.086680 652.657455 0.218537 0.633529 0.773621 -0.006182 -0.010597
1630597564.806937 -332.086651 652.657436 0.218537 0.633531 0.773619 -0.006186 -0.010631
1630597565.056312 -332.086656 652.657420 0.218537 0.633523 0.773626 -0.006169 -0.010638
1630597565.305687 -332.086906 652.657531 0.218438 0.633524 0.773625 -0.006137 -0.010661
1630597565.555688 -332.087827 652.661498 0.218058 0.633510 0.773636 -0.006073 -0.010728
1630597565.805689 -332.089358 652.671643 0.217847 0.633555 0.773597 -0.006099 -0.010872
1630597566.055690 -332.093430 652.691803 0.217177 0.633588 0.773568 -0.005846 -0.011114
1630597566.305728 -332.101341 652.738620 0.214420 0.633649 0.773504 -0.004853 -0.012537
1630597566.555690 -332.119919 652.841633 0.213157 0.633817 0.773351 -0.003858 -0.013761
1630597566.806312 -332.154278 653.035106 0.213144 0.633873 0.773295 -0.003637 -0.014351
1630597567.056320 -332.208869 653.319625 0.214553 0.633296 0.773775 -0.003350 -0.014058
1630597567.306320 -332.279109 653.692252 0.215363 0.632519 0.774411 -0.003075 -0.014082
1630597567.556946 -332.367623 654.156643 0.216353 0.631678 0.775097 -0.002597 -0.014160
1630597567.806947 -332.471732 654.709923 0.219646 0.630854 0.775768 -0.002779 -0.014092
1630597568.056948 -332.590426 655.343597 0.224337 0.630176 0.776316 -0.003342 -0.014172
1630597568.306951 -332.726118 656.041044 0.230488 0.629853 0.776601 -0.003854 -0.012744
1630597568.557576 -332.868661 656.768619 0.235293 0.629401 0.776986 -0.003974 -0.011457
1630597568.807581 -333.008999 657.507802 0.239960 0.629094 0.777235 -0.004745 -0.011124
1630597569.057583 -333.154230 658.246995 0.244381 0.629840 0.776651 -0.004768 -0.009566
1630597569.307580 -333.293121 658.979461 0.247984 0.630806 0.775875 -0.004863 -0.008829
1630597569.557585 -333.420135 659.701741 0.251780 0.631902 0.774960 -0.005488 -0.010375
1630597569.808210 -333.548559 660.418512 0.254268 0.632713 0.774285 -0.005480 -0.011276
1630597570.058218 -333.686919 661.128698 0.255094 0.632624 0.774381 -0.004155 -0.010228
1630597570.307589 -333.815215 661.841294 0.257011 0.632530 0.774441 -0.003929 -0.011484
1630597570.557593 -333.950530 662.606625 0.259921 0.632556 0.774384 -0.003184 -0.013891
1630597570.806969 -334.110123 663.457968 0.263104 0.632536 0.774410 -0.002740 -0.013376
1630597571.056975 -334.287964 664.398027 0.265372 0.632581 0.774396 -0.002349 -0.012055
1630597571.306969 -334.476811 665.422882 0.270468 0.632412 0.774543 -0.002469 -0.011485
1630597571.557598 -334.680911 666.534965 0.272070 0.632554 0.774426 -0.002470 -0.011541
1630597571.807602 -334.903627 667.719894 0.274449 0.632435 0.774535 -0.001595 -0.010889
1630597572.057605 -335.139224 668.985306 0.276269 0.632559 0.774438 -0.000898 -0.010694
1630597572.308238 -335.383325 670.336548 0.281689 0.632422 0.774545 -0.001912 -0.010911
1630597572.558234 -335.643580 671.760383 0.282305 0.632624 0.774366 -0.001320 -0.011959
1630597572.808228 -335.916407 673.276921 0.288104 0.632843 0.774165 -0.001752 -0.013256
1630597573.057613 -336.210578 674.884481 0.293971 0.632618 0.774356 -0.001746 -0.012835
1630597573.306983 -336.525214 676.579400 0.301656 0.632502 0.774466 -0.001127 -0.011965
1630597573.556364 -336.852541 678.355105 0.307297 0.632723 0.774274 -0.000222 -0.012711
1630597573.805735 -337.192108 680.221658 0.318484 0.633041 0.774016 -0.000413 -0.012588
1630597574.055737 -337.551793 682.176552 0.329961 0.633132 0.773966 -0.000099 -0.010963
1630597574.306372 -337.923942 684.207736 0.339342 0.633348 0.773800 0.000028 -0.010147
1630597574.556993 -338.300921 686.294911 0.349449 0.633320 0.773824 -0.000409 -0.010100
1630597574.806999 -338.687067 688.433130 0.359246 0.633359 0.773796 -0.001003 -0.009743
1630597575.057625 -339.085370 690.629443 0.366397 0.633290 0.773856 -0.001210 -0.009445
1630597575.307627 -339.491674 692.879722 0.370751 0.633445 0.773723 -0.001493 -0.009919
1630597575.558253 -339.911924 695.198562 0.376495 0.633584 0.773607 -0.001131 -0.010161
1630597575.808251 -340.342519 697.576388 0.383248 0.633716 0.773502 -0.000698 -0.009938
1630597576.057633 -340.783539 700.014543 0.390691 0.633870 0.773368 0.000479 -0.010555
1630597576.307008 -341.230664 702.528362 0.403022 0.634268 0.773031 -0.000571 -0.011233
1630597576.556385 -341.687188 705.117260 0.417297 0.634386 0.772933 -0.001928 -0.011183
1630597576.806388 -342.160166 707.791824 0.419460 0.634678 0.772715 -0.005298 -0.008214
1630597577.056392 -342.641913 710.511568 0.409355 0.634790 0.772603 -0.003189 -0.010756
1630597577.306393 -343.147357 713.314548 0.410771 0.635042 0.772430 -0.002461 -0.008193
1630597577.556395 -343.646513 716.181619 0.406972 0.635349 0.772159 -0.003253 -0.009563
1630597577.806395 -344.160456 719.120356 0.403339 0.635599 0.771957 -0.004445 -0.008750
1630597578.057026 -344.686949 722.128070 0.393627 0.635788 0.771807 -0.004288 -0.008331
1630597578.307018 -345.219928 725.188456 0.382079 0.636055 0.771580 -0.003952 -0.009094
1630597578.557022 -345.764134 728.316570 0.378125 0.636244 0.771429 -0.003760 -0.008695
1630597578.807023 -346.323094 731.503575 0.371856 0.636498 0.771234 -0.001704 -0.008145
1630597579.057652 -346.888033 734.771142 0.365826 0.636647 0.771123 -0.003210 -0.006339
1630597579.307654 -347.459570 738.087900 0.349651 0.636567 0.771185 -0.003636 -0.006544
1630597579.557661 -348.047568 741.464647 0.329609 0.636026 0.771640 -0.003885 -0.005213
1630597579.808275 -348.642925 744.892067 0.308355 0.635456 0.772099 -0.004698 -0.006021
1630597580.058282 -349.241528 748.349314 0.294332 0.634912 0.772518 -0.005921 -0.008174
1630597580.307672 -349.858939 751.848526 0.278214 0.634514 0.772836 -0.006975 -0.008211
1630597580.557038 -350.499763 755.396842 0.252349 0.633989 0.773291 -0.007258 -0.005081
1630597580.806410 -351.148816 758.980600 0.212255 0.633836 0.773419 -0.006352 -0.005824
1630597581.056419 -351.801637 762.637264 0.180145 0.633327 0.773812 -0.008642 -0.006061
1630597581.306420 -352.479810 766.343303 0.131021 0.633091 0.774018 -0.008412 -0.004549
1630597581.556419 -353.182628 770.103248 0.088396 0.632654 0.774416 -0.005165 -0.001762
1630597581.806425 -353.888073 773.908529 0.046430 0.632451 0.774586 -0.002466 -0.003990
1630597582.057051 -354.592053 777.791470 0.023128 0.632123 0.774833 -0.005048 -0.005413
1630597582.307056 -355.318143 781.715201 -0.011750 0.633099 0.774047 -0.005124 -0.003184
1630597582.557052 -356.030528 785.679802 -0.051858 0.634099 0.773221 -0.005228 -0.004543
1630597582.807678 -356.746747 789.707426 -0.089402 0.634882 0.772576 -0.006175 -0.003549
1630597583.057690 -357.460248 793.756670 -0.130099 0.635420 0.772133 -0.005749 -0.004330
1630597583.307681 -358.178961 797.843463 -0.168922 0.635322 0.772212 -0.006588 -0.003289
1630597583.558307 -358.905582 801.959090 -0.211597 0.635463 0.772098 -0.006477 -0.003107
1630597583.807685 -359.628341 806.079164 -0.258210 0.635526 0.772035 -0.007936 -0.002318
1630597584.057684 -360.360579 810.227726 -0.318306 0.635634 0.771950 -0.007900 -0.000784
1630597584.307064 -361.091835 814.383892 -0.385120 0.635647 0.771937 -0.008121 0.000294
1630597584.557067 -361.820070 818.564203 -0.453866 0.635733 0.771859 -0.008722 -0.001161
1630597584.807070 -362.551716 822.770733 -0.525720 0.635358 0.772138 -0.011086 -0.000596
1630597585.057072 -363.290803 826.983380 -0.605897 0.634463 0.772855 -0.012162 -0.001738
1630597585.307069 -364.046924 831.210686 -0.688769 0.633542 0.773592 -0.013383 -0.000988
1630597585.557083 -364.822986 835.443546 -0.779877 0.632758 0.774247 -0.012587 0.000318
1630597585.807697 -365.602531 839.693479 -0.872043 0.631990 0.774871 -0.012826 -0.000292
1630597586.057696 -366.393736 843.946029 -0.963952 0.631380 0.775364 -0.012992 0.000716
1630597586.308331 -367.203042 848.216829 -1.063489 0.630584 0.776034 -0.011466 0.002052
1630597586.557708 -368.017735 852.485917 -1.170626 0.629606 0.776806 -0.012312 0.004061
1630597586.807708 -368.840268 856.768613 -1.286833 0.628180 0.777965 -0.012447 0.002223
1630597587.058336 -369.682379 861.079148 -1.394857 0.626809 0.779053 -0.013612 0.001460
1630597587.308335 -370.547119 865.386347 -1.504029 0.625407 0.780186 -0.013225 0.001200
1630597587.557711 -371.422272 869.701695 -1.607868 0.623932 0.781328 -0.015217 0.001934
1630597587.807090 -372.316100 874.015736 -1.728726 0.622689 0.782315 -0.015433 0.001670
1630597588.056468 -373.225716 878.331374 -1.842084 0.621652 0.783146 -0.015137 0.001452
1630597588.306477 -374.148890 882.661344 -1.953874 0.620956 0.783693 -0.015331 0.002086
1630597588.555845 -375.080173 886.985898 -2.080858 0.620733 0.783840 -0.016230 0.004683
1630597588.806487 -376.014175 891.319668 -2.215569 0.620727 0.783871 -0.015202 0.003723
1630597589.056474 -376.943368 895.633552 -2.326560 0.621162 0.783576 -0.012872 0.001001
1630597589.306470 -377.875252 899.976975 -2.430378 0.621689 0.783061 -0.016089 0.007679
1630597589.556472 -378.790313 904.280666 -2.576217 0.622421 0.782554 -0.013145 0.005307
1630597589.806479 -379.693676 908.588872 -2.693946 0.623216 0.781924 -0.013092 0.005040
1630597590.056480 -380.591874 912.879753 -2.800398 0.624438 0.780999 -0.009797 0.004598
1630597590.306488 -381.471820 917.178052 -2.899289 0.626310 0.779471 -0.010574 0.006972
1630597590.556481 -382.322462 921.464637 -3.019881 0.627965 0.778136 -0.010783 0.006944
1630597590.806482 -383.148426 925.738911 -3.129925 0.629592 0.776847 -0.009979 0.004808
1630597591.056490 -383.955749 930.018284 -3.229761 0.630642 0.775969 -0.011797 0.004845
1630597591.306488 -384.758729 934.285383 -3.341467 0.631140 0.775560 -0.012012 0.004950
1630597591.556490 -385.544765 938.534773 -3.443839 0.631192 0.775531 -0.012092 0.001463
1630597591.806520 -386.321726 942.780071 -3.520576 0.631340 0.775367 -0.014611 -0.001529
1630597592.056494 -387.143107 947.021860 -3.610825 0.631106 0.775579 -0.011527 0.007010
1630597592.306495 -387.941561 951.233889 -3.732559 0.631473 0.775323 -0.009088 0.005840
1630597592.556491 -388.706180 955.438116 -3.817771 0.631225 0.775531 -0.010325 0.000740
1630597592.806494 -389.498577 959.633969 -3.883999 0.631865 0.775031 -0.008273 0.002245
1630597593.056495 -390.260772 963.809791 -3.945835 0.632120 0.774827 -0.008053 -0.001816
1630597593.307128 -391.032528 967.988000 -3.980510 0.632756 0.774315 -0.007317 -0.001426
1630597593.557125 -391.793310 972.137288 -4.020361 0.632887 0.774217 -0.006281 -0.001444
1630597593.807132 -392.547175 976.271981 -4.055197 0.633017 0.774108 -0.006580 -0.001679
1630597594.057753 -393.299734 980.397745 -4.091323 0.632005 0.774927 -0.007297 -0.002179
1630597594.307756 -394.058514 984.475971 -4.118911 0.630989 0.775757 -0.006602 -0.003057
1630597594.558386 -394.822508 988.528403 -4.139965 0.628829 0.777481 -0.009808 -0.001238
1630597594.808407 -395.597003 992.481937 -4.178413 0.626126 0.779666 -0.008814 -0.003144
1630597595.058391 -396.394528 996.364394 -4.200505 0.623625 0.781683 -0.007708 -0.001922
1630597595.307144 -397.183142 1000.145421 -4.221341 0.620970 0.783782 -0.008164 -0.004020
1630597595.556517 -397.994982 1003.855779 -4.232487 0.618762 0.785541 -0.007324 -0.002376
1630597595.806519 -398.805417 1007.486687 -4.247268 0.617028 0.786911 -0.006290 -0.002817
1630597596.055898 -399.598015 1011.030230 -4.257624 0.615385 0.788170 -0.008592 -0.004043
1630597596.305902 -400.402417 1014.485397 -4.265723 0.614255 0.789074 -0.006120 -0.003944
1630597596.556521 -401.201543 1017.861921 -4.266705 0.613931 0.789347 -0.004063 -0.001842
1630597596.806535 -401.966298 1021.144596 -4.270670 0.615194 0.788364 -0.004119 -0.000911
1630597597.056531 -402.697183 1024.343972 -4.280266 0.617754 0.786362 -0.003784 0.000524
1630597597.306529 -403.386643 1027.474974 -4.296728 0.619836 0.784723 -0.003638 0.000184
1630597597.556533 -404.050437 1030.539994 -4.307707 0.621953 0.783054 -0.001351 -0.000162
1630597597.806529 -404.682596 1033.553655 -4.311236 0.624682 0.780873 -0.002142 0.002136
1630597598.056529 -405.272416 1036.506887 -4.329260 0.628066 0.778155 -0.002153 0.001722
1630597598.306540 -405.818851 1039.422928 -4.346091 0.630633 0.776074 -0.002995 -0.001503
1630597598.556537 -406.363061 1042.319020 -4.355187 0.631990 0.774970 -0.003257 0.000534
1630597598.806535 -406.892680 1045.181416 -4.372592 0.633585 0.773672 -0.001426 0.000870
1630597599.057168 -407.390697 1048.037507 -4.388433 0.634154 0.773193 -0.004367 -0.001420
1630597599.307168 -407.900576 1050.861837 -4.405280 0.634183 0.773174 -0.003665 -0.000530
1630597599.557170 -408.394255 1053.639347 -4.416035 0.634372 0.773016 -0.002551 -0.003390
1630597599.807795 -408.857337 1056.383694 -4.412707 0.634001 0.773258 -0.008815 -0.006070
1630597600.057801 -409.318386 1059.043363 -4.420154 0.633692 0.773456 -0.012412 -0.006860
1630597600.308425 -409.794285 1061.621415 -4.435190 0.633507 0.773644 -0.011399 -0.003603
1630597600.557802 -410.246704 1064.084472 -4.451826 0.633607 0.773590 -0.009203 -0.003932
1630597600.808429 -410.674407 1066.474672 -4.459354 0.633617 0.773579 -0.009042 -0.004857
1630597601.058430 -411.095747 1068.784098 -4.468255 0.633737 0.773490 -0.009009 -0.003028
1630597601.308431 -411.499099 1071.008403 -4.480025 0.633912 0.773357 -0.007180 -0.004737
1630597601.557808 -411.888723 1073.172847 -4.484659 0.633880 0.773381 -0.008404 -0.002734
1630597601.807182 -412.261108 1075.259999 -4.496555 0.634148 0.773161 -0.007560 -0.004604
1630597602.056564 -412.629470 1077.294935 -4.504084 0.634179 0.773145 -0.006992 -0.003855
1630597602.305939 -412.985229 1079.264811 -4.509529 0.634645 0.772770 -0.005988 -0.004114
1630597602.555939 -413.318267 1081.180316 -4.513368 0.635301 0.772218 -0.006793 -0.005106
1630597602.805941 -413.639129 1083.031040 -4.515775 0.635526 0.772022 -0.007479 -0.005613
1630597603.055947 -413.949825 1084.813959 -4.517906 0.635921 0.771694 -0.008097 -0.005240
1630597603.305943 -414.247960 1086.523468 -4.523052 0.636029 0.771606 -0.008032 -0.005127
1630597603.555949 -414.534282 1088.164818 -4.526677 0.635683 0.771888 -0.008348 -0.005115
1630597603.805950 -414.810466 1089.737100 -4.532954 0.635579 0.771976 -0.008337 -0.004665
1630597604.055952 -415.069894 1091.235543 -4.538305 0.635557 0.771981 -0.009241 -0.005173
1630597604.305963 -415.317639 1092.644946 -4.543242 0.635301 0.772190 -0.009392 -0.005138
1630597604.555954 -415.541707 1093.923636 -4.545786 0.635005 0.772420 -0.010973 -0.003788
1630597604.805330 -415.734205 1095.010547 -4.547397 0.635013 0.772417 -0.010459 -0.004500
1630597605.055956 -415.893229 1095.929055 -4.550043 0.634769 0.772610 -0.009993 -0.006516
1630597605.305958 -416.030157 1096.699020 -4.550913 0.634893 0.772508 -0.009993 -0.006458
1630597605.555963 -416.150880 1097.335017 -4.548190 0.634654 0.772729 -0.008176 -0.006040
1630597605.805964 -416.245255 1097.883585 -4.545051 0.634597 0.772766 -0.008979 -0.006259
1630597606.055960 -416.321097 1098.346127 -4.548961 0.634562 0.772773 -0.009165 -0.008262
1630597606.306006 -416.395451 1098.749593 -4.549467 0.634517 0.772818 -0.008151 -0.008647
1630597606.555965 -416.462569 1099.120700 -4.548775 0.634691 0.772676 -0.007983 -0.008646
1630597606.805967 -416.526860 1099.466109 -4.547621 0.634787 0.772605 -0.007491 -0.008405
1630597607.055967 -416.586479 1099.798482 -4.547027 0.634749 0.772637 -0.007267 -0.008521
1630597607.305972 -416.644362 1100.121421 -4.546627 0.634784 0.772609 -0.007201 -0.008509
1630597607.555975 -416.700411 1100.426064 -4.546250 0.634783 0.772616 -0.006855 -0.008286
1630597607.805975 -416.747307 1100.703872 -4.546997 0.634899 0.772512 -0.007193 -0.008773
1630597608.055984 -416.795059 1100.960745 -4.545951 0.634917 0.772503 -0.007020 -0.008415
1630597608.305982 -416.836045 1101.198375 -4.545691 0.634956 0.772467 -0.007135 -0.008661
1630597608.555983 -416.874165 1101.420846 -4.545860 0.634990 0.772434 -0.007230 -0.009056
1630597608.805983 -416.913910 1101.635404 -4.545309 0.634890 0.772521 -0.007033 -0.008772
1630597609.055979 -416.950082 1101.844844 -4.545094 0.634899 0.772509 -0.007140 -0.008995
1630597609.305987 -416.987166 1102.049389 -4.544548 0.634959 0.772463 -0.007047 -0.008854
1630597609.555992 -417.022166 1102.249407 -4.544321 0.634972 0.772450 -0.007112 -0.008962
1630597609.806617 -417.055949 1102.442780 -4.543903 0.635033 0.772400 -0.007224 -0.008958
1630597610.056622 -417.090119 1102.630885 -4.544357 0.635119 0.772330 -0.006915 -0.009076
1630597610.306617 -417.126491 1102.825546 -4.543382 0.635182 0.772284 -0.006650 -0.008801
1630597610.556620 -417.162776 1103.027655 -4.542774 0.635127 0.772331 -0.006633 -0.008655
1630597610.807252 -417.199101 1103.237762 -4.542949 0.635080 0.772366 -0.006703 -0.008897
1630597611.057251 -417.237896 1103.453957 -4.542593 0.635037 0.772403 -0.006579 -0.008896
1630597611.307252 -417.277216 1103.676363 -4.541996 0.634919 0.772500 -0.006645 -0.008844
1630597611.557266 -417.315832 1103.905043 -4.541869 0.634851 0.772550 -0.007021 -0.009023
1630597611.807254 -417.358645 1104.136941 -4.541984 0.634782 0.772611 -0.006696 -0.008919
1630597612.057261 -417.399944 1104.370537 -4.541439 0.634737 0.772647 -0.006733 -0.008932
1630597612.307267 -417.440990 1104.600727 -4.541469 0.634710 0.772669 -0.006738 -0.008952
1630597612.557885 -417.480359 1104.822476 -4.541503 0.634655 0.772714 -0.006667 -0.009013
1630597612.807888 -417.519146 1105.031730 -4.541139 0.634633 0.772737 -0.006457 -0.008773
1630597613.057891 -417.555485 1105.231638 -4.541308 0.634604 0.772763 -0.006338 -0.008705
1630597613.307892 -417.591454 1105.422465 -4.541280 0.634507 0.772848 -0.006027 -0.008413
1630597613.557890 -417.623025 1105.604594 -4.541377 0.634442 0.772899 -0.006094 -0.008573
1630597613.807895 -417.653362 1105.779478 -4.541575 0.634377 0.772949 -0.006256 -0.008736
1630597614.058524 -417.682949 1105.947501 -4.541566 0.634268 0.773037 -0.006314 -0.008763
1630597614.308561 -417.711198 1106.105762 -4.541918 0.634217 0.773080 -0.006411 -0.008687
1630597614.557900 -417.737769 1106.253745 -4.542536 0.634169 0.773119 -0.006458 -0.008626
1630597614.807903 -417.763411 1106.389943 -4.543300 0.634106 0.773175 -0.006285 -0.008420
1630597615.057280 -417.785751 1106.510481 -4.543747 0.634114 0.773170 -0.006223 -0.008316
1630597615.306655 -417.803196 1106.612966 -4.544287 0.634097 0.773181 -0.006376 -0.008478
1630597615.556656 -417.816869 1106.694426 -4.544829 0.634066 0.773203 -0.006452 -0.008726
1630597615.806659 -417.827905 1106.756797 -4.545233 0.634116 0.773160 -0.006399 -0.008893
1630597616.056661 -417.837295 1106.809209 -4.545559 0.634118 0.773159 -0.006406 -0.008893
1630597616.306660 -417.845024 1106.854106 -4.545991 0.634051 0.773213 -0.006394 -0.008959
1630597616.557287 -417.852758 1106.897199 -4.546215 0.634066 0.773200 -0.006412 -0.008974
1630597616.807291 -417.861434 1106.940701 -4.546366 0.634088 0.773184 -0.006353 -0.008862
1630597617.057285 -417.870263 1106.986270 -4.546602 0.634071 0.773199 -0.006305 -0.008752
1630597617.307284 -417.878840 1107.028945 -4.546925 0.634051 0.773218 -0.006225 -0.008632
1630597617.557922 -417.886124 1107.065221 -4.547375 0.634022 0.773244 -0.006141 -0.008527
1630597617.807920 -417.891979 1107.095922 -4.547807 0.634014 0.773250 -0.006111 -0.008492
1630597618.057925 -417.896866 1107.120837 -4.548058 0.633996 0.773267 -0.006070 -0.008427
1630597618.307921 -417.900492 1107.140830 -4.548376 0.633991 0.773271 -0.006090 -0.008408
1630597618.557923 -417.903572 1107.156895 -4.548736 0.633986 0.773275 -0.006059 -0.008398
1630597618.808553 -417.905824 1107.169230 -4.549068 0.633974 0.773285 -0.006037 -0.008432
1630597619.058549 -417.908545 1107.183631 -4.549468 0.633970 0.773288 -0.005976 -0.008467
1630597619.307929 -417.912444 1107.204804 -4.549594 0.633974 0.773285 -0.005986 -0.008427
1630597619.558557 -417.917315 1107.230784 -4.549750 0.633965 0.773293 -0.005947 -0.008421
1630597619.808562 -417.922215 1107.261008 -4.549924 0.633966 0.773291 -0.006007 -0.008482
1630597620.058559 -417.928469 1107.294705 -4.549999 0.633966 0.773292 -0.005921 -0.008505
1630597620.307943 -417.935279 1107.333283 -4.550104 0.633965 0.773292 -0.005932 -0.008501
1630597620.557311 -417.942818 1107.374051 -4.549819 0.633951 0.773304 -0.005981 -0.008392
1630597620.806689 -417.949262 1107.406909 -4.548777 0.633936 0.773320 -0.006155 -0.007985
1630597621.056077 -417.950406 1107.412752 -4.548588 0.633930 0.773325 -0.006224 -0.007891
1630597621.306695 -417.950319 1107.412537 -4.548591 0.633886 0.773360 -0.006110 -0.008098
1630597621.556697 -417.950402 1107.412655 -4.548587 0.633918 0.773335 -0.006149 -0.007958
1630597621.806701 -417.950357 1107.412573 -4.548588 0.633913 0.773338 -0.006117 -0.008044
1630597622.056701 -417.950347 1107.412526 -4.548589 0.633909 0.773341 -0.006084 -0.008083
1630597622.306713 -417.950355 1107.412596 -4.548589 0.633906 0.773344 -0.006134 -0.008032
1630597622.556703 -417.950372 1107.412601 -4.548589 0.633906 0.773344 -0.006127 -0.008015
1630597622.806707 -417.950343 1107.412581 -4.548590 0.633911 0.773340 -0.006131 -0.008051
1630597623.056702 -417.950357 1107.412575 -4.548589 0.633920 0.773332 -0.006116 -0.008044
1630597623.306708 -417.950348 1107.412603 -4.548589 0.633920 0.773333 -0.006144 -0.008033
1630597623.556711 -417.950374 1107.412622 -4.548589 0.633926 0.773328 -0.006143 -0.008000
1630597623.807338 -417.950362 1107.412607 -4.548589 0.633926 0.773328 -0.006138 -0.008020
1630597624.057343 -417.950370 1107.412586 -4.548589 0.633942 0.773315 -0.006117 -0.008026
1630597624.307340 -417.950356 1107.412584 -4.548589 0.633935 0.773320 -0.006124 -0.008038
1630597624.557357 -417.950357 1107.412615 -4.548589 0.633933 0.773322 -0.006148 -0.008017
1630597624.807970 -417.950389 1107.412624 -4.548589 0.633931 0.773324 -0.006134 -0.007987
1630597625.057973 -417.950361 1107.412583 -4.548590 0.633941 0.773316 -0.006118 -0.008036
1630597625.307970 -417.950370 1107.412569 -4.548589 0.633945 0.773312 -0.006104 -0.008038
1630597625.557972 -417.950348 1107.412601 -4.548590 0.633944 0.773313 -0.006144 -0.008033
1630597625.807975 -417.950389 1107.412623 -4.548589 0.633950 0.773309 -0.006134 -0.007987
1630597626.057975 -417.950399 1107.412604 -4.548589 0.633939 0.773318 -0.006112 -0.007993
1630597626.307976 -417.950361 1107.412592 -4.548590 0.633943 0.773314 -0.006127 -0.008030
1630597626.558607 -417.950382 1107.412585 -4.548589 0.633938 0.773318 -0.006109 -0.008017
1630597626.808607 -417.950364 1107.412618 -4.548589 0.633935 0.773320 -0.006146 -0.008010
1630597627.058611 -417.950391 1107.412612 -4.548589 0.633944 0.773314 -0.006123 -0.007992
1630597627.308609 -417.950369 1107.412594 -4.548589 0.633952 0.773306 -0.006122 -0.008022
1630597627.557982 -417.950359 1107.412582 -4.548589 0.633951 0.773307 -0.006120 -0.008037
1630597627.806737 -417.950375 1107.412587 -4.548588 0.633945 0.773312 -0.006114 -0.008022
1630597628.056743 -417.950366 1107.412604 -4.548589 0.633946 0.773311 -0.006134 -0.008018
1630597628.306123 -417.950392 1107.412599 -4.548588 0.633938 0.773318 -0.006115 -0.008001
1630597628.556118 -417.950396 1107.412570 -4.548588 0.633929 0.773326 -0.006087 -0.008016
1630597628.806745 -417.950378 1107.412567 -4.548589 0.633917 0.773335 -0.006097 -0.008033
1630597629.056750 -417.950400 1107.412590 -4.548588 0.633924 0.773330 -0.006101 -0.008001
1630597629.307373 -417.950393 1107.412601 -4.548588 0.633931 0.773324 -0.006114 -0.007998
1630597629.557374 -417.950378 1107.412586 -4.548589 0.633925 0.773329 -0.006111 -0.008020
1630597629.807380 -417.950368 1107.412579 -4.548589 0.633919 0.773334 -0.006113 -0.008032
1630597630.058007 -417.950368 1107.412597 -4.548588 0.633915 0.773336 -0.006127 -0.008021
1630597630.308047 -417.950374 1107.412617 -4.548588 0.633908 0.773342 -0.006138 -0.008003
1630597630.558004 -417.950367 1107.412609 -4.548589 0.633910 0.773341 -0.006136 -0.008015
1630597630.808009 -417.950372 1107.412573 -4.548588 0.633906 0.773344 -0.006105 -0.008034
1630597631.058007 -417.950353 1107.412566 -4.548589 0.633899 0.773350 -0.006112 -0.008053
1630597631.308008 -417.950357 1107.412584 -4.548589 0.633904 0.773346 -0.006124 -0.008037
1630597631.558638 -417.950373 1107.412596 -4.548588 0.633904 0.773346 -0.006123 -0.008018
1630597631.808639 -417.950371 1107.412594 -4.548589 0.633908 0.773343 -0.006122 -0.008021
1630597632.058641 -417.950376 1107.412566 -4.548589 0.633902 0.773348 -0.006096 -0.008036
1630597632.308020 -417.950361 1107.412546 -4.548589 0.633903 0.773347 -0.006091 -0.008060
1630597632.557398 -417.950367 1107.412560 -4.548589 0.633900 0.773349 -0.006098 -0.008046
1630597632.806773 -417.950356 1107.412588 -4.548589 0.633901 0.773349 -0.006127 -0.008037
1630597633.056777 -417.950360 1107.412589 -4.548589 0.633902 0.773347 -0.006126 -0.008032
1630597633.306774 -417.950368 1107.412557 -4.548589 0.633907 0.773344 -0.006096 -0.008047
1630597633.556777 -417.950359 1107.412569 -4.548589 0.633909 0.773341 -0.006110 -0.008046
1630597633.806780 -417.950372 1107.412592 -4.548588 0.633909 0.773341 -0.006120 -0.008022
1630597634.056788 -417.950380 1107.412583 -4.548588 0.633907 0.773343 -0.006108 -0.008020
1630597634.306785 -417.950374 1107.412564 -4.548588 0.633890 0.773357 -0.006097 -0.008038
1630597634.557413 -417.950356 1107.412566 -4.548589 0.633886 0.773360 -0.006110 -0.008050
1630597634.807416 -417.950365 1107.412615 -4.548589 0.633879 0.773367 -0.006142 -0.008012
1630597635.057416 -417.950357 1107.412611 -4.548589 0.633883 0.773363 -0.006144 -0.008021
1630597635.307422 -417.950331 1107.412602 -4.548590 0.633874 0.773370 -0.006153 -0.008047
1630597635.558050 -417.950343 1107.412587 -4.548590 0.633879 0.773366 -0.006134 -0.008047
1630597635.808052 -417.950349 1107.412601 -4.548589 0.633887 0.773360 -0.006142 -0.008033
1630597636.058057 -417.950361 1107.412625 -4.548589 0.633892 0.773356 -0.006153 -0.008008
1630597636.308061 -417.950362 1107.412620 -4.548589 0.633893 0.773355 -0.006147 -0.008011
1630597636.558059 -417.950373 1107.412590 -4.548589 0.633890 0.773357 -0.006118 -0.008022
1630597636.808059 -417.950364 1107.412595 -4.548589 0.633886 0.773361 -0.006127 -0.008025
1630597637.058686 -417.950362 1107.412609 -4.548588 0.633876 0.773368 -0.006140 -0.008018
1630597637.308689 -417.950365 1107.412628 -4.548589 0.633890 0.773358 -0.006152 -0.008003
1630597637.558692 -417.950369 1107.412627 -4.548589 0.633889 0.773358 -0.006148 -0.008001
1630597637.808072 -417.950372 1107.412625 -4.548588 0.633885 0.773362 -0.006145 -0.008000
1630597638.057443 -417.950372 1107.412594 -4.548589 0.633887 0.773359 -0.006121 -0.008021
1630597638.306828 -417.950372 1107.412626 -4.548589 0.633890 0.773357 -0.006146 -0.008000
1630597638.556827 -417.950379 1107.412601 -4.548589 0.633893 0.773355 -0.006123 -0.008009
1630597638.806207 -417.950363 1107.412596 -4.548589 0.633892 0.773356 -0.006127 -0.008026
1630597639.056832 -417.950396 1107.412623 -4.548588 0.633898 0.773351 -0.006129 -0.007982
1630597639.306834 -417.950374 1107.412584 -4.548589 0.633900 0.773350 -0.006113 -0.008025
1630597639.556834 -417.950376 1107.412601 -4.548589 0.633898 0.773351 -0.006124 -0.008013
1630597639.806838 -417.950387 1107.412647 -4.548588 0.633908 0.773343 -0.006153 -0.007974
1630597640.056849 -417.950363 1107.412602 -4.548589 0.633915 0.773337 -0.006133 -0.008021
1630597640.306843 -417.950340 1107.412616 -4.548589 0.633892 0.773355 -0.006158 -0.008031
1630597640.556222 -417.950376 1107.412637 -4.548588 0.633907 0.773344 -0.006152 -0.007990
1630597640.806224 -417.950375 1107.412632 -4.548588 0.633902 0.773348 -0.006150 -0.007992
1630597641.056228 -417.950389 1107.412614 -4.548588 0.633898 0.773351 -0.006127 -0.007993
1630597641.306853 -417.950364 1107.412595 -4.548588 0.633898 0.773351 -0.006127 -0.008026
1630597641.556857 -417.950362 1107.412591 -4.548589 0.633902 0.773347 -0.006125 -0.008029
1630597641.807485 -417.950358 1107.412620 -4.548589 0.633888 0.773358 -0.006151 -0.008013
1630597642.057485 -417.950369 1107.412648 -4.548589 0.633884 0.773363 -0.006165 -0.007987
1630597642.307489 -417.950372 1107.412623 -4.548589 0.633876 0.773369 -0.006143 -0.008002
1630597642.557492 -417.950371 1107.412606 -4.548589 0.633871 0.773373 -0.006132 -0.008013
1630597642.808120 -417.950363 1107.412620 -4.548589 0.633863 0.773379 -0.006147 -0.008010
1630597643.058123 -417.950349 1107.412654 -4.548589 0.633857 0.773384 -0.006182 -0.007998
1630597643.308750 -417.950356 1107.412628 -4.548589 0.633841 0.773397 -0.006156 -0.008012
1630597643.558750 -417.950356 1107.412603 -4.548589 0.633845 0.773394 -0.006138 -0.008026
1630597643.808756 -417.950351 1107.412642 -4.548589 0.633841 0.773397 -0.006172 -0.008005
1630597644.058139 -417.950359 1107.412666 -4.548589 0.633833 0.773404 -0.006185 -0.007984
1630597644.307521 -417.950358 1107.412649 -4.548589 0.633823 0.773412 -0.006172 -0.007996
1630597644.556886 -417.950368 1107.412637 -4.548589 0.633837 0.773401 -0.006157 -0.007996
1630597644.806262 -417.950352 1107.412620 -4.548590 0.633815 0.773418 -0.006153 -0.008020
1630597645.056290 -417.950355 1107.412612 -4.548590 0.633828 0.773408 -0.006145 -0.008023
1630597645.306267 -417.950354 1107.412628 -4.548590 0.633829 0.773407 -0.006159 -0.008013
1630597645.556270 -417.950386 1107.412637 -4.548589 0.633825 0.773411 -0.006147 -0.007982
1630597645.806274 -417.950378 1107.412601 -4.548589 0.633819 0.773416 -0.006122 -0.008011
1630597646.056901 -417.950376 1107.412592 -4.548589 0.633806 0.773426 -0.006116 -0.008019
1630597646.306910 -417.950366 1107.412627 -4.548589 0.633807 0.773426 -0.006149 -0.008004
1630597646.556905 -417.950357 1107.412630 -4.548589 0.633806 0.773426 -0.006158 -0.008010
1630597646.807532 -417.950360 1107.412607 -4.548589 0.633800 0.773431 -0.006139 -0.008023
1630597647.057529 -417.950337 1107.412596 -4.548589 0.633787 0.773441 -0.006145 -0.008047
1630597647.307532 -417.950347 1107.412603 -4.548589 0.633781 0.773447 -0.006144 -0.008035
1630597647.557539 -417.950348 1107.412626 -4.548589 0.633774 0.773452 -0.006160 -0.008019
1630597647.808166 -417.950349 1107.412625 -4.548589 0.633766 0.773459 -0.006159 -0.008020
1630597648.058171 -417.950355 1107.412606 -4.548590 0.633765 0.773460 -0.006140 -0.008028
1630597648.308794 -417.950339 1107.412600 -4.548590 0.633758 0.773465 -0.006146 -0.008044
1630597648.558798 -417.950351 1107.412611 -4.548589 0.633760 0.773464 -0.006148 -0.008027
1630597648.808801 -417.950352 1107.412622 -4.548589 0.633766 0.773459 -0.006156 -0.008018
1630597649.058181 -417.950373 1107.412626 -4.548589 0.633766 0.773459 -0.006144 -0.008000
1630597649.308178 -417.950359 1107.412600 -4.548590 0.633759 0.773465 -0.006133 -0.008028
1630597649.558183 -417.950347 1107.412608 -4.548590 0.633749 0.773473 -0.006148 -0.008031
1630597649.807562 -417.950364 1107.412636 -4.548589 0.633752 0.773470 -0.006158 -0.008000
1630597650.057565 -417.950375 1107.412622 -4.548589 0.633751 0.773472 -0.006139 -0.008001
1630597650.307564 -417.950382 1107.412605 -4.548589 0.633755 0.773468 -0.006122 -0.008006
1630597650.557569 -417.950380 1107.412607 -4.548589 0.633769 0.773456 -0.006125 -0.008006
1630597650.807565 -417.950371 1107.412639 -4.548589 0.633766 0.773459 -0.006155 -0.007993
1630597651.057574 -417.950384 1107.412640 -4.548589 0.633774 0.773453 -0.006148 -0.007982
1630597651.307576 -417.950384 1107.412618 -4.548589 0.633776 0.773451 -0.006131 -0.007996
1630597651.558203 -417.950380 1107.412594 -4.548589 0.633773 0.773453 -0.006115 -0.008015
1630597651.808205 -417.950403 1107.412612 -4.548588 0.633778 0.773450 -0.006115 -0.007984
1630597652.058832 -417.950322 1107.412622 -4.548590 0.633746 0.773475 -0.006171 -0.008040
1630597652.308845 -417.950340 1107.412627 -4.548590 0.633769 0.773456 -0.006166 -0.008026
1630597652.559462 -417.950385 1107.412604 -4.548589 0.633781 0.773447 -0.006119 -0.008005
1630597652.808841 -417.950405 1107.412619 -4.548588 0.633790 0.773440 -0.006118 -0.007979
1630597653.058217 -417.950394 1107.412625 -4.548589 0.633795 0.773436 -0.006129 -0.007983
1630597653.306966 -417.950377 1107.412614 -4.548588 0.633795 0.773436 -0.006133 -0.008004
1630597653.556971 -417.950361 1107.412609 -4.548604 0.633780 0.773448 -0.006129 -0.008013
1630597653.806355 -417.949860 1107.412857 -4.548940 0.633776 0.773450 -0.006112 -0.008066
1630597654.056353 -417.950276 1107.417440 -4.549720 0.633774 0.773452 -0.006000 -0.008196
1630597654.306359 -417.952267 1107.430470 -4.549919 0.633792 0.773436 -0.005897 -0.008306
1630597654.556358 -417.956682 1107.457732 -4.550907 0.633774 0.773450 -0.005575 -0.008703
1630597654.806361 -417.964639 1107.511222 -4.551338 0.633794 0.773428 -0.005522 -0.009187
1630597655.056988 -417.979936 1107.589463 -4.550213 0.633798 0.773428 -0.005248 -0.009039
1630597655.306985 -418.001223 1107.707181 -4.552738 0.633768 0.773447 -0.004383 -0.009901
1630597655.557610 -418.036110 1107.895461 -4.553816 0.633770 0.773442 -0.003508 -0.010495
1630597655.807627 -418.086763 1108.172530 -4.553698 0.633662 0.773533 -0.003109 -0.010506
1630597656.058246 -418.153160 1108.540949 -4.552961 0.633723 0.773483 -0.002803 -0.010588
1630597656.308245 -418.234926 1108.996434 -4.553874 0.634672 0.772709 -0.002440 -0.010304
1630597656.558246 -418.328051 1109.536928 -4.552977 0.635659 0.771899 -0.002369 -0.010168
1630597656.808872 -418.437486 1110.161645 -4.551977 0.636718 0.771030 -0.001614 -0.010031
1630597657.058879 -418.553708 1110.865171 -4.551921 0.637166 0.770651 -0.001878 -0.010601
1630597657.308256 -418.689367 1111.637424 -4.549438 0.637534 0.770359 -0.001182 -0.009750
1630597657.558258 -418.833411 1112.466965 -4.546809 0.637878 0.770082 -0.000381 -0.009236
1630597657.807636 -418.980555 1113.345353 -4.543439 0.637604 0.770305 -0.000877 -0.009478
1630597658.057015 -419.140281 1114.278983 -4.542917 0.636148 0.771527 -0.002778 -0.007382
1630597658.307639 -419.327942 1115.251694 -4.538660 0.634368 0.773021 -0.002643 -0.002964
1630597658.557636 -419.508318 1116.239421 -4.539928 0.632056 0.774911 -0.003652 -0.002293
1630597658.807642 -419.698182 1117.230974 -4.547915 0.630090 0.776510 -0.003013 -0.003105
1630597659.057641 -419.903358 1118.229318 -4.552869 0.627011 0.779006 -0.001685 -0.002089
1630597659.307645 -420.105606 1119.217327 -4.554207 0.622474 0.782632 -0.002490 -0.002849
1630597659.558280 -420.317694 1120.167468 -4.557267 0.618115 0.786077 -0.002007 -0.003470
1630597659.808281 -420.532087 1121.063726 -4.556242 0.613095 0.790002 -0.001697 -0.003000
1630597660.058285 -420.737108 1121.893259 -4.555457 0.608236 0.793744 -0.001759 -0.003997
1630597660.308289 -420.940087 1122.649386 -4.551616 0.603361 0.797458 -0.000827 -0.004056
1630597660.558912 -421.133476 1123.337395 -4.549606 0.598971 0.800760 0.000070 -0.004121
1630597660.808916 -421.315797 1123.949135 -4.546534 0.595163 0.803597 0.001305 -0.003363
1630597661.058921 -421.478899 1124.483852 -4.541625 0.592093 0.805860 0.002383 -0.003308
1630597661.308914 -421.620574 1124.947717 -4.536968 0.589275 0.807922 0.002553 -0.003248
1630597661.558921 -421.746890 1125.339391 -4.533832 0.586961 0.809602 0.003489 -0.002978
1630597661.808926 -421.855183 1125.672822 -4.533303 0.585127 0.810923 0.004324 -0.003384
1630597662.058306 -421.950937 1125.962126 -4.531288 0.583351 0.812197 0.004983 -0.003526
1630597662.307088 -422.038198 1126.215855 -4.528779 0.581711 0.813369 0.005723 -0.003187
1630597662.557054 -422.116280 1126.440821 -4.526173 0.580253 0.814405 0.006472 -0.003126
1630597662.806432 -422.189147 1126.650193 -4.522847 0.578836 0.815409 0.006955 -0.002943
1630597663.056438 -422.259049 1126.846728 -4.519594 0.577524 0.816336 0.007386 -0.002471
1630597663.306438 -422.323028 1127.028621 -4.517230 0.576341 0.817171 0.007617 -0.002367
1630597663.556441 -422.381765 1127.195656 -4.515138 0.575223 0.817957 0.007709 -0.002213
1630597663.806444 -422.435638 1127.344026 -4.513191 0.574301 0.818603 0.007963 -0.001991
1630597664.057074 -422.482559 1127.470530 -4.511807 0.573564 0.819115 0.008410 -0.001924
1630597664.307070 -422.526682 1127.591108 -4.510207 0.572540 0.819824 0.009027 -0.002396
1630597664.557075 -422.579961 1127.729970 -4.507908 0.571298 0.820685 0.009493 -0.002051
1630597664.806449 -422.640045 1127.886697 -4.505954 0.569639 0.821836 0.009767 -0.001663
1630597665.057073 -422.707263 1128.062850 -4.503896 0.567523 0.823298 0.009775 -0.001366
1630597665.307078 -422.780993 1128.259549 -4.502978 0.564524 0.825357 0.009671 -0.002225
1630597665.556457 -422.875802 1128.510092 -4.504422 0.559761 0.828574 0.010175 -0.005495
1630597665.806460 -423.034028 1128.868474 -4.502584 0.550781 0.834573 0.010360 -0.004462
1630597666.056465 -423.255076 1129.332028 -4.498264 0.535126 0.844711 0.009499 -0.003484
1630597666.306466 -423.555841 1129.882396 -4.494772 0.511075 0.859483 0.008868 -0.003455
1630597666.556467 -423.959003 1130.510344 -4.493037 0.479529 0.877479 0.008515 -0.003243
1630597666.807098 -424.479659 1131.215935 -4.494932 0.440733 0.897621 0.004999 -0.002504
1630597667.057103 -425.162360 1131.944583 -4.504675 0.397012 0.917795 0.005645 0.001565
1630597667.307097 -425.978844 1132.710707 -4.516753 0.347232 0.937776 -0.001135 0.002112
1630597667.557725 -426.990336 1133.423446 -4.542928 0.295740 0.955262 0.001633 0.003136
1630597667.807730 -428.167783 1134.114526 -4.572310 0.243979 0.969775 -0.000353 0.003202
1630597668.058358 -429.525812 1134.736714 -4.602333 0.195270 0.980739 -0.001289 0.004398
1630597668.308995 -431.025748 1135.252567 -4.637275 0.150594 0.988588 0.000890 0.003742
1630597668.558987 -432.654472 1135.683034 -4.670768 0.107766 0.994165 -0.000749 0.004740
1630597668.808988 -434.405620 1135.987967 -4.707183 0.067436 0.997713 -0.000332 0.004482
1630597669.058992 -436.275144 1136.174361 -4.747356 0.034933 0.999383 0.001871 0.003051
1630597669.308368 -438.266027 1136.280667 -4.787950 0.012157 0.999912 0.002711 0.004604
1630597669.557748 -440.377706 1136.326040 -4.836410 -0.001009 0.999953 0.003539 0.008928
1630597669.807124 -442.570191 1136.345690 -4.900521 -0.008031 0.999941 0.002185 0.007024
1630597670.056500 -444.853365 1136.346048 -4.956050 -0.010916 0.999915 0.001087 0.007009
1630597670.306544 -447.208600 1136.337825 -5.008660 -0.012718 0.999910 0.000314 0.004170
1630597670.556502 -449.647530 1136.336310 -5.054619 -0.012474 0.999904 -0.003256 0.005146
1630597670.806505 -452.141622 1136.345415 -5.098331 -0.012220 0.999894 -0.007862 -0.000393
1630597671.057129 -454.728712 1136.354415 -5.121441 -0.011159 0.999863 -0.011839 -0.002931
1630597671.307137 -457.403939 1136.355085 -5.137083 -0.010387 0.999868 -0.012370 -0.001721
1630597671.557139 -460.104378 1136.349159 -5.142586 -0.008916 0.999813 -0.009750 -0.014123
1630597671.807766 -462.907518 1136.347534 -5.084308 -0.007701 0.999804 -0.006480 -0.017059
1630597672.057774 -465.750866 1136.361952 -5.006963 -0.006474 0.999682 -0.005068 -0.023833
1630597672.307143 -468.669407 1136.384879 -4.900839 -0.005478 0.999738 -0.004714 -0.021711
1630597672.557774 -471.665265 1136.397888 -4.808552 -0.004593 0.999832 0.000411 -0.017727
1630597672.807777 -474.690551 1136.431256 -4.733351 -0.003663 0.999803 0.000319 -0.019506
1630597673.057780 -477.784838 1136.480572 -4.651392 -0.002545 0.999864 -0.001141 -0.016269
1630597673.307779 -480.907762 1136.541214 -4.578492 -0.001546 0.999848 -0.003339 -0.017031
1630597673.558407 -484.071345 1136.603646 -4.498998 -0.000256 0.999868 -0.004415 -0.015607
1630597673.808412 -487.238719 1136.679871 -4.423748 0.001088 0.999858 -0.006340 -0.015550
1630597674.059042 -490.435419 1136.753198 -4.356519 0.002397 0.999912 -0.005170 -0.012005
1630597674.309035 -493.593481 1136.823299 -4.284762 0.004009 0.999790 -0.001561 -0.020058
1630597674.558416 -496.759604 1136.919675 -4.169885 0.005568 0.999812 -0.001850 -0.018491
1630597674.808421 -499.914552 1137.025328 -4.072753 0.007078 0.999843 -0.002245 -0.016111
1630597675.057800 -503.027321 1137.130792 -3.986801 0.008580 0.999827 -0.000959 -0.016465
1630597675.307173 -506.112454 1137.255739 -3.896347 0.009734 0.999820 -0.002519 -0.016066
1630597675.557172 -509.182131 1137.381454 -3.812448 0.010243 0.999852 -0.003083 -0.013466
1630597675.807802 -512.217099 1137.505206 -3.739859 0.010789 0.999846 -0.003082 -0.013506
1630597676.057818 -515.207448 1137.640204 -3.668105 0.011026 0.999834 -0.005218 -0.013518
1630597676.308445 -518.161532 1137.772073 -3.592760 0.011412 0.999809 -0.006277 -0.014578
1630597676.557810 -521.074210 1137.904034 -3.520679 0.011936 0.999838 -0.008028 -0.010783
1630597676.807812 -523.928697 1138.039438 -3.462191 0.012316 0.999787 -0.009141 -0.013838
1630597677.058440 -526.759274 1138.171074 -3.389361 0.012507 0.999790 -0.009272 -0.013300
1630597677.308442 -529.538887 1138.292577 -3.321771 0.012725 0.999803 -0.007577 -0.013239
1630597677.558446 -532.264648 1138.408529 -3.251366 0.012996 0.999767 -0.005305 -0.016377
1630597677.808446 -534.952511 1138.531059 -3.166197 0.013263 0.999758 -0.004784 -0.016890
1630597678.058450 -537.601511 1138.664148 -3.084453 0.013588 0.999780 -0.006650 -0.014517
1630597678.308486 -540.174908 1138.803704 -3.014218 0.014036 0.999735 -0.010666 -0.014821
1630597678.557830 -542.652238 1138.943318 -2.942113 0.014434 0.999697 -0.014204 -0.014024
1630597678.807832 -545.033862 1139.067491 -2.876453 0.014878 0.999706 -0.014726 -0.012210
1630597679.057834 -547.283915 1139.187529 -2.818603 0.014774 0.999656 -0.015928 -0.014719
1630597679.307835 -549.412101 1139.294947 -2.753018 0.013951 0.999644 -0.015884 -0.016288
1630597679.557834 -551.412834 1139.379803 -2.684801 0.013072 0.999684 -0.013067 -0.017053
1630597679.807840 -553.279485 1139.453410 -2.618643 0.012777 0.999714 -0.009953 -0.017574
1630597680.058467 -555.019100 1139.521778 -2.555019 0.013008 0.999759 -0.007107 -0.016223
1630597680.308462 -556.627461 1139.595101 -2.500442 0.013707 0.999754 -0.006417 -0.016220
1630597680.558467 -558.141947 1139.665988 -2.450513 0.014438 0.999714 -0.005789 -0.018185
1630597680.808474 -559.580301 1139.734096 -2.391135 0.014829 0.999547 -0.004479 -0.025812
1630597681.058478 -560.904726 1139.810202 -2.318814 0.015376 0.998711 -0.005687 -0.048031
1630597681.308479 -562.309021 1139.879417 -2.224988 0.015987 0.999451 -0.005461 -0.028511
1630597681.559106 -563.656675 1139.957721 -2.115053 0.016252 0.999795 -0.007202 -0.009710
1630597681.808486 -564.904528 1140.039651 -2.119113 0.017032 0.999742 -0.010526 -0.010733
1630597682.059104 -566.223420 1140.111335 -2.098031 0.017610 0.999750 -0.010561 0.008889
1630597682.309106 -567.441899 1140.173064 -2.087629 0.018191 0.999770 -0.008394 -0.007648
1630597682.559112 -568.687967 1140.262908 -2.116988 0.019884 0.999208 -0.011317 -0.032572
1630597682.808489 -570.099816 1140.329841 -2.036135 0.021486 0.999492 -0.006484 -0.022649
1630597683.058494 -571.542986 1140.440176 -1.984213 0.024145 0.999390 -0.009030 -0.023551
1630597683.307869 -573.055063 1140.548731 -1.940777 0.026841 0.999294 -0.008021 -0.025016
1630597683.557873 -574.667624 1140.673849 -1.881236 0.029107 0.999289 -0.008390 -0.022432
1630597683.807873 -576.361028 1140.814312 -1.831617 0.030210 0.999263 -0.008505 -0.022081
1630597684.057877 -578.146453 1140.954565 -1.779602 0.030666 0.999272 -0.007020 -0.021601
1630597684.307890 -580.014899 1141.109918 -1.726404 0.031109 0.999229 -0.006970 -0.022932
1630597684.557256 -581.971606 1141.272955 -1.667940 0.030956 0.999240 -0.007205 -0.022557
1630597684.807256 -584.023401 1141.440951 -1.606374 0.029567 0.999298 -0.008277 -0.021451
1630597685.057262 -586.152791 1141.602980 -1.544989 0.027132 0.999349 -0.007594 -0.022529
1630597685.306633 -588.345672 1141.755178 -1.473419 0.023211 0.999390 -0.007608 -0.024974
1630597685.556639 -590.611931 1141.891752 -1.389578 0.018316 0.999533 -0.007429 -0.023296
1630597685.806644 -592.922530 1142.008752 -1.308214 0.013147 0.999619 -0.007689 -0.023035
1630597686.056646 -595.278594 1142.100751 -1.227210 0.007597 0.999695 -0.007347 -0.022305
1630597686.307277 -597.682990 1142.158936 -1.145534 0.000353 0.999678 -0.005992 -0.024665
1630597686.557273 -600.152490 1142.179403 -1.055442 -0.007865 0.999723 -0.004727 -0.021652
1630597686.806652 -602.668065 1142.162377 -0.978479 -0.017687 0.999630 -0.004822 -0.020099
1630597687.057280 -605.260604 1142.089195 -0.912675 -0.028283 0.999480 -0.004877 -0.014669
1630597687.307277 -607.866154 1141.967960 -0.855703 -0.039567 0.999008 -0.007446 -0.019049
1630597687.557909 -610.551021 1141.773794 -0.785157 -0.050945 0.998576 -0.007400 -0.013976
1630597687.807912 -613.250415 1141.533697 -0.735883 -0.061997 0.997947 -0.011320 -0.011386
1630597688.057915 -615.944995 1141.236159 -0.686811 -0.073133 0.997123 -0.015016 -0.013096
1630597688.307918 -618.653396 1140.866349 -0.631022 -0.083848 0.996308 -0.015787 -0.009530
1630597688.557919 -621.344374 1140.424306 -0.590721 -0.093487 0.995485 -0.012751 -0.010352
1630597688.808547 -624.052632 1139.928899 -0.547503 -0.100892 0.994794 -0.009606 -0.010634
1630597689.058550 -626.765987 1139.408459 -0.505128 -0.108133 0.994023 -0.010188 -0.011070
1630597689.308551 -629.497761 1138.848437 -0.460776 -0.114306 0.993331 -0.010878 -0.010490
1630597689.558550 -632.244459 1138.249086 -0.419204 -0.120718 0.992563 -0.011935 -0.010204
1630597689.808556 -635.003029 1137.604465 -0.376698 -0.126471 0.991843 -0.011111 -0.011348
1630597690.058556 -637.778638 1136.928519 -0.326955 -0.130780 0.991277 -0.011154 -0.011936
1630597690.309181 -640.587641 1136.223869 -0.277119 -0.133354 0.990963 -0.010403 -0.010090
1630597690.559184 -643.407287 1135.503929 -0.237223 -0.134926 0.990763 -0.009775 -0.009368
1630597690.807941 -646.231468 1134.780643 -0.199207 -0.135462 0.990686 -0.009975 -0.009603
1630597691.057316 -649.084344 1134.051096 -0.161129 -0.135640 0.990670 -0.010739 -0.007735
1630597691.306699 -651.934505 1133.323191 -0.125154 -0.135266 0.990689 -0.011700 -0.010092
1630597691.556069 -654.810463 1132.596215 -0.079809 -0.134926 0.990742 -0.013144 -0.007242
1630597691.806699 -657.716381 1131.864264 -0.056329 -0.134125 0.990858 -0.014243 -0.002866
1630597692.056702 -660.609443 1131.136716 -0.047824 -0.133196 0.990974 -0.014544 -0.004161
1630597692.306712 -663.519145 1130.403807 -0.030245 -0.132305 0.991098 -0.014351 -0.003884
1630597692.556704 -666.425437 1129.670774 -0.008742 -0.131342 0.991222 -0.012289 -0.008821
1630597692.806706 -669.356435 1128.936319 0.036301 -0.130674 0.991335 -0.009869 -0.009004
1630597693.056712 -672.321755 1128.207506 0.069405 -0.130545 0.991394 -0.009429 -0.002618
1630597693.306087 -675.270153 1127.483692 0.070725 -0.130207 0.991436 -0.009580 -0.002841
1630597693.556084 -678.236095 1126.755567 0.075809 -0.129926 0.991476 -0.009279 -0.002970
1630597693.806712 -681.208648 1126.033420 0.089192 -0.129825 0.991467 -0.010433 -0.005499
1630597694.056722 -684.186249 1125.302017 0.112594 -0.130296 0.991418 -0.009836 -0.004029
1630597694.306726 -687.158786 1124.562743 0.125179 -0.131395 0.991288 -0.008501 -0.003395
1630597694.556723 -690.125174 1123.827173 0.137257 -0.133190 0.991035 -0.009719 -0.004018
1630597694.806724 -693.090805 1123.070625 0.154634 -0.135105 0.990786 -0.008839 -0.003550
1630597695.057355 -696.055988 1122.312088 0.169894 -0.136715 0.990542 -0.010706 -0.004504
1630597695.307355 -699.015442 1121.546298 0.186876 -0.138388 0.990300 -0.011814 -0.003969
1630597695.556725 -701.953681 1120.771435 0.208837 -0.139767 0.990082 -0.012556 -0.006784
1630597695.806732 -704.914258 1119.979741 0.240810 -0.141230 0.989887 -0.012419 -0.004946
1630597696.056735 -707.872155 1119.180922 0.261406 -0.142578 0.989693 -0.012295 -0.005368
1630597696.306735 -710.842118 1118.361967 0.284619 -0.144225 0.989472 -0.011145 -0.004549
1630597696.556646 -713.825059 1117.520150 0.298134 -0.145900 0.989262 -0.007695 -0.003814
1630597696.806117 -716.834735 1116.694277 0.301108 -0.148910 0.988764 -0.013124 -0.000256
1630597697.056120 -719.851252 1115.829150 0.294727 -0.155257 0.987744 -0.016008 -0.000841
1630597697.306748 -722.875451 1114.863379 0.309891 -0.161468 0.986839 -0.008369 -0.002551
1630597697.556744 -725.927473 1113.892114 0.309475 -0.166172 0.986061 -0.008403 -0.000338
1630597697.806751 -728.997691 1112.898472 0.289058 -0.170541 0.985279 -0.011893 0.000785
1630597698.056756 -732.089608 1111.849720 0.268549 -0.174333 0.984622 -0.010920 0.002804
1630597698.306755 -735.198404 1110.776317 0.235513 -0.178587 0.983841 -0.012179 0.003921
1630597698.557382 -738.313960 1109.661766 0.205471 -0.182309 0.983168 -0.011780 0.002453
1630597698.807385 -741.432177 1108.514639 0.182710 -0.185143 0.982668 -0.008871 0.002762
1630597699.057387 -744.554589 1107.360092 0.161721 -0.186960 0.982320 -0.009667 -0.000220
1630597699.307390 -747.719939 1106.193131 0.143153 -0.188757 0.981927 -0.012645 0.005444
1630597699.557389 -750.873398 1105.018021 0.102307 -0.190269 0.981596 -0.016296 0.001585
1630597699.807390 -754.027940 1103.804539 0.109687 -0.190833 0.981515 -0.013707 -0.004784
1630597700.056762 -757.217628 1102.579717 0.138337 -0.192180 0.981279 -0.011895 -0.004036
1630597700.306786 -760.433778 1101.343794 0.151651 -0.193141 0.981091 -0.012002 -0.003660
1630597700.556769 -763.668291 1100.095913 0.167317 -0.194072 0.980896 -0.012965 -0.003426
1630597700.806778 -766.916750 1098.833245 0.181735 -0.195146 0.980686 -0.012733 -0.003437
1630597701.056779 -770.168686 1097.551091 0.202472 -0.196073 0.980516 -0.011045 -0.004597
1630597701.306787 -773.444006 1096.256008 0.220894 -0.197063 0.980343 -0.009468 -0.002240
1630597701.556163 -776.707178 1094.975483 0.229727 -0.197661 0.980170 -0.012699 -0.005999
1630597701.806165 -779.991798 1093.675280 0.283114 -0.198065 0.980040 -0.014074 -0.009695
1630597702.056797 -783.313541 1092.340400 0.341553 -0.198819 0.979955 -0.010512 -0.007002
1630597702.306212 -786.614816 1091.010638 0.382254 -0.199521 0.979805 -0.008721 -0.009885
1630597702.556174 -789.950922 1089.661794 0.433132 -0.200165 0.979720 -0.006766 -0.006086
1630597702.806178 -793.285716 1088.319300 0.463121 -0.200844 0.979572 -0.008011 -0.006009
1630597703.055555 -796.599699 1086.975638 0.511468 -0.201592 0.979362 -0.008519 -0.011749
1630597703.305559 -799.933234 1085.616489 0.592090 -0.202068 0.979246 -0.008017 -0.013497
1630597703.555556 -803.279118 1084.272509 0.679965 -0.202685 0.979076 -0.012343 -0.013307
1630597703.806188 -806.636479 1082.900959 0.759477 -0.202796 0.979090 -0.011707 -0.010914
1630597704.056193 -809.980047 1081.529217 0.829358 -0.202004 0.979273 -0.009252 -0.011578
1630597704.306194 -813.334215 1080.167503 0.899352 -0.201256 0.979429 -0.009194 -0.011428
1630597704.556198 -816.692222 1078.814241 0.975020 -0.199374 0.979792 -0.009654 -0.012859
1630597704.806202 -820.063146 1077.484321 1.058766 -0.195879 0.980470 -0.011316 -0.013512
1630597705.056206 -823.442286 1076.179557 1.153475 -0.190738 0.981466 -0.011377 -0.014606
1630597705.306207 -826.833103 1074.914573 1.256943 -0.184957 0.982543 -0.012200 -0.015826
1630597705.556833 -830.255449 1073.679198 1.365905 -0.179644 0.983571 -0.011001 -0.013964
1630597705.807462 -833.676642 1072.484450 1.459399 -0.174728 0.984426 -0.011158 -0.015872
1630597706.057467 -837.099960 1071.331515 1.568118 -0.170535 0.985119 -0.012530 -0.017328
1630597706.307467 -840.542164 1070.197850 1.680285 -0.167625 0.985664 -0.012769 -0.014351
1630597706.557471 -843.976966 1069.075394 1.772759 -0.165359 0.986073 -0.010533 -0.014365
1630597706.807473 -847.410286 1067.960135 1.865422 -0.163131 0.986466 -0.007273 -0.014815
1630597707.057477 -850.842925 1066.875044 1.963772 -0.161458 0.986702 -0.007643 -0.017109
1630597707.307475 -854.280874 1065.802895 2.075567 -0.160053 0.986926 -0.007030 -0.017618
1630597707.558109 -857.726512 1064.729349 2.189431 -0.158230 0.987224 -0.005147 -0.018065
1630597707.808110 -861.168250 1063.693148 2.302098 -0.156641 0.987448 -0.008217 -0.018498
1630597708.058113 -864.611317 1062.669134 2.419399 -0.154791 0.987716 -0.010245 -0.018772
1630597708.307503 -868.053027 1061.655153 2.540725 -0.152846 0.988038 -0.011596 -0.016876
1630597708.557495 -871.493792 1060.633834 2.653294 -0.150949 0.988355 -0.007231 -0.017784
1630597708.807495 -874.944381 1059.632692 2.761714 -0.149463 0.988605 -0.006384 -0.016731
1630597709.057502 -878.410017 1058.654030 2.857822 -0.148498 0.988790 -0.008793 -0.012834
1630597709.307499 -881.858128 1057.681369 2.944873 -0.148194 0.988783 -0.010176 -0.015583
1630597709.556878 -885.297260 1056.706446 3.048028 -0.147992 0.988770 -0.010940 -0.017653
1630597709.806881 -888.745968 1055.733855 3.167299 -0.148327 0.988685 -0.012339 -0.018694
1630597710.056886 -892.201563 1054.752211 3.285284 -0.149073 0.988612 -0.012753 -0.016139
1630597710.306934 -895.655446 1053.770467 3.382436 -0.149744 0.988514 -0.014535 -0.014345
1630597710.557514 -899.100664 1052.786355 3.480612 -0.149917 0.988446 -0.015004 -0.016589
1630597710.807518 -902.562637 1051.784816 3.586265 -0.150075 0.988514 -0.014661 -0.010172
1630597711.057522 -906.005491 1050.783088 3.642323 -0.149547 0.988642 -0.011128 -0.009963
1630597711.307526 -909.444490 1049.801823 3.711752 -0.149131 0.988661 -0.012035 -0.012845
1630597711.557527 -912.892816 1048.806769 3.794414 -0.148484 0.988790 -0.009401 -0.012606
1630597711.807529 -916.346653 1047.828888 3.872285 -0.147965 0.988864 -0.010563 -0.011966
1630597712.057537 -919.797678 1046.862959 3.943505 -0.147343 0.988937 -0.012490 -0.011746
1630597712.308162 -923.241739 1045.887970 4.025608 -0.146545 0.989066 -0.011027 -0.012347
1630597712.558165 -926.670556 1044.924228 4.103389 -0.146154 0.989156 -0.010147 -0.010321
1630597712.808169 -930.081119 1043.975890 4.166480 -0.145640 0.989247 -0.010467 -0.008396
1630597713.058171 -933.456336 1043.038598 4.224012 -0.144869 0.989344 -0.010975 -0.009581
1630597713.308174 -936.809597 1042.118166 4.292372 -0.144317 0.989406 -0.012344 -0.009755
1630597713.558797 -940.137876 1041.197994 4.364943 -0.143354 0.989554 -0.010812 -0.010719
1630597713.808804 -943.427856 1040.303762 4.440558 -0.142679 0.989630 -0.011757 -0.011708
1630597714.058178 -946.687061 1039.426811 4.518987 -0.141894 0.989750 -0.012714 -0.009965
1630597714.308184 -949.911284 1038.561889 4.591340 -0.140423 0.989940 -0.012861 -0.011623
1630597714.558810 -953.119823 1037.710255 4.668666 -0.137614 0.990348 -0.012029 -0.011320
1630597714.808812 -956.294185 1036.890926 4.742263 -0.133495 0.990931 -0.010838 -0.010820
1630597715.058197 -959.434939 1036.116150 4.811271 -0.129063 0.991507 -0.011952 -0.010642
1630597715.308197 -962.561064 1035.372658 4.878577 -0.123687 0.992224 -0.010228 -0.009448
1630597715.558820 -965.672211 1034.668197 4.935630 -0.118506 0.992872 -0.009788 -0.008103
1630597715.808828 -968.747756 1034.008848 4.982869 -0.112620 0.993559 -0.009554 -0.008083
1630597716.058848 -971.809760 1033.403160 5.026821 -0.104257 0.994483 -0.009747 -0.006320
1630597716.308840 -974.833681 1032.871820 5.070211 -0.094272 0.995413 -0.013217 -0.009589
1630597716.558832 -977.849241 1032.372270 5.128038 -0.085092 0.996329 -0.007935 -0.004912
1630597716.809463 -980.823270 1031.940309 5.158656 -0.074657 0.997183 -0.004021 -0.005956
1630597717.058844 -983.746590 1031.601359 5.194470 -0.067701 0.997642 -0.008234 -0.007748
1630597717.308219 -986.646235 1031.285464 5.237009 -0.061653 0.998050 -0.007281 -0.006421
1630597717.557594 -989.514144 1031.019237 5.267019 -0.056576 0.998324 -0.010855 -0.005531
1630597717.807595 -992.338285 1030.776993 5.299603 -0.054330 0.998401 -0.012384 -0.009468
1630597718.056980 -995.126060 1030.517256 5.352650 -0.052014 0.998585 -0.007804 -0.007807
1630597718.307610 -997.892066 1030.285686 5.386473 -0.051120 0.998661 -0.007314 -0.003129
1630597718.556981 -1000.580738 1030.074782 5.398375 -0.050727 0.998665 -0.009111 -0.003478
1630597718.807609 -1003.238564 1029.864710 5.413627 -0.050501 0.998669 -0.010360 -0.001666
1630597719.057616 -1005.827433 1029.661002 5.421731 -0.051174 0.998618 -0.011895 -0.001352
1630597719.307616 -1008.346905 1029.444688 5.429637 -0.052502 0.998568 -0.010226 -0.000907
1630597719.557619 -1010.781578 1029.228968 5.440531 -0.053885 0.998501 -0.009278 -0.002618
1630597719.807622 -1013.138696 1029.010805 5.456702 -0.055632 0.998426 -0.006989 -0.001547
1630597720.057629 -1015.372325 1028.806750 5.475265 -0.057385 0.998288 -0.008924 -0.006994
1630597720.307004 -1017.515466 1028.600776 5.515555 -0.059263 0.998162 -0.010041 -0.007730
1630597720.557004 -1019.584658 1028.390722 5.550308 -0.060518 0.998108 -0.009820 -0.004697
1630597720.807633 -1021.559220 1028.192976 5.569619 -0.061625 0.998022 -0.011037 -0.005640
1630597721.057630 -1023.444570 1028.000199 5.591871 -0.062626 0.997962 -0.011805 -0.003362
1630597721.307641 -1025.226476 1027.810207 5.607699 -0.063740 0.997895 -0.011873 -0.001635
1630597721.557647 -1026.902546 1027.626892 5.616046 -0.064596 0.997844 -0.011564 -0.001213
1630597721.807644 -1028.477549 1027.450154 5.623052 -0.065260 0.997808 -0.010951 -0.000605
1630597722.057646 -1029.951308 1027.283639 5.627811 -0.065882 0.997772 -0.010493 0.000154
1630597722.307651 -1031.313569 1027.130328 5.631076 -0.066355 0.997741 -0.010488 0.000811
1630597722.557648 -1032.547808 1026.990966 5.633930 -0.066543 0.997726 -0.010648 0.001161
1630597722.807655 -1033.650986 1026.867380 5.635119 -0.067102 0.997683 -0.011237 0.000766
1630597723.057663 -1034.627419 1026.756939 5.637392 -0.067191 0.997674 -0.011444 0.000606
1630597723.307036 -1035.482198 1026.658250 5.639552 -0.067620 0.997645 -0.011459 0.000626
1630597723.557039 -1036.217110 1026.572329 5.640525 -0.067868 0.997630 -0.011290 0.001002
1630597723.807041 -1036.830818 1026.499793 5.641541 -0.068120 0.997616 -0.010989 0.001246
1630597724.057047 -1037.327174 1026.441299 5.642437 -0.068263 0.997608 -0.010787 0.001519
1630597724.307053 -1037.700870 1026.401861 5.640989 -0.068413 0.997587 -0.011672 0.001750
1630597724.557047 -1037.959761 1026.368721 5.641687 -0.068652 0.997578 -0.011045 0.001478
1630597724.807051 -1038.115697 1026.349339 5.641405 -0.068524 0.997590 -0.010840 0.001393
1630597725.057683 -1038.176781 1026.342670 5.640967 -0.068547 0.997587 -0.010970 0.001003
1630597725.307684 -1038.173737 1026.343054 5.641147 -0.068621 0.997583 -0.010967 -0.000189
1630597725.557060 -1038.173376 1026.343507 5.641879 -0.068619 0.997579 -0.011120 -0.002117
1630597725.807067 -1038.209326 1026.338711 5.640687 -0.068601 0.997582 -0.010941 -0.002097
1630597726.057072 -1038.275818 1026.330378 5.641322 -0.068597 0.997584 -0.010808 -0.001969
1630597726.306490 -1038.383256 1026.317861 5.637173 -0.068531 0.997580 -0.010963 -0.004202
1630597726.556448 -1038.601650 1026.290728 5.632795 -0.068579 0.997558 -0.010828 -0.007581
1630597726.807074 -1038.978830 1026.245062 5.634482 -0.068784 0.997551 -0.010506 -0.007038
1630597727.057081 -1039.497639 1026.180235 5.634373 -0.069140 0.997534 -0.009744 -0.007122
1630597727.307082 -1040.156748 1026.103301 5.633839 -0.069649 0.997494 -0.010246 -0.007004
1630597727.557083 -1040.949534 1026.007016 5.632318 -0.069755 0.997487 -0.010003 -0.007308
1630597727.807087 -1041.875454 1025.893978 5.631845 -0.070131 0.997455 -0.009931 -0.008213
1630597728.057089 -1042.946023 1025.759996 5.629884 -0.070469 0.997447 -0.009186 -0.006950
1630597728.307094 -1044.152214 1025.622397 5.631193 -0.070723 0.997404 -0.011143 -0.007766
1630597728.557094 -1045.499780 1025.448385 5.627571 -0.070495 0.997440 -0.009162 -0.007785
1630597728.807095 -1046.988099 1025.268195 5.628086 -0.071081 0.997407 -0.009044 -0.006652
1630597729.057104 -1048.601549 1025.073662 5.626658 -0.071216 0.997403 -0.009654 -0.004677
1630597729.307105 -1050.301783 1024.870046 5.621187 -0.070872 0.997418 -0.010716 -0.004419
1630597729.557108 -1052.105878 1024.648933 5.613431 -0.071229 0.997402 -0.010655 -0.001631
1630597729.807732 -1054.007753 1024.415346 5.598013 -0.071242 0.997409 -0.009982 -0.000938
1630597730.057734 -1055.999190 1024.171288 5.579168 -0.070939 0.997408 -0.010832 -0.005288
1630597730.307112 -1058.111987 1023.906999 5.573939 -0.071072 0.997432 -0.007711 -0.004247
1630597730.557113 -1060.315031 1023.636597 5.568481 -0.070196 0.997493 -0.008360 -0.003133
1630597730.807121 -1062.582196 1023.371821 5.562732 -0.069601 0.997527 -0.009421 -0.002786
1630597731.057119 -1064.914532 1023.095699 5.552526 -0.068702 0.997600 -0.008629 0.000222
1630597731.307127 -1067.288857 1022.814874 5.530920 -0.067832 0.997666 -0.007674 -0.001356
1630597731.557756 -1069.728930 1022.535977 5.518298 -0.067087 0.997706 -0.007996 -0.004349
1630597731.807758 -1072.234704 1022.257541 5.517062 -0.066257 0.997745 -0.009181 -0.005562
1630597732.057764 -1074.823202 1021.972887 5.516501 -0.065597 0.997793 -0.009742 -0.003478
1630597732.307773 -1077.482076 1021.679012 5.504738 -0.065282 0.997821 -0.009386 -0.001791
1630597732.557763 -1080.197021 1021.370941 5.489691 -0.065229 0.997843 -0.007329 -0.001200
1630597732.808397 -1082.965722 1021.069419 5.472337 -0.064923 0.997852 -0.008682 0.000178
1630597733.058397 -1085.765711 1020.771467 5.455555 -0.065593 0.997785 -0.011031 -0.000013
1630597733.308400 -1088.606327 1020.447558 5.431761 -0.065999 0.997770 -0.009492 0.003159
1630597733.558400 -1091.464589 1020.121183 5.395436 -0.066613 0.997734 -0.008690 0.003663
1630597733.809029 -1094.336976 1019.795882 5.367560 -0.067155 0.997690 -0.009754 -0.003019
1630597734.059034 -1097.256534 1019.453562 5.368533 -0.068452 0.997610 -0.009052 -0.002732
1630597734.309073 -1100.212894 1019.104822 5.363100 -0.070929 0.997426 -0.010394 -0.001448
1630597734.558409 -1103.184673 1018.735070 5.352658 -0.075361 0.997085 -0.011940 0.000314
1630597734.808413 -1106.176506 1018.325934 5.333160 -0.080743 0.996658 -0.012312 0.001626
1630597735.059050 -1109.184976 1017.880563 5.309053 -0.087021 0.996117 -0.013122 0.002446
1630597735.309041 -1112.193536 1017.392188 5.281063 -0.093551 0.995535 -0.012036 0.003666
1630597735.559045 -1115.197868 1016.863748 5.254214 -0.100435 0.994854 -0.013163 0.002160
1630597735.809048 -1118.211459 1016.289468 5.233307 -0.106953 0.994175 -0.012898 0.003285
1630597736.059051 -1121.235452 1015.677049 5.198034 -0.112965 0.993478 -0.013598 0.007411
1630597736.309679 -1124.258109 1015.028484 5.145828 -0.119070 0.992775 -0.012725 0.007682
1630597736.559679 -1127.272176 1014.328874 5.091309 -0.125138 0.992036 -0.011499 0.008569
1630597736.809688 -1130.285157 1013.596729 5.033657 -0.131342 0.991246 -0.011101 0.007604
1630597737.059062 -1133.298395 1012.837623 4.979909 -0.137704 0.990352 -0.013340 0.007899
1630597737.308443 -1136.309555 1012.031270 4.927966 -0.143652 0.989503 -0.014020 0.007141
1630597737.557820 -1139.329900 1011.183782 4.879208 -0.149493 0.988631 -0.013955 0.008076
1630597737.807197 -1142.348126 1010.292993 4.821761 -0.154254 0.987885 -0.014081 0.009503
1630597738.057822 -1145.370744 1009.351559 4.767441 -0.158105 0.987380 -0.004992 0.007720
1630597738.308452 -1148.408887 1008.407870 4.708320 -0.161908 0.986738 -0.006332 0.009712
1630597738.558452 -1151.450804 1007.449645 4.631566 -0.164524 0.986239 -0.007623 0.014404
1630597738.808461 -1154.481790 1006.488165 4.531748 -0.164174 0.986231 -0.012543 0.015407
1630597739.057838 -1157.477271 1005.514086 4.457142 -0.162372 0.986672 -0.006310 0.008646
1630597739.307840 -1160.520267 1004.551365 4.395315 -0.160513 0.986921 -0.003471 0.014526
1630597739.557839 -1163.524950 1003.622708 4.307473 -0.158965 0.987224 -0.004402 0.010019
1630597739.808466 -1166.543561 1002.695514 4.243320 -0.157670 0.987422 -0.004423 0.010890
1630597740.058468 -1169.533587 1001.781546 4.178938 -0.156482 0.987625 -0.003552 0.009853
1630597740.308486 -1172.511020 1000.891192 4.118689 -0.155055 0.987849 -0.005230 0.009174
1630597740.558478 -1175.483077 1000.007328 4.060547 -0.153231 0.988115 -0.004420 0.011400
1630597740.808479 -1178.435588 999.140443 3.989011 -0.150760 0.988496 -0.003774 0.011489
1630597741.057860 -1181.374260 998.297430 3.915180 -0.148126 0.988878 -0.003740 0.012822
1630597741.308488 -1184.308220 997.471085 3.837770 -0.144623 0.989416 -0.003143 0.011400
1630597741.559124 -1187.234508 996.671314 3.766187 -0.139777 0.990117 -0.001552 0.011301
1630597741.809121 -1190.144246 995.909647 3.709119 -0.133627 0.990981 -0.000499 0.010002
1630597742.059123 -1193.060641 995.189118 3.640213 -0.125596 0.991999 0.001553 0.012687
1630597742.309754 -1195.974689 994.536856 3.559248 -0.114463 0.993381 0.001484 0.009513
1630597742.559127 -1198.913156 993.957439 3.487395 -0.102203 0.994658 0.000624 0.014494
1630597742.809128 -1201.850709 993.441498 3.394963 -0.088696 0.995967 0.003418 0.013043
1630597743.059132 -1204.801685 993.012303 3.309666 -0.074919 0.997114 0.004388 0.011508
1630597743.308510 -1207.764759 992.675640 3.231194 -0.061796 0.998011 0.003457 0.011956
1630597743.558511 -1210.760354 992.419406 3.144806 -0.048700 0.998697 -0.000419 0.015272
1630597743.808511 -1213.751962 992.237839 3.044965 -0.035771 0.999278 -0.002211 0.012573
1630597744.058512 -1216.758118 992.128211 2.963946 -0.022954 0.999689 -0.002780 0.009303
1630597744.308521 -1219.795203 992.095942 2.893605 -0.011232 0.999866 -0.004399 0.011049
1630597744.558523 -1222.844511 992.121609 2.809884 -0.001846 0.999911 -0.003602 0.012735
1630597744.809150 -1225.903239 992.207096 2.721987 0.008515 0.999889 -0.005095 0.011071
1630597745.059157 -1228.965143 992.362074 2.644447 0.018786 0.999752 -0.006626 0.009989
1630597745.309156 -1232.028094 992.564659 2.575402 0.029806 0.999518 -0.004054 0.007733
1630597745.559157 -1235.100161 992.848186 2.519104 0.042508 0.999047 -0.003420 0.009259
1630597745.808534 -1238.153262 993.212339 2.449513 0.054682 0.998441 -0.003803 0.010488
1630597746.057909 -1241.182441 993.638805 2.376794 0.066864 0.997718 -0.001779 0.009206
1630597746.307916 -1244.204240 994.150834 2.311617 0.078470 0.996863 -0.002902 0.009857
1630597746.557919 -1247.193242 994.730121 2.246625 0.089739 0.995924 -0.004078 0.008144
1630597746.807917 -1250.158846 995.369239 2.189550 0.100838 0.994865 -0.003944 0.007719
1630597747.057926 -1253.090835 996.060999 2.137930 0.111660 0.993726 -0.000697 0.006299
1630597747.307924 -1255.966910 996.820219 2.110264 0.123739 0.992311 -0.002785 -0.000164
1630597747.557926 -1258.816417 997.655517 2.107366 0.136906 0.990571 -0.004470 0.002212
1630597747.807304 -1261.600554 998.552899 2.080112 0.149051 0.988794 -0.007136 0.004379
1630597748.057308 -1264.320706 999.480911 2.045585 0.159660 0.987153 -0.004816 0.003661
1630597748.306696 -1266.957541 1000.443437 2.022491 0.169869 0.985455 -0.003155 0.003674
1630597748.556689 -1269.504005 1001.447204 2.002850 0.180282 0.983595 -0.005070 0.003588
1630597748.806690 -1271.960444 1002.473631 1.980850 0.189593 0.981832 -0.006352 0.004398
1630597749.056696 -1274.327641 1003.512136 1.950062 0.199172 0.979917 -0.007373 0.006209
1630597749.306069 -1276.573950 1004.577306 1.915683 0.209683 0.977684 -0.012635 0.002809
1630597749.556696 -1278.716228 1005.639222 1.899505 0.219333 0.975565 -0.012190 -0.004081
1630597749.806700 -1280.778805 1006.677559 1.908993 0.229260 0.973342 -0.006529 -0.001468
1630597750.056709 -1282.711829 1007.714708 1.917953 0.238745 0.971054 -0.007380 0.000333
1630597750.306716 -1284.479682 1008.725884 1.913840 0.247041 0.968956 -0.007983 -0.005627
1630597750.556706 -1286.137761 1009.701990 1.934353 0.254570 0.967010 -0.009000 -0.002268
1630597750.806707 -1287.645035 1010.618020 1.935996 0.260969 0.965302 -0.009213 -0.001520
1630597751.056711 -1289.011539 1011.477995 1.937650 0.265670 0.963990 -0.011853 0.001554
1630597751.306720 -1290.208261 1012.239283 1.937538 0.269784 0.962852 -0.010141 -0.005380
1630597751.556720 -1291.275373 1012.938697 1.939270 0.273185 0.961861 -0.011250 -0.008173
1630597751.806723 -1292.212729 1013.559677 1.961123 0.276394 0.960943 -0.012997 -0.005182
1630597752.056724 -1292.990346 1014.085274 1.963979 0.279218 0.960094 -0.013929 -0.007960
1630597752.306726 -1293.639907 1014.527116 1.973052 0.280942 0.959583 -0.014589 -0.007725
1630597752.556731 -1294.165275 1014.883388 1.976631 0.282926 0.958998 -0.014425 -0.008274
1630597752.806731 -1294.576061 1015.173437 1.983030 0.284093 0.958629 -0.016047 -0.007985
1630597753.056742 -1294.883741 1015.385497 1.985819 0.285005 0.958356 -0.015903 -0.008554
1630597753.307366 -1295.125048 1015.549886 1.985715 0.285977 0.958059 -0.014528 -0.011342
1630597753.556744 -1295.362606 1015.719598 1.988820 0.286841 0.957773 -0.014890 -0.013087
1630597753.807369 -1295.617269 1015.894682 1.991152 0.287543 0.957575 -0.014676 -0.012407
1630597754.057376 -1295.875071 1016.076326 1.993279 0.288398 0.957312 -0.014919 -0.012595
1630597754.307375 -1296.151302 1016.272285 1.992046 0.289155 0.957052 -0.014798 -0.014893
1630597754.557378 -1296.502095 1016.518389 1.990431 0.290037 0.956739 -0.013757 -0.018435
1630597754.807382 -1296.973265 1016.853588 1.995158 0.291124 0.956402 -0.014432 -0.018249
1630597755.057384 -1297.548537 1017.262452 2.004283 0.292387 0.956023 -0.015015 -0.017429
1630597755.308013 -1298.225176 1017.746054 2.006671 0.293868 0.955585 -0.015927 -0.015676
1630597755.558013 -1298.993517 1018.301818 2.013036 0.295317 0.955126 -0.016899 -0.015406
1630597755.808017 -1299.866179 1018.937234 2.016401 0.297526 0.954435 -0.018168 -0.014222
1630597756.058020 -1300.847466 1019.643462 2.012364 0.300617 0.953517 -0.015743 -0.013690
1630597756.308035 -1301.920338 1020.441383 2.016344 0.304637 0.952226 -0.014606 -0.015753
1630597756.558649 -1303.097875 1021.323586 2.016767 0.310376 0.950370 -0.010924 -0.018546
1630597756.808650 -1304.365032 1022.305069 2.038388 0.317249 0.948154 -0.009650 -0.016224
1630597757.058658 -1305.674168 1023.370964 2.052068 0.324756 0.945593 -0.011601 -0.015884
1630597757.308653 -1307.057218 1024.511898 2.064892 0.332426 0.943010 -0.011125 -0.010083
1630597757.558659 -1308.477315 1025.735252 2.060858 0.340703 0.940055 -0.011039 -0.009821
1630597757.808661 -1309.948041 1027.034346 2.058496 0.348994 0.937008 -0.006301 -0.013432
1630597758.058668 -1311.496850 1028.440056 2.065927 0.357088 0.934009 -0.002667 -0.010382
1630597758.308675 -1313.078941 1029.945984 2.075592 0.366401 0.930429 -0.002918 -0.006614
1630597758.558046 -1314.645271 1031.527823 2.074820 0.375455 0.926770 -0.006222 -0.009629
1630597758.808049 -1316.206457 1033.156668 2.090630 0.384667 0.922854 -0.003151 -0.019023
1630597759.058053 -1317.824549 1034.883567 2.137579 0.393694 0.919181 -0.004153 -0.009686
1630597759.308052 -1319.431937 1036.667252 2.144756 0.403205 0.915067 -0.002787 -0.008343
1630597759.558053 -1321.039645 1038.547001 2.143710 0.412461 0.910954 -0.004640 -0.004121
1630597759.808057 -1322.621339 1040.463528 2.140104 0.421510 0.906759 -0.000537 -0.010833
1630597760.058062 -1324.210884 1042.473313 2.167413 0.430123 0.902728 -0.000831 -0.008712
1630597760.308065 -1325.792808 1044.541888 2.182140 0.438292 0.898809 -0.000505 -0.006418
1630597760.558067 -1327.343150 1046.666520 2.188621 0.446825 0.894578 -0.001310 -0.008695
1630597760.808066 -1328.884656 1048.848466 2.205529 0.454486 0.890730 -0.001044 -0.006463
1630597761.057442 -1330.386928 1051.060035 2.217186 0.462548 0.886555 -0.001074 -0.008224
1630597761.306826 -1331.849662 1053.321610 2.242356 0.469602 0.882791 -0.003272 -0.011992
1630597761.557453 -1333.310930 1055.645011 2.270153 0.477129 0.878755 -0.004292 -0.010929
1630597761.807455 -1334.747310 1058.009921 2.284237 0.484178 0.874916 -0.007200 -0.006417
1630597762.057460 -1336.141812 1060.376543 2.283550 0.491174 0.871007 -0.003455 -0.009068
1630597762.307460 -1337.502267 1062.781199 2.307040 0.499968 0.865980 -0.001345 -0.010402
1630597762.557464 -1338.812918 1065.232957 2.338768 0.509334 0.860512 -0.001474 -0.009826
1630597762.808094 -1340.060675 1067.737082 2.363783 0.519408 0.854441 -0.004807 -0.011040
1630597763.058089 -1341.272604 1070.276809 2.376694 0.529040 0.848546 -0.006272 -0.006917
1630597763.308094 -1342.443765 1072.827414 2.377429 0.540613 0.841246 0.000946 -0.006504
1630597763.558099 -1343.544222 1075.457339 2.386484 0.553618 0.832765 0.001973 -0.002428
1630597763.808105 -1344.531712 1078.123919 2.398793 0.565485 0.824673 0.002282 -0.011668
1630597764.058100 -1345.481040 1080.868213 2.439897 0.575838 0.817498 0.001318 -0.010270
1630597764.308743 -1346.371926 1083.668608 2.470561 0.586528 0.809846 0.001245 -0.011561
1630597764.558736 -1347.190927 1086.536092 2.496024 0.596658 0.802432 -0.002835 -0.009717
1630597764.808737 -1347.967634 1089.414950 2.522800 0.606864 0.794729 0.002608 -0.010723
1630597765.058735 -1348.662917 1092.350151 2.562208 0.616771 0.787078 0.001274 -0.010051
1630597765.308744 -1349.281299 1095.310951 2.596552 0.626735 0.779156 0.001061 -0.010836
1630597765.558745 -1349.824217 1098.302732 2.629714 0.636863 0.770910 -0.001118 -0.010113
1630597765.808122 -1350.292640 1101.297565 2.658284 0.646392 0.762930 -0.000504 -0.010722
1630597766.058121 -1350.714221 1104.313578 2.693687 0.654838 0.755725 0.002312 -0.007914
1630597766.308174 -1351.058323 1107.349829 2.719620 0.662355 0.749163 0.001053 -0.006238
1630597766.557507 -1351.318039 1110.379179 2.739950 0.670280 0.742028 -0.002885 -0.010571
1630597766.807507 -1351.538841 1113.421718 2.770219 0.677885 0.735116 0.001359 -0.008691
1630597767.058134 -1351.691029 1116.481776 2.801901 0.686333 0.727232 0.001837 -0.008782
1630597767.308145 -1351.762950 1119.546891 2.829702 0.694026 0.719890 -0.000490 -0.009246
1630597767.557520 -1351.780631 1122.599447 2.854644 0.701849 0.712254 0.001509 -0.010050
1630597767.807522 -1351.725139 1125.665925 2.891119 0.709603 0.704510 0.001622 -0.011266
1630597768.057520 -1351.614318 1128.742783 2.927441 0.717575 0.696437 0.002497 -0.007411
1630597768.308152 -1351.423560 1131.806716 2.962321 0.725789 0.687826 0.005437 -0.009804
1630597768.558158 -1351.147381 1134.865775 3.015617 0.734064 0.678967 0.004215 -0.011683
1630597768.808159 -1350.792833 1137.926437 3.062240 0.742299 0.669959 -0.000038 -0.012103
1630597769.058159 -1350.386738 1140.958937 3.096795 0.750813 0.660399 0.003936 -0.011722
1630597769.308790 -1349.896377 1144.006049 3.149117 0.759487 0.650449 0.003053 -0.009256
1630597769.558798 -1349.314295 1147.025421 3.185089 0.768057 0.640275 0.003310 -0.011243
1630597769.808174 -1348.657082 1150.024749 3.229655 0.776275 0.630254 0.005014 -0.012303
1630597770.058799 -1347.920553 1153.023779 3.288380 0.784605 0.619823 0.005713 -0.013498
1630597770.308806 -1347.107225 1156.010186 3.352800 0.793083 0.608998 0.005734 -0.010431
1630597770.558810 -1346.207213 1158.967404 3.402910 0.801329 0.598097 0.006277 -0.010601
1630597770.808812 -1345.231276 1161.899055 3.458135 0.809375 0.587139 0.008602 -0.010283
1630597771.058193 -1344.175103 1164.804107 3.523080 0.817380 0.575942 0.009564 -0.009438
1630597771.308820 -1343.029456 1167.700325 3.580016 0.825240 0.564671 0.008976 -0.006688
1630597771.558823 -1341.816037 1170.538684 3.640288 0.832969 0.553137 0.011684 -0.008127
1630597771.808821 -1340.498744 1173.352252 3.707389 0.839408 0.543348 0.005933 -0.011451
1630597772.058832 -1339.148828 1176.126863 3.763633 0.845487 0.533791 0.009516 -0.011332
1630597772.308841 -1337.726642 1178.879313 3.834097 0.851366 0.524393 0.008280 -0.010915
1630597772.558212 -1336.240896 1181.591513 3.891352 0.856793 0.515499 0.005130 -0.011853
1630597772.808216 -1334.720849 1184.259703 3.952851 0.861502 0.507464 0.010521 -0.013522
1630597773.058218 -1333.147548 1186.916244 4.036879 0.865581 0.500505 0.010666 -0.012296
1630597773.308847 -1331.533342 1189.550145 4.112930 0.869492 0.493687 0.011159 -0.011485
1630597773.558321 -1329.891382 1192.139891 4.192679 0.873214 0.487061 0.012273 -0.010853
1630597773.808227 -1328.204282 1194.700085 4.275967 0.876747 0.480656 0.012222 -0.011637
1630597774.058226 -1326.479249 1197.229044 4.359135 0.879940 0.474760 0.011065 -0.013636
1630597774.307647 -1324.730110 1199.723668 4.439231 0.882761 0.469483 0.009623 -0.015008
1630597774.557613 -1322.947822 1202.197423 4.511409 0.885524 0.464286 0.006057 -0.015749
1630597774.807619 -1321.175445 1204.640043 4.581569 0.887840 0.459845 0.009474 -0.013865
1630597775.057622 -1319.376378 1207.049747 4.656617 0.890120 0.455435 0.007601 -0.014395
1630597775.306996 -1317.563460 1209.385394 4.732413 0.891457 0.452516 0.007122 -0.021979
1630597775.557000 -1315.768252 1211.711022 4.821763 0.892786 0.449851 0.007043 -0.022779
1630597775.807005 -1314.000840 1213.998933 4.914484 0.894374 0.446692 0.011914 -0.020491
1630597776.057014 -1312.221837 1216.252180 5.016931 0.895702 0.444161 0.009305 -0.018757
1630597776.307009 -1310.474695 1218.454364 5.104916 0.896874 0.441766 0.012674 -0.017328
1630597776.557011 -1308.735756 1220.628175 5.201351 0.898100 0.439401 0.012169 -0.013951
1630597776.807014 -1306.991374 1222.756512 5.281969 0.899254 0.437147 0.008079 -0.013395
1630597777.057021 -1305.285625 1224.825150 5.353360 0.900167 0.435042 0.013323 -0.016131
1630597777.307020 -1303.577967 1226.882766 5.444342 0.901368 0.432739 0.009615 -0.013444
1630597777.557091 -1301.892733 1228.880613 5.512446 0.902321 0.430720 0.009338 -0.014496
1630597777.806402 -1300.239463 1230.822253 5.579891 0.903350 0.428574 0.007992 -0.014812
1630597778.056411 -1298.616491 1232.710366 5.640951 0.904382 0.426438 0.005476 -0.014627
1630597778.306412 -1297.042034 1234.523260 5.697255 0.905216 0.424577 0.007178 -0.016343
1630597778.557040 -1295.511559 1236.291468 5.756578 0.906358 0.422230 0.006693 -0.013845
1630597778.806418 -1294.026663 1237.976021 5.807020 0.907130 0.420590 0.006039 -0.013505
1630597779.056418 -1292.584451 1239.598449 5.853147 0.907787 0.419176 0.005294 -0.013648
1630597779.306424 -1291.195408 1241.158892 5.893819 0.908211 0.418287 0.004690 -0.012882
1630597779.556428 -1289.858054 1242.642355 5.928451 0.907991 0.418718 0.001967 -0.014988
1630597779.806430 -1288.613463 1244.051691 5.960071 0.907072 0.420773 0.000403 -0.013046
1630597780.056430 -1287.485666 1245.341290 5.984327 0.906049 0.422896 0.005033 -0.014448
1630597780.306967 -1286.436492 1246.554146 6.025095 0.904822 0.425616 -0.000490 -0.012199
1630597780.556442 -1285.499001 1247.640883 6.043488 0.903636 0.428095 -0.001217 -0.013200
1630597780.806440 -1284.666205 1248.627759 6.058676 0.902770 0.429930 -0.001256 -0.012828
1630597781.056443 -1283.930974 1249.503564 6.073770 0.901499 0.432597 -0.002051 -0.012447
1630597781.306446 -1283.296561 1250.267754 6.082360 0.900562 0.434536 -0.001987 -0.012739
1630597781.557073 -1282.758225 1250.957084 6.089377 0.899138 0.437592 -0.000988 -0.007897
1630597781.806449 -1282.268023 1251.525774 6.098656 0.898230 0.439307 -0.001697 -0.013801
1630597782.056461 -1281.842577 1252.036575 6.102467 0.897489 0.440733 -0.004214 -0.015845
1630597782.306503 -1281.522740 1252.492187 6.106550 0.896775 0.442374 0.000541 -0.009977
1630597782.555841 -1281.234514 1252.846070 6.108606 0.896367 0.443155 0.000873 -0.011783
1630597782.805842 -1280.994840 1253.129086 6.113350 0.895771 0.444292 -0.000519 -0.014096
1630597783.055852 -1280.801585 1253.378281 6.116451 0.895311 0.445215 0.000865 -0.014189
1630597783.305851 -1280.605463 1253.622550 6.115895 0.895009 0.445776 0.001845 -0.015481
1630597783.555855 -1280.401928 1253.878796 6.116400 0.894681 0.446418 0.001810 -0.015948
1630597783.805856 -1280.197754 1254.146929 6.120535 0.894739 0.446333 0.001717 -0.015068
1630597784.055866 -1279.984399 1254.426598 6.123873 0.894710 0.446407 0.002801 -0.014423
1630597784.305235 -1279.720096 1254.752827 6.120618 0.895117 0.445472 0.005461 -0.017056
1630597784.555238 -1279.381682 1255.181899 6.126961 0.895608 0.444518 0.004650 -0.016365
1630597784.805242 -1278.975056 1255.690876 6.132965 0.895994 0.443724 0.004768 -0.016767
1630597785.055875 -1278.496589 1256.287406 6.135901 0.896517 0.442687 0.003573 -0.016529
1630597785.305876 -1277.953042 1256.968774 6.140246 0.897109 0.441515 0.003495 -0.015722
1630597785.555967 -1277.326864 1257.739697 6.145774 0.897545 0.440651 0.001728 -0.015386
1630597785.805881 -1276.627000 1258.607164 6.143419 0.897536 0.440679 0.001066 -0.015193
1630597786.055882 -1275.852577 1259.576184 6.145182 0.896940 0.441893 0.000828 -0.015097
1630597786.305258 -1274.993014 1260.645034 6.135527 0.896656 0.442458 -0.000277 -0.015417
1630597786.555888 -1274.054774 1261.832782 6.133092 0.896493 0.442865 -0.001952 -0.012904
1630597786.805893 -1273.044546 1263.092878 6.119403 0.896462 0.442914 -0.003645 -0.013028
1630597787.055898 -1271.984075 1264.446303 6.103083 0.896612 0.442712 -0.003281 -0.009084
1630597787.306525 -1270.855415 1265.871660 6.080742 0.896754 0.442464 -0.004305 -0.006355
1630597787.556573 -1269.671861 1267.357139 6.049416 0.897327 0.441314 -0.000475 -0.006797
1630597787.806534 -1268.393951 1268.946967 6.025665 0.897879 0.440202 -0.004213 -0.004221
1630597788.056530 -1267.039478 1270.592016 5.988778 0.898107 0.439659 -0.003517 -0.009517
1630597788.305926 -1265.623733 1272.350241 5.957161 0.897939 0.440006 -0.009158 -0.004160
1630597788.556543 -1264.190780 1274.123923 5.919113 0.898038 0.439840 -0.002764 -0.007728
1630597788.806551 -1262.700078 1275.957431 5.900208 0.898039 0.439793 -0.006418 -0.008159
1630597789.056545 -1261.177650 1277.828613 5.865653 0.898029 0.439778 -0.007621 -0.009018
1630597789.306554 -1259.626436 1279.749856 5.826774 0.897873 0.440118 -0.005698 -0.009396
1630597789.555934 -1258.021850 1281.745070 5.788691 0.897484 0.440880 -0.009982 -0.006874
1630597789.805947 -1256.374144 1283.792533 5.725398 0.897035 0.441728 -0.012647 -0.006642
1630597790.055316 -1254.703283 1285.876116 5.653963 0.896561 0.442595 -0.015876 -0.005984
1630597790.305358 -1253.017702 1287.993517 5.570845 0.896131 0.443436 -0.016886 -0.005398
1630597790.555320 -1251.309848 1290.138833 5.478902 0.895671 0.444265 -0.019135 -0.005948
1630597790.805325 -1249.592790 1292.320890 5.375629 0.894852 0.445933 -0.018971 -0.004890
1630597791.055322 -1247.860016 1294.542920 5.277414 0.894084 0.447513 -0.018091 -0.004347
1630597791.305326 -1246.090832 1296.798859 5.170929 0.892940 0.449501 -0.024146 -0.004878
1630597791.554706 -1244.359731 1299.071087 5.045010 0.891450 0.452598 -0.021486 -0.003311
1630597791.804709 -1242.621742 1301.374747 4.937803 0.890116 0.455273 -0.020138 -0.003877
1630597792.055344 -1240.862299 1303.712438 4.825452 0.887759 0.459642 -0.024104 -0.005749
1630597792.305339 -1239.145635 1306.085837 4.700676 0.885445 0.464142 -0.023420 -0.003111
1630597792.555343 -1237.450399 1308.483376 4.580287 0.882527 0.469733 -0.022168 -0.002205
1630597792.805347 -1235.771921 1310.889669 4.472365 0.879739 0.474993 -0.020379 -0.005137
1630597793.055344 -1234.113413 1313.331247 4.368449 0.876510 0.480759 -0.023666 -0.006349
1630597793.305986 -1232.499630 1315.798072 4.257141 0.873203 0.486795 -0.022596 -0.006131
1630597793.556001 -1230.903363 1318.306395 4.136942 0.869555 0.492945 -0.029313 -0.004374
1630597793.805981 -1229.366827 1320.805419 4.001621 0.865864 0.499803 -0.020504 -0.007451
1630597794.055984 -1227.839523 1323.382316 3.909227 0.862005 0.506300 -0.023791 -0.006489
1630597794.305991 -1226.338598 1325.991734 3.790769 0.857309 0.514073 -0.026449 -0.007118
1630597794.555993 -1224.890668 1328.634865 3.663598 0.852168 0.522610 -0.024501 -0.009348
1630597794.805996 -1223.489909 1331.340622 3.552714 0.847086 0.530776 -0.026216 -0.005879
1630597795.056002 -1222.139888 1334.039781 3.442952 0.842251 0.538567 -0.020455 -0.011834
1630597795.306627 -1220.831760 1336.812730 3.365121 0.837600 0.545775 -0.022549 -0.006980
1630597795.556636 -1219.567236 1339.592595 3.261474 0.833866 0.551462 -0.022826 -0.006050
1630597795.806634 -1218.341002 1342.383040 3.155843 0.829750 0.557753 -0.019248 -0.007550
1630597796.056646 -1217.158289 1345.221969 3.075234 0.825630 0.563940 -0.016839 -0.004781
1630597796.306649 -1216.010415 1348.073917 3.000202 0.821504 0.570011 -0.013510 -0.005982
1630597796.556645 -1214.878849 1350.951765 2.940486 0.817369 0.575811 -0.016494 -0.008867
1630597796.806647 -1213.804005 1353.851186 2.877582 0.813066 0.581935 -0.014545 -0.007926
1630597797.056647 -1212.781524 1356.763166 2.828655 0.809250 0.587330 -0.007924 -0.009709
1630597797.306652 -1211.772760 1359.723241 2.810411 0.805917 0.591900 -0.007438 -0.009857
1630597797.556658 -1210.775196 1362.723063 2.785335 0.802414 0.596593 -0.010591 -0.009793
1630597797.806032 -1209.833315 1365.744499 2.745033 0.798771 0.601544 -0.007920 -0.006788
1630597798.056031 -1208.929153 1368.799626 2.722608 0.794981 0.606605 -0.003288 -0.004889
1630597798.306068 -1208.045883 1371.863640 2.723352 0.791180 0.611505 0.001759 -0.009645
1630597798.556667 -1207.174849 1374.978832 2.750370 0.787071 0.616772 -0.002221 -0.010323
1630597798.806673 -1206.358846 1378.092586 2.768677 0.782164 0.622947 -0.003156 -0.012078
1630597799.056679 -1205.587141 1381.228897 2.776409 0.776719 0.629681 -0.008304 -0.011816
1630597799.306679 -1204.892601 1384.349115 2.781994 0.771993 0.635486 -0.003383 -0.013152
1630597799.556682 -1204.241251 1387.490982 2.802267 0.767762 0.640630 -0.003187 -0.011113
1630597799.806682 -1203.630949 1390.623709 2.823216 0.763650 0.645512 -0.000848 -0.012293
1630597800.056683 -1203.061841 1393.779356 2.850443 0.759753 0.650145 -0.001894 -0.009121
1630597800.306688 -1202.517402 1396.928404 2.862382 0.755737 0.654780 -0.002122 -0.010961
1630597800.557320 -1202.019793 1400.124022 2.871389 0.751974 0.659155 -0.005731 -0.004204
1630597800.807947 -1201.566441 1403.258183 2.881951 0.748254 0.663263 0.006151 -0.012662
1630597801.057953 -1201.121250 1406.470635 2.946242 0.745239 0.666750 -0.003196 -0.007371
1630597801.307951 -1200.703715 1409.654178 2.943690 0.742217 0.670047 -0.004100 -0.011563
1630597801.558645 -1200.326561 1412.858119 2.952873 0.739427 0.673141 -0.002062 -0.011164
1630597801.808585 -1199.975525 1416.073750 2.978043 0.736472 0.676385 -0.003165 -0.010103
1630597802.058590 -1199.644213 1419.291540 2.988344 0.733568 0.679513 -0.003777 -0.011183
1630597802.308591 -1199.328100 1422.525010 2.998377 0.730907 0.682316 -0.008425 -0.012214
1630597802.558597 -1199.058443 1425.743601 3.008120 0.728883 0.684512 -0.003465 -0.012679
1630597802.808597 -1198.799317 1428.978001 3.031368 0.727663 0.685831 -0.004187 -0.011185
1630597803.057975 -1198.536868 1432.198461 3.043540 0.726455 0.687077 -0.006385 -0.012184
1630597803.307987 -1198.307228 1435.420112 3.059174 0.725508 0.688115 -0.003700 -0.011070
1630597803.557984 -1198.073713 1438.642775 3.074664 0.724534 0.689129 -0.004927 -0.011334
1630597803.807986 -1197.836887 1441.860054 3.083689 0.723203 0.690469 -0.007235 -0.013328
1630597804.058609 -1197.639103 1445.083914 3.096211 0.720989 0.692816 -0.005153 -0.012409
1630597804.308627 -1197.470728 1448.327557 3.103363 0.719352 0.694623 -0.003897 -0.004092
1630597804.559248 -1197.279520 1451.548642 3.084926 0.717682 0.696196 -0.006362 -0.014247
1630597804.809249 -1197.120749 1454.773338 3.119598 0.716613 0.697294 -0.003787 -0.015241
1630597805.059252 -1196.988172 1458.027877 3.145557 0.715605 0.698444 -0.005621 -0.007345
1630597805.309254 -1196.837136 1461.228378 3.149628 0.715191 0.698748 -0.001942 -0.015797
1630597805.559258 -1196.683924 1464.468074 3.193628 0.714527 0.699407 -0.007882 -0.014817
1630597805.809259 -1196.573638 1467.677117 3.212498 0.714058 0.699962 -0.001459 -0.013150
1630597806.059265 -1196.472747 1470.888547 3.251668 0.713861 0.700210 0.003339 -0.009876
1630597806.309271 -1196.337790 1474.098357 3.298009 0.713636 0.700403 0.001622 -0.012528
1630597806.559271 -1196.210306 1477.318358 3.340853 0.713333 0.700724 0.000244 -0.011877
1630597806.809895 -1196.097954 1480.536473 3.379701 0.713283 0.700769 0.003039 -0.011862
1630597807.059895 -1195.972747 1483.756471 3.427289 0.713079 0.700982 0.002087 -0.011797
1630597807.310529 -1195.850453 1486.977003 3.472171 0.712835 0.701202 0.002101 -0.013318
1630597807.559905 -1195.741497 1490.189482 3.523387 0.713668 0.700398 0.002812 -0.010648
1630597807.809284 -1195.601303 1493.381933 3.572391 0.714257 0.699703 0.003415 -0.015547
1630597808.058993 -1195.470399 1496.592658 3.640533 0.715559 0.698431 0.003062 -0.012673
1630597808.308037 -1195.328042 1499.773681 3.695104 0.717224 0.696709 0.004776 -0.012808
1630597808.557421 -1195.158108 1502.961666 3.754049 0.719272 0.694650 0.001273 -0.010342
1630597808.807425 -1194.978349 1506.108994 3.802599 0.722491 0.691257 0.005143 -0.012010
1630597809.057425 -1194.753673 1509.255546 3.863270 0.725839 0.687785 0.001057 -0.010402
1630597809.307429 -1194.505412 1512.359745 3.899224 0.729674 0.683709 0.001123 -0.010763
1630597809.556807 -1194.228539 1515.433115 3.939000 0.734313 0.678739 0.002256 -0.009597
1630597809.806809 -1193.907178 1518.500230 3.970959 0.739463 0.673159 0.001560 -0.007058
1630597810.056181 -1193.541323 1521.520818 4.004632 0.744523 0.667501 0.005589 -0.009867
1630597810.306190 -1193.139849 1524.593106 4.040374 0.749333 0.662192 0.001116 0.001229
1630597810.556194 -1192.681432 1527.550471 4.046954 0.754158 0.656381 0.013755 -0.014819
1630597810.805572 -1192.149721 1530.580862 4.161548 0.759907 0.649931 0.003376 -0.010928
1630597811.056203 -1191.597369 1533.586716 4.203388 0.767891 0.640536 0.004184 -0.006289
1630597811.306203 -1190.957071 1536.518010 4.238275 0.774127 0.632837 0.008022 -0.013420
1630597811.556211 -1190.256009 1539.467744 4.311546 0.780628 0.624916 0.001656 -0.009822
1630597811.805584 -1189.517743 1542.352719 4.343175 0.786022 0.618083 0.003347 -0.011485
1630597812.055582 -1188.726811 1545.230688 4.383713 0.790502 0.612339 0.001572 -0.012050
1630597812.305599 -1187.910324 1548.088657 4.421583 0.794804 0.606742 0.004151 -0.011518
1630597812.555589 -1187.044425 1550.949059 4.462003 0.799000 0.601246 0.002357 -0.009816
1630597812.805596 -1186.136602 1553.795715 4.488531 0.803073 0.595804 0.001544 -0.009406
1630597813.055601 -1185.188401 1556.633357 4.509137 0.807208 0.590195 0.000442 -0.009226
1630597813.304978 -1184.201489 1559.452194 4.525131 0.811265 0.584598 -0.000316 -0.009717
1630597813.554982 -1183.173964 1562.268064 4.540241 0.815322 0.578922 -0.000055 -0.009975
1630597813.804984 -1182.103051 1565.080572 4.553397 0.819648 0.572794 -0.001427 -0.009065
1630597814.054989 -1180.995187 1567.874269 4.562625 0.824394 0.565960 0.000884 -0.007980
1630597814.304996 -1179.841154 1570.652126 4.580895 0.828769 0.559522 0.003764 -0.007919
1630597814.554995 -1178.636762 1573.429492 4.607139 0.833150 0.553011 0.002936 -0.005535
1630597814.804998 -1177.387704 1576.196378 4.619122 0.837242 0.546817 0.001470 -0.003746
1630597815.054990 -1176.104671 1578.950630 4.617623 0.841183 0.540742 0.002583 0.001570
1630597815.304998 -1174.767706 1581.690274 4.605127 0.844895 0.534917 0.000285 0.004144
1630597815.555628 -1173.385834 1584.387901 4.585575 0.848673 0.528913 0.001767 -0.001053
1630597815.805632 -1171.970934 1587.092079 4.584929 0.852256 0.523115 -0.002513 0.002037
1630597816.055006 -1170.543288 1589.712770 4.568488 0.855635 0.517535 0.004852 -0.004782
1630597816.305011 -1169.058625 1592.354857 4.596813 0.859142 0.511729 -0.001681 -0.002297
1630597816.555024 -1167.551794 1594.964350 4.580130 0.862574 0.505891 -0.006383 -0.000139
1630597816.804394 -1166.031451 1597.503335 4.540038 0.865909 0.500177 -0.002466 -0.004437
1630597817.054390 -1164.471441 1600.051994 4.528230 0.869214 0.494410 -0.004848 -0.001408
1630597817.304395 -1162.893785 1602.558436 4.499200 0.872667 0.488304 -0.002638 -0.001802
1630597817.554403 -1161.270411 1605.029829 4.481864 0.876052 0.482188 -0.003321 -0.004145
1630597817.804406 -1159.627890 1607.491450 4.465704 0.879285 0.476279 -0.004103 -0.000412
1630597818.054409 -1157.962900 1609.921523 4.432466 0.882596 0.470118 -0.002986 0.002284
1630597818.304406 -1156.248285 1612.311608 4.399482 0.885828 0.463992 -0.004347 0.000698
1630597818.554414 -1154.507043 1614.675189 4.367347 0.889149 0.457592 -0.004800 -0.000989
1630597818.804417 -1152.738801 1617.020871 4.337358 0.892296 0.451429 -0.004367 0.000374
1630597819.054422 -1150.936361 1619.335035 4.302349 0.895301 0.445447 -0.003585 -0.000387
1630597819.303797 -1149.105104 1621.641617 4.266190 0.898017 0.439900 -0.006296 0.003633
1630597819.553802 -1147.244953 1623.908705 4.213858 0.900758 0.434297 -0.004328 0.001550
1630597819.803177 -1145.343266 1626.148742 4.175072 0.903066 0.429434 -0.007499 -0.001458
1630597820.053177 -1143.426753 1628.378991 4.127888 0.905392 0.424490 -0.008443 -0.001506
1630597820.303192 -1141.495365 1630.585844 4.075784 0.907547 0.419851 -0.009098 -0.000889
1630597820.553188 -1139.557653 1632.756898 4.026682 0.909605 0.415424 -0.006420 -0.000969
1630597820.803816 -1137.589662 1634.923246 3.984985 0.911177 0.411900 -0.009655 0.001102
1630597821.053820 -1135.636964 1637.047727 3.925279 0.912649 0.408689 -0.006685 0.000180
1630597821.303822 -1133.646732 1639.155137 3.877929 0.913871 0.405913 -0.008247 -0.002512
1630597821.553827 -1131.634675 1641.270440 3.820006 0.915078 0.403057 -0.013236 -0.001718
1630597821.803827 -1129.631695 1643.369713 3.746906 0.916285 0.400411 -0.009488 -0.001703
1630597822.053827 -1127.587315 1645.482941 3.680911 0.917313 0.397974 -0.012406 -0.000143
1630597822.303835 -1125.533719 1647.574088 3.607689 0.918213 0.395987 -0.008297 -0.003116
1630597822.553837 -1123.444297 1649.673299 3.556719 0.919074 0.393922 -0.009315 -0.006443
1630597822.803214 -1121.357186 1651.799135 3.503780 0.918932 0.394282 -0.010156 -0.001555
1630597823.053219 -1119.264734 1653.938524 3.437059 0.919217 0.393655 -0.008495 0.001805
1630597823.303220 -1117.122954 1656.068103 3.365384 0.918996 0.394013 -0.014011 -0.002036
1630597823.552597 -1114.994979 1658.200390 3.277260 0.918379 0.395363 -0.015468 -0.005412
1630597823.802602 -1112.872603 1660.365208 3.189001 0.917589 0.397140 -0.016897 -0.004869
1630597824.052605 -1110.754547 1662.526896 3.097631 0.916907 0.398673 -0.016879 -0.007537
1630597824.302604 -1108.644940 1664.699184 3.012640 0.916729 0.399063 -0.016995 -0.008241
1630597824.551987 -1106.540277 1666.865589 2.927078 0.917073 0.398215 -0.018468 -0.007851
1630597824.801988 -1104.436074 1669.024564 2.833681 0.917344 0.397547 -0.019464 -0.007556
1630597825.051990 -1102.352625 1671.165938 2.738104 0.917513 0.397226 -0.018210 -0.007040
1630597825.301991 -1100.282490 1673.287519 2.649330 0.917086 0.398143 -0.019840 -0.006554
1630597825.551370 -1098.254341 1675.391354 2.553077 0.916152 0.400183 -0.022323 -0.004481
1630597825.801376 -1096.281438 1677.466978 2.443186 0.915367 0.402065 -0.021049 -0.001978
1630597826.051374 -1094.372151 1679.512481 2.344567 0.914316 0.404532 -0.019223 0.003358
1630597826.302004 -1092.517167 1681.478368 2.254952 0.913500 0.406545 -0.015438 -0.000581
1630597826.551385 -1090.737050 1683.369682 2.198836 0.912769 0.408242 -0.013330 -0.003679
1630597826.801385 -1089.043178 1685.209785 2.153197 0.912814 0.408152 -0.013527 -0.000039
1630597827.052015 -1087.431409 1686.944364 2.102560 0.913039 0.407649 -0.013484 0.000213
1630597827.301391 -1085.906918 1688.562649 2.056014 0.913620 0.406306 -0.014599 -0.001286
1630597827.551395 -1084.462072 1690.085571 2.009874 0.914404 0.404509 -0.015222 -0.002625
1630597827.802022 -1083.092417 1691.522943 1.962560 0.914986 0.403087 -0.017790 -0.002194
1630597828.052019 -1081.822409 1692.860996 1.914077 0.915460 0.401979 -0.018567 -0.000370
1630597828.302021 -1080.642692 1694.086857 1.861353 0.915775 0.401303 -0.017566 -0.001611
1630597828.552031 -1079.549061 1695.227446 1.820461 0.915584 0.401672 -0.019056 -0.001134
1630597828.801411 -1078.555799 1696.270686 1.776859 0.915410 0.402116 -0.018047 -0.000819
1630597829.051408 -1077.652297 1697.232541 1.738714 0.915131 0.402735 -0.018318 0.001913
1630597829.301414 -1076.847992 1698.098623 1.704486 0.914783 0.403515 -0.017949 0.005130
1630597829.551414 -1076.129411 1698.851465 1.669710 0.914651 0.403829 -0.017852 0.004135
1630597829.801425 -1075.501180 1699.518506 1.640198 0.914619 0.403897 -0.017872 0.004546
1630597830.051420 -1074.966573 1700.094672 1.617237 0.914508 0.404197 -0.016436 0.005447
1630597830.301420 -1074.508593 1700.557856 1.601378 0.914369 0.404627 -0.014324 0.000961
1630597830.551434 -1074.137269 1700.921486 1.589365 0.914327 0.404759 -0.012321 -0.005012
1630597830.801440 -1073.871948 1701.209478 1.579608 0.914355 0.404754 -0.010202 -0.004943
1630597831.051435 -1073.680807 1701.419688 1.568754 0.914294 0.404951 -0.007508 -0.004936
1630597831.302066 -1073.524021 1701.581699 1.564404 0.914189 0.405182 -0.007245 -0.005769
1630597831.551445 -1073.386406 1701.734020 1.559516 0.914150 0.405304 -0.005108 -0.005745
1630597831.801451 -1073.221951 1701.915246 1.554761 0.914084 0.405468 -0.004800 -0.004877
1630597832.051449 -1073.034115 1702.124043 1.550987 0.913938 0.405804 -0.005532 -0.003130
1630597832.300830 -1072.824196 1702.352691 1.548645 0.913603 0.406546 -0.006822 -0.001780
1630597832.550841 -1072.571589 1702.615997 1.542498 0.913031 0.407839 -0.005224 -0.003800
1630597832.800842 -1072.227965 1702.963076 1.541233 0.912282 0.409452 -0.005528 -0.007781
1630597833.050219 -1071.809551 1703.410031 1.534940 0.911455 0.411249 -0.005757 -0.009508
1630597833.300847 -1071.325320 1703.950018 1.516363 0.910613 0.413121 -0.002435 -0.010412
1630597833.551471 -1070.765293 1704.591685 1.497689 0.909561 0.415466 0.000220 -0.009269
1630597833.802106 -1070.093519 1705.325148 1.494142 0.907852 0.419119 -0.005534 -0.010628
1630597834.052726 -1069.371133 1706.162763 1.480277 0.905583 0.424006 -0.008069 -0.008524
1630597834.303355 -1068.592587 1707.090765 1.457197 0.902900 0.429730 -0.006588 -0.007787
1630597834.553365 -1067.749450 1708.109699 1.430568 0.900151 0.435458 -0.004607 -0.009090
1630597834.803365 -1066.853203 1709.235419 1.409696 0.897109 0.441718 -0.005342 -0.007182
1630597835.053369 -1065.907280 1710.434692 1.387372 0.893821 0.448290 -0.007145 -0.008288
1630597835.303374 -1064.939526 1711.733015 1.360170 0.890324 0.455249 -0.006703 -0.005234
1630597835.554009 -1063.922253 1713.106650 1.328022 0.886817 0.461999 -0.007606 -0.007396
1630597835.804009 -1062.886588 1714.568590 1.301195 0.883256 0.468804 -0.005722 -0.007023
1630597836.054029 -1061.820583 1716.103676 1.269480 0.879500 0.475751 -0.000735 -0.011851
1630597836.304647 -1060.705188 1717.783784 1.263825 0.875731 0.482691 -0.007051 -0.007423
1630597836.554640 -1059.585638 1719.529515 1.229703 0.871988 0.489443 -0.005610 -0.007088
1630597836.804649 -1058.450259 1721.362736 1.197988 0.868232 0.496101 -0.004106 -0.006282
1630597837.054028 -1057.297304 1723.276831 1.171342 0.864424 0.502694 -0.006870 -0.004775
1630597837.304030 -1056.133836 1725.255918 1.132459 0.860898 0.508673 -0.007370 -0.007222
1630597837.554036 -1054.951548 1727.305131 1.094862 0.857908 0.513587 -0.009131 -0.011791
1630597837.803411 -1053.772645 1729.433490 1.061509 0.855368 0.517818 -0.008126 -0.012021
1630597838.053417 -1052.580105 1731.649872 1.029322 0.854067 0.520034 -0.006646 -0.009473
1630597838.303422 -1051.359399 1733.941199 0.995731 0.852611 0.522460 -0.006160 -0.007239
1630597838.553421 -1050.112789 1736.297754 0.958596 0.851284 0.524632 -0.005058 -0.007181
1630597838.803426 -1048.836728 1738.734251 0.922993 0.850063 0.526607 -0.006099 -0.006461
1630597839.053440 -1047.541969 1741.240410 0.880528 0.848962 0.528403 -0.005401 -0.004930
1630597839.302807 -1046.224832 1743.802802 0.846303 0.848316 0.529444 -0.003059 -0.006319
1630597839.552810 -1044.861367 1746.461316 0.812781 0.847820 0.530218 -0.007182 -0.004425
1630597839.802815 -1043.478693 1749.160934 0.761795 0.847635 0.530517 -0.005192 -0.006318
1630597840.052193 -1042.071365 1751.919418 0.725477 0.847262 0.531103 -0.006550 -0.005809
1630597840.302192 -1040.651946 1754.714685 0.686069 0.846871 0.531729 -0.005924 -0.006144
1630597840.552206 -1039.225212 1757.533920 0.655828 0.846365 0.532531 -0.005229 -0.007021
1630597840.802204 -1037.789435 1760.385055 0.628888 0.846000 0.533108 -0.005363 -0.007112
1630597841.051577 -1036.347814 1763.258764 0.599664 0.845517 0.533862 -0.005000 -0.008254
1630597841.301582 -1034.888091 1766.186226 0.569317 0.844999 0.534702 -0.006789 -0.005002
1630597841.551585 -1033.426188 1769.127118 0.528643 0.844647 0.535259 -0.004048 -0.007303
1630597841.801591 -1031.963489 1772.107876 0.514024 0.844069 0.536210 -0.002075 -0.004660
1630597842.051597 -1030.496578 1775.108959 0.497625 0.843671 0.536853 -0.001618 -0.002522
1630597842.300971 -1029.022664 1778.100664 0.482773 0.843038 0.537835 -0.000878 -0.004514
1630597842.550974 -1027.546585 1781.121648 0.474688 0.842644 0.538450 -0.002141 -0.004176
1630597842.800978 -1026.077420 1784.150516 0.457510 0.842007 0.539450 -0.002689 -0.003307
1630597843.050984 -1024.601866 1787.183765 0.432647 0.841565 0.540109 -0.005741 -0.004238
1630597843.300987 -1023.138636 1790.207136 0.403672 0.841174 0.540705 -0.004394 -0.006693
1630597843.550992 -1021.683305 1793.251956 0.387019 0.841251 0.540609 -0.004003 -0.004844
1630597843.800995 -1020.216106 1796.294235 0.365294 0.841429 0.540323 -0.003317 -0.006069
1630597844.050997 -1018.751776 1799.348936 0.352898 0.841801 0.539768 -0.002135 -0.004085
1630597844.301001 -1017.278921 1802.398641 0.341170 0.842669 0.538422 -0.001739 -0.002861
1630597844.550997 -1015.779062 1805.438595 0.321324 0.843512 0.537071 -0.005320 -0.003806
1630597844.801003 -1014.284939 1808.458226 0.294820 0.844232 0.535936 -0.003606 -0.005725
1630597845.051633 -1012.785024 1811.495852 0.280349 0.844884 0.534924 -0.003578 -0.003821
1630597845.302264 -1011.273994 1814.520329 0.259770 0.845201 0.534417 -0.002524 -0.005326
1630597845.552889 -1009.765727 1817.544790 0.254425 0.845269 0.534317 -0.001566 -0.004853
1630597845.803518 -1008.254258 1820.559441 0.250367 0.845487 0.533959 -0.002291 -0.005910
1630597846.053527 -1006.746816 1823.553030 0.246764 0.845569 0.533807 -0.002561 -0.007548
1630597846.303529 -1005.249285 1826.550622 0.243758 0.845781 0.533491 -0.002700 -0.005880
1630597846.553532 -1003.743744 1829.534283 0.233792 0.845868 0.533330 -0.003086 -0.007536
1630597846.803537 -1002.234124 1832.519067 0.227263 0.845994 0.533102 -0.004867 -0.008507
1630597847.053541 -1000.730433 1835.510012 0.209082 0.846109 0.532929 -0.006410 -0.006684
1630597847.302916 -999.232480 1838.483543 0.181742 0.846205 0.532781 -0.005905 -0.006833
1630597847.552920 -997.723511 1841.461086 0.155608 0.846427 0.532407 -0.006700 -0.007751
1630597847.802925 -996.210497 1844.432715 0.135510 0.846702 0.531935 -0.007272 -0.009315
1630597848.052947 -994.700906 1847.403430 0.115267 0.847079 0.531331 -0.007060 -0.009667
1630597848.302950 -993.186821 1850.365394 0.095471 0.847475 0.530679 -0.006848 -0.010944
1630597848.552336 -991.674003 1853.324396 0.080590 0.848087 0.529709 -0.008438 -0.009291
1630597848.802906 -990.158051 1856.264298 0.059963 0.849258 0.527841 -0.004776 -0.011048
1630597849.052337 -988.637067 1859.204427 0.055323 0.850903 0.525242 -0.007859 -0.004843
1630597849.302343 -987.104719 1862.087854 0.027016 0.852978 0.521882 -0.003015 -0.007645
1630597849.552349 -985.541012 1864.959604 0.026844 0.855074 0.518425 -0.004220 -0.008190
1630597849.802349 -983.960435 1867.809421 0.016516 0.857504 0.514389 -0.005261 -0.007981
1630597850.052353 -982.356038 1870.632776 0.000728 0.859853 0.510432 -0.005154 -0.009238
1630597850.302361 -980.733920 1873.448513 -0.013756 0.862061 0.506723 -0.005099 -0.007577
1630597850.551738 -979.091597 1876.235598 -0.030372 0.863939 0.503508 -0.004387 -0.008377
1630597850.801737 -977.426503 1879.027403 -0.044292 0.865268 0.501235 -0.004842 -0.007177
1630597851.051741 -975.752484 1881.816758 -0.064678 0.866614 0.498940 -0.003470 -0.005196
1630597851.301744 -974.054737 1884.602394 -0.084448 0.867904 0.496703 -0.002810 -0.004583
1630597851.551748 -972.333322 1887.384203 -0.102033 0.869166 0.494489 -0.002140 -0.005120
1630597851.801755 -970.594182 1890.169085 -0.113671 0.870448 0.492235 -0.001097 -0.004809
1630597852.051758 -968.835850 1892.959349 -0.123618 0.871687 0.490052 -0.000810 -0.003235
1630597852.301754 -967.064024 1895.746886 -0.130402 0.872809 0.488054 0.001239 -0.002425
1630597852.551130 -965.265388 1898.538924 -0.139261 0.873801 0.486282 -0.000690 -0.000981
1630597852.801140 -963.443846 1901.334714 -0.161603 0.874767 0.484541 -0.001319 -0.001133
1630597853.050507 -961.614441 1904.121022 -0.181348 0.875546 0.483130 0.000090 -0.002324
1630597853.300503 -959.754746 1906.909435 -0.184943 0.876218 0.481876 0.000016 -0.006102
1630597853.551756 -957.878934 1909.714331 -0.180024 0.876407 0.481480 -0.000206 -0.009364
1630597853.802386 -956.020081 1912.539268 -0.165382 0.876823 0.480788 0.000592 -0.004951
1630597854.053033 -954.141389 1915.352651 -0.166267 0.876806 0.480808 0.000519 -0.005927
1630597854.303685 -952.251441 1918.161095 -0.159736 0.877025 0.480345 0.000640 -0.009741
1630597854.553643 -950.368623 1920.974978 -0.142969 0.877235 0.479963 0.000301 -0.009713
1630597854.803653 -948.484029 1923.791559 -0.125278 0.877533 0.479429 0.001033 -0.009077
1630597855.053675 -946.592822 1926.613028 -0.110379 0.877807 0.478949 0.000922 -0.007871
1630597855.303033 -944.702861 1929.424410 -0.096967 0.878076 0.478455 0.001748 -0.007749
1630597855.553038 -942.803990 1932.245133 -0.077821 0.878365 0.477932 0.002789 -0.006999
1630597855.802416 -940.902377 1935.057843 -0.055159 0.878460 0.477754 0.003423 -0.006848
1630597856.052415 -938.990125 1937.880237 -0.031004 0.878633 0.477442 0.003157 -0.006542
1630597856.302422 -937.072040 1940.700162 -0.009946 0.878843 0.477042 0.002688 -0.007681
1630597856.552471 -935.151273 1943.518268 0.015233 0.879068 0.476615 0.002321 -0.008518
1630597856.802431 -933.231774 1946.332073 0.038614 0.879487 0.475857 0.000842 -0.007871
1630597857.052431 -931.317909 1949.124349 0.057561 0.879893 0.475088 0.001518 -0.008804
1630597857.302437 -929.405701 1951.907714 0.079919 0.880244 0.474447 -0.000085 -0.008436
1630597857.552441 -927.503897 1954.671358 0.093848 0.880517 0.473947 -0.000222 -0.007972
1630597857.801817 -925.616078 1957.407143 0.107907 0.880404 0.474146 -0.000669 -0.008612
1630597858.051822 -923.740233 1960.131830 0.121119 0.880417 0.474121 -0.001124 -0.008554
1630597858.301822 -921.884751 1962.834291 0.133396 0.880349 0.474256 0.000099 -0.008143
1630597858.551197 -920.044998 1965.512633 0.149846 0.880429 0.474121 -0.000292 -0.007406
1630597858.801206 -918.214367 1968.170517 0.163530 0.880429 0.474113 0.000338 -0.007854
1630597859.051211 -916.395966 1970.810759 0.178369 0.880449 0.474079 -0.000708 -0.007584
1630597859.300588 -914.598543 1973.412479 0.189845 0.880587 0.473803 -0.000616 -0.008707
1630597859.550594 -912.814299 1975.998615 0.202900 0.880747 0.473518 -0.001869 -0.007844
1630597859.801217 -911.054167 1978.542560 0.212403 0.880977 0.473072 -0.000340 -0.009120
1630597860.051849 -909.318340 1981.035072 0.235801 0.881138 0.472727 -0.000245 -0.011212
1630597860.302476 -907.635448 1983.471322 0.266323 0.881268 0.472533 -0.000507 -0.008849
1630597860.553722 -906.009803 1985.828701 0.288327 0.881410 0.472309 -0.001716 -0.006137
1630597860.803107 -904.463490 1988.070655 0.299347 0.881545 0.472081 -0.001551 -0.004036
1630597861.053129 -902.976704 1990.229321 0.305567 0.881602 0.471991 -0.001092 -0.001307
1630597861.303740 -901.542367 1992.299120 0.307876 0.881627 0.471946 -0.000341 -0.000687
1630597861.553734 -900.155735 1994.274788 0.313520 0.880970 0.473151 -0.002591 -0.003573
1630597861.803747 -898.858769 1996.170977 0.317830 0.880191 0.474608 0.001654 -0.002683
1630597862.053740 -897.591682 1997.975885 0.333730 0.879876 0.475124 -0.001321 -0.008633
1630597862.303778 -896.386510 1999.721135 0.346944 0.879196 0.476335 -0.003169 -0.010505
1630597862.553757 -895.242735 2001.401814 0.355669 0.878903 0.476874 -0.003070 -0.010544
1630597862.803761 -894.156644 2003.004178 0.364604 0.878376 0.477832 -0.001812 -0.011309
1630597863.053752 -893.127772 2004.524942 0.379556 0.878001 0.478526 -0.004896 -0.010111
1630597863.303765 -892.182768 2005.931893 0.383450 0.877655 0.479168 -0.004962 -0.009797
1630597863.553146 -891.316656 2007.223976 0.387236 0.877275 0.479861 -0.005505 -0.009597
1630597863.803149 -890.522705 2008.410492 0.389351 0.876769 0.480776 -0.006037 -0.009676
1630597864.053154 -889.805807 2009.491133 0.391496 0.876114 0.481969 -0.005868 -0.009744
1630597864.303151 -889.163401 2010.463496 0.392347 0.875608 0.482882 -0.005970 -0.010026
1630597864.553199 -888.597960 2011.320486 0.394872 0.875058 0.483871 -0.005460 -0.010616
1630597864.802536 -888.111863 2012.064714 0.396676 0.874698 0.484521 -0.004937 -0.010867
1630597865.052538 -887.701004 2012.689848 0.398974 0.874349 0.485136 -0.004563 -0.011687
1630597865.302540 -887.365404 2013.204416 0.402140 0.874024 0.485719 -0.004433 -0.011814
1630597865.553169 -887.107644 2013.602763 0.405038 0.873868 0.486002 -0.004490 -0.011702
1630597865.802543 -886.927860 2013.879267 0.405192 0.873704 0.486290 -0.003631 -0.012291
1630597866.052556 -886.794590 2014.085183 0.405256 0.873630 0.486411 -0.001944 -0.013098
1630597866.302556 -886.687412 2014.251390 0.406879 0.873564 0.486532 -0.001701 -0.013056
1630597866.551933 -886.595662 2014.392125 0.406505 0.873466 0.486693 -0.000663 -0.013683
1630597866.801937 -886.496314 2014.546984 0.407986 0.873357 0.486883 0.000142 -0.013879
1630597867.051944 -886.384029 2014.720299 0.409259 0.873179 0.487203 -0.000048 -0.013810
1630597867.301944 -886.263413 2014.907643 0.410408 0.872968 0.487581 0.000036 -0.013839
1630597867.551950 -886.125892 2015.119570 0.408020 0.872641 0.488124 0.001744 -0.015153
1630597867.801950 -885.940459 2015.410708 0.406711 0.872044 0.489125 0.004302 -0.016663
1630597868.051953 -885.685090 2015.817709 0.411313 0.871218 0.490615 0.003947 -0.016111
1630597868.301957 -885.365916 2016.326530 0.415065 0.870272 0.492292 0.003857 -0.016107
1630597868.551962 -884.985919 2016.937939 0.419676 0.869810 0.493137 0.003565 -0.015293
1630597868.801968 -884.540219 2017.646080 0.424110 0.870159 0.492500 0.004139 -0.015777
1630597869.051969 -884.017305 2018.476764 0.427198 0.870447 0.492006 0.003886 -0.015380
1630597869.301974 -883.412053 2019.434478 0.432788 0.870715 0.491537 0.003676 -0.015299
1630597869.551977 -882.727254 2020.520849 0.435280 0.871052 0.490962 0.004112 -0.014445
1630597869.802607 -881.964026 2021.726268 0.441307 0.871461 0.490252 0.004161 -0.013848
1630597870.052609 -881.125745 2023.029486 0.446375 0.871731 0.489759 0.002506 -0.014664
1630597870.302618 -880.240258 2024.423099 0.452734 0.872170 0.489059 0.000382 -0.011892
1630597870.553247 -879.300915 2025.880571 0.453351 0.872864 0.487750 0.001549 -0.014390
1630597870.802618 -878.326994 2027.405829 0.456112 0.873527 0.486530 0.006918 -0.013804
1630597871.053244 -877.264287 2029.033277 0.478459 0.874772 0.484331 0.005410 -0.012989
1630597871.303249 -876.137685 2030.741449 0.490377 0.875409 0.483167 0.005349 -0.013420
1630597871.553253 -874.940840 2032.546669 0.502652 0.875500 0.483007 0.003954 -0.013742
1630597871.803258 -873.689536 2034.454931 0.512516 0.875019 0.483894 0.004023 -0.013108
1630597872.052631 -872.383307 2036.444898 0.524179 0.874580 0.484696 0.002488 -0.013164
1630597872.302639 -871.041227 2038.497313 0.535753 0.874143 0.485493 0.001166 -0.013024
1630597872.552681 -869.669735 2040.603518 0.544849 0.873855 0.486003 0.000299 -0.013374
1630597872.803269 -868.270889 2042.755233 0.556810 0.873702 0.486184 0.003048 -0.016136
1630597873.053275 -866.828423 2044.979808 0.581719 0.874438 0.484921 0.002363 -0.014262
1630597873.303274 -865.334705 2047.253143 0.595276 0.874953 0.483991 0.001725 -0.014418
1630597873.553281 -863.796629 2049.584216 0.606706 0.875441 0.483121 -0.000522 -0.014020
1630597873.803909 -862.236292 2051.962861 0.615988 0.875808 0.482477 0.002889 -0.012961
1630597874.053285 -860.638281 2054.375230 0.635795 0.876452 0.481345 0.000737 -0.011773
1630597874.303287 -859.014888 2056.794457 0.652159 0.877061 0.480174 0.000652 -0.014064
1630597874.553291 -857.380196 2059.227438 0.676805 0.877754 0.478888 0.001202 -0.014606
1630597874.803293 -855.726638 2061.675138 0.700947 0.878426 0.477672 0.000137 -0.014018
1630597875.053297 -854.046494 2064.128355 0.716513 0.879204 0.476170 -0.001620 -0.016104
1630597875.302675 -852.362120 2066.581866 0.734823 0.880084 0.474520 -0.001518 -0.016756
1630597875.552684 -850.666780 2069.045213 0.758150 0.881110 0.472640 0.000360 -0.015981
1630597875.802687 -848.954479 2071.513287 0.783454 0.882466 0.470195 -0.001296 -0.013001
1630597876.052687 -847.235708 2073.969966 0.795259 0.884031 0.467342 -0.000969 -0.008928
1630597876.303307 -845.495339 2076.406501 0.801244 0.886119 0.463395 0.000334 -0.007674
1630597876.552691 -843.741158 2078.805847 0.812828 0.888423 0.458966 0.001361 -0.007297
1630597876.802699 -841.949322 2081.189217 0.824522 0.891287 0.453383 -0.000650 -0.007108
1630597877.052702 -840.110234 2083.537927 0.820235 0.893956 0.447980 -0.005079 -0.011408
1630597877.303327 -838.317875 2085.873767 0.830982 0.896859 0.442181 0.009082 -0.006040
1630597877.553329 -836.418455 2088.206986 0.877946 0.900104 0.435648 -0.000119 -0.004744
1630597877.803334 -834.490632 2090.475408 0.872420 0.903032 0.429457 0.000484 -0.010000
1630597878.052717 -832.550819 2092.739994 0.884764 0.906285 0.422580 0.001278 -0.008533
1630597878.303337 -830.578559 2094.978774 0.910334 0.909570 0.415436 0.006182 -0.007570
1630597878.553354 -828.535086 2097.182473 0.943866 0.912877 0.408114 0.000728 -0.009854
1630597878.803347 -826.466693 2099.342855 0.954095 0.916355 0.400171 -0.000229 -0.012498
1630597879.053353 -824.372622 2101.465467 0.971849 0.920669 0.390146 0.000480 -0.012434
1630597879.302730 -822.252050 2103.533380 0.995025 0.924778 0.380359 0.001672 -0.010503
1630597879.552735 -820.088182 2105.550356 1.014714 0.928854 0.370335 0.000751 -0.008997
1630597879.802737 -817.894567 2107.500701 1.027215 0.932609 0.360772 0.000013 -0.009165
1630597880.052114 -815.692066 2109.391916 1.038037 0.936107 0.351634 0.000504 -0.007601
1630597880.302111 -813.465304 2111.224563 1.048911 0.939386 0.342782 0.000712 -0.007339
1630597880.551537 -811.230401 2112.988803 1.062415 0.942333 0.334558 0.001601 -0.008767
1630597880.801498 -808.984302 2114.708703 1.081617 0.945177 0.326455 0.001864 -0.008051
1630597881.051501 -806.734402 2116.368775 1.100775 0.947941 0.318337 0.002266 -0.007995
1630597881.301503 -804.476204 2117.970149 1.119251 0.950639 0.310188 0.000659 -0.008303
1630597881.550886 -802.231146 2119.503970 1.130801 0.953231 0.302104 0.000242 -0.009106
1630597881.801513 -799.988612 2120.978856 1.141517 0.955791 0.293879 -0.000126 -0.009988
1630597882.052139 -797.776957 2122.380037 1.152806 0.958305 0.285553 -0.001072 -0.010497
1630597882.302143 -795.632152 2123.687931 1.163614 0.961057 0.276159 -0.001166 -0.010251
1630597882.552771 -793.551756 2124.893977 1.175613 0.964348 0.264461 -0.001251 -0.009585
1630597882.803403 -791.545403 2125.985887 1.185072 0.967970 0.250905 -0.001562 -0.008850
1630597883.053408 -789.622558 2126.960935 1.192670 0.972030 0.234751 -0.000510 -0.007088
1630597883.302780 -787.773303 2127.814606 1.200251 0.976479 0.215563 -0.000386 -0.004526
1630597883.552781 -785.996175 2128.536199 1.207409 0.981252 0.192700 0.000065 -0.003228
1630597883.802812 -784.289600 2129.123680 1.213236 0.985992 0.166769 -0.001235 -0.002570
1630597884.052798 -782.628078 2129.576700 1.208595 0.990866 0.134702 -0.005636 -0.002884
1630597884.302793 -781.011218 2129.929530 1.202558 0.995296 0.096671 -0.002480 0.005875
1630597884.553425 -779.409438 2130.080782 1.189898 0.998743 0.049659 0.006593 0.001652
1630597884.802805 -777.790105 2130.081353 1.206876 0.999990 -0.000430 0.004229 0.001355
1630597885.052806 -776.190580 2129.918865 1.214456 0.998580 -0.053216 0.000400 0.002388
1630597885.302183 -774.644961 2129.626517 1.214812 0.994446 -0.104793 0.000525 0.009769
1630597885.552185 -773.158291 2129.153072 1.219902 0.987841 -0.155139 0.001994 0.009924
1630597885.801564 -771.730003 2128.540002 1.224899 0.979111 -0.203006 0.002617 0.011074
1630597886.051569 -770.363950 2127.757001 1.232481 0.967986 -0.250949 0.001206 0.005059
1630597886.301571 -769.063461 2126.861255 1.233682 0.954820 -0.297137 0.001372 0.005187
1630597886.550954 -767.853480 2125.838276 1.234753 0.939702 -0.341945 0.003484 0.004653
1630597886.801582 -766.728027 2124.669046 1.236490 0.923104 -0.384537 0.001282 -0.002796
1630597887.052205 -765.696365 2123.421680 1.233361 0.906341 -0.422514 0.000106 -0.005293
1630597887.302834 -764.777212 2122.115888 1.218703 0.890895 -0.454143 0.005654 -0.005396
1630597887.553462 -763.914937 2120.765485 1.219880 0.878265 -0.478126 0.006093 -0.002837
1630597887.803469 -763.124341 2119.386497 1.226104 0.868459 -0.495704 0.007186 -0.002302
1630597888.053468 -762.375736 2117.987533 1.234759 0.861730 -0.507318 0.006608 -0.002428
1630597888.303474 -761.661214 2116.579442 1.242201 0.856452 -0.516169 0.007479 -0.001913
1630597888.552885 -760.974178 2115.161694 1.251292 0.852946 -0.521902 0.009963 -0.001552
1630597888.802231 -760.296941 2113.726679 1.265770 0.850549 -0.525739 0.012782 -0.001461
1630597889.052235 -759.613088 2112.265895 1.286275 0.849393 -0.527598 0.012986 -0.001900
1630597889.301605 -758.928559 2110.793910 1.307539 0.850022 -0.526581 0.012638 -0.003992
1630597889.551607 -758.228004 2109.321783 1.325614 0.850989 -0.525025 0.012095 -0.004461
1630597889.801615 -757.517924 2107.850724 1.341665 0.852027 -0.523357 0.011382 -0.004131
1630597890.051621 -756.806876 2106.374831 1.356309 0.852797 -0.522098 0.011193 -0.005014
1630597890.301624 -756.085364 2104.906937 1.371194 0.853318 -0.521252 0.011519 -0.003395
1630597890.551628 -755.366842 2103.428417 1.386387 0.853735 -0.520565 0.011087 -0.005005
1630597890.801633 -754.642614 2101.958994 1.400540 0.853996 -0.520156 0.010284 -0.004872
1630597891.051629 -753.925820 2100.502751 1.414822 0.854469 -0.519369 0.010842 -0.004601
1630597891.301635 -753.207240 2099.065946 1.428423 0.854896 -0.518687 0.010384 -0.002813
1630597891.551633 -752.502514 2097.642636 1.446621 0.855265 -0.518071 0.010595 -0.003457
1630597891.801638 -751.807167 2096.246801 1.462203 0.855545 -0.517583 0.011940 -0.002859
1630597892.051645 -751.123753 2094.865373 1.482056 0.856045 -0.516743 0.011962 -0.004615
1630597892.302272 -750.444778 2093.519863 1.501383 0.856548 -0.515913 0.011991 -0.003993
1630597892.551649 -749.791044 2092.213747 1.517413 0.857797 -0.513811 0.011847 -0.006421
1630597892.801665 -749.142948 2090.958433 1.534559 0.860899 -0.508583 0.010976 -0.008693
1630597893.051658 -748.493047 2089.780759 1.545412 0.866268 -0.499416 0.010114 -0.007820
1630597893.302286 -747.851602 2088.681811 1.557482 0.873088 -0.487399 0.009770 -0.008042
1630597893.552911 -747.215812 2087.679751 1.569324 0.881408 -0.472182 0.010617 -0.007198
1630597893.803541 -746.569628 2086.756746 1.578821 0.891307 -0.453227 0.010699 -0.006459
1630597894.053543 -745.898905 2085.893529 1.592250 0.903378 -0.428674 0.009488 -0.007581
1630597894.303550 -745.195955 2085.108911 1.606128 0.917883 -0.396611 0.011416 -0.007766
1630597894.553556 -744.442934 2084.418399 1.615930 0.934147 -0.356594 0.013561 -0.005129
1630597894.803558 -743.640554 2083.811912 1.631626 0.949351 -0.313917 0.013345 -0.003217
1630597895.053556 -742.809767 2083.287457 1.654211 0.962850 -0.269685 0.013334 -0.003477
1630597895.303562 -741.950614 2082.853244 1.670419 0.974408 -0.224258 0.015062 -0.003208
1630597895.553556 -741.042071 2082.504418 1.685579 0.983970 -0.177739 0.014385 -0.002303
1630597895.803569 -740.074586 2082.226988 1.702432 0.991478 -0.129740 0.011344 -0.003296
1630597896.054186 -739.043644 2082.041642 1.718725 0.996541 -0.082423 0.010363 -0.002335
1630597896.304199 -737.943912 2081.947662 1.726036 0.999315 -0.035553 0.010248 0.000074
1630597896.554203 -736.764865 2081.938716 1.730783 0.999936 0.006885 0.008980 0.000144
1630597896.804827 -735.508874 2082.033494 1.741282 0.998800 0.048452 0.007004 0.001295
1630597897.054822 -734.199801 2082.236862 1.740326 0.996210 0.086519 0.008138 0.003754
1630597897.304837 -732.822510 2082.530699 1.742879 0.992636 0.120848 0.007930 0.002682
1630597897.555453 -731.387256 2082.945138 1.745641 0.988360 0.151835 0.008266 0.004697
1630597897.805469 -729.898446 2083.463410 1.747748 0.984286 0.176227 0.007964 0.007822
1630597898.056089 -728.368769 2084.055758 1.755286 0.980781 0.194722 0.007948 0.009378
1630597898.306103 -726.853420 2084.702124 1.761355 0.977775 0.209156 0.008409 0.011766
1630597898.556096 -725.353194 2085.383716 1.771162 0.974997 0.221681 0.007947 0.013212
1630597898.806110 -723.867863 2086.102007 1.777969 0.972561 0.232045 0.006392 0.015461
1630597899.056101 -722.403682 2086.841900 1.779047 0.970433 0.240680 0.006440 0.017090
1630597899.306110 -720.952767 2087.606080 1.777385 0.968824 0.246891 0.005871 0.019744
1630597899.556107 -719.504969 2088.375008 1.772842 0.967969 0.250175 0.004730 0.020658
1630597899.805499 -718.064411 2089.143119 1.763293 0.967733 0.251072 0.003011 0.021134
1630597900.055490 -716.623699 2089.899725 1.751900 0.968256 0.249145 0.001596 0.020125
1630597900.305515 -715.195382 2090.637267 1.736173 0.969226 0.245439 0.004923 0.018358
1630597900.554874 -713.744056 2091.365598 1.727767 0.970481 0.240549 0.003520 0.017060
1630597900.804889 -712.282869 2092.087250 1.720900 0.972086 0.233915 0.004704 0.017602
1630597901.054256 -710.804358 2092.783909 1.711807 0.973845 0.226497 0.005935 0.017016
1630597901.304270 -709.294143 2093.471710 1.711122 0.975782 0.217945 0.004583 0.018121
1630597901.554265 -707.764627 2094.131754 1.703321 0.977842 0.208452 0.004701 0.018754
1630597901.803653 -706.211269 2094.758970 1.698002 0.979850 0.198911 0.003128 0.017869
1630597902.053658 -704.637278 2095.370878 1.686992 0.981817 0.188763 0.000859 0.020076
1630597902.303661 -703.060555 2095.932239 1.674724 0.983882 0.177816 0.002536 0.018757
1630597902.553667 -701.469581 2096.458312 1.664875 0.985870 0.166517 0.002880 0.017989
1630597902.803672 -699.870431 2096.946812 1.660082 0.987714 0.155294 0.003173 0.017192
1630597903.053673 -698.260776 2097.402364 1.653898 0.989379 0.144255 0.002568 0.017673
1630597903.303678 -696.637794 2097.813150 1.646742 0.991029 0.132750 0.001329 0.015393
1630597903.553056 -695.008809 2098.192853 1.638892 0.992404 0.122124 0.000582 0.014791
1630597903.803683 -693.360111 2098.541559 1.627349 0.993693 0.111144 0.000135 0.014878
1630597904.053689 -691.706917 2098.855926 1.616087 0.994870 0.100007 0.000718 0.015219
1630597904.303068 -690.041270 2099.132101 1.605277 0.996059 0.087207 -0.000093 0.016175
1630597904.553074 -688.360974 2099.357650 1.594816 0.997098 0.074625 -0.000384 0.015020
1630597904.803074 -686.673464 2099.545073 1.582312 0.997910 0.062998 0.000172 0.014359
1630597905.053076 -684.967270 2099.699364 1.571831 0.998561 0.051483 -0.002314 0.014859
1630597905.303082 -683.261585 2099.812740 1.557047 0.999083 0.039954 -0.003127 0.015093
1630597905.552457 -681.566030 2099.888335 1.538903 0.999481 0.027986 -0.002505 0.015771
1630597905.801835 -679.871886 2099.922392 1.524723 0.999730 0.016286 -0.002951 0.016337
1630597906.051217 -678.191405 2099.913593 1.511584 0.999858 0.004414 -0.001380 0.016227
1630597906.301218 -676.514805 2099.865125 1.501646 0.999840 -0.007598 -0.000218 0.016189
1630597906.552474 -674.839488 2099.778147 1.498814 0.999624 -0.021137 0.000049 0.017470
1630597906.803101 -673.174714 2099.640745 1.493288 0.999054 -0.038790 -0.002225 0.019527
1630597907.053725 -671.537631 2099.424001 1.490104 0.997779 -0.063540 -0.002956 0.019758
1630597907.303739 -669.946827 2099.099843 1.482164 0.995268 -0.095510 -0.000932 0.017864
1630597907.554364 -668.388695 2098.665787 1.484610 0.991252 -0.131018 -0.000831 0.015929
1630597907.804374 -666.882973 2098.119324 1.482819 0.984781 -0.173141 -0.002807 0.014857
1630597908.053747 -665.442521 2097.444844 1.481899 0.975428 -0.219627 -0.008087 0.015440
1630597908.304387 -664.092297 2096.624195 1.466938 0.963048 -0.268815 -0.009939 0.013337
1630597908.553752 -662.839752 2095.679287 1.445735 0.947929 -0.318017 -0.011138 0.013106
1630597908.803137 -661.686464 2094.607909 1.423309 0.930507 -0.365883 -0.010430 0.013347
1630597909.052509 -660.624791 2093.412309 1.400122 0.910209 -0.413721 -0.008725 0.016675
1630597909.301894 -659.645217 2092.064701 1.386450 0.888823 -0.457721 -0.013073 0.017711
1630597909.551897 -658.766984 2090.588668 1.362840 0.865206 -0.500720 -0.017317 0.019934
1630597909.801275 -658.021083 2088.992752 1.338604 0.843360 -0.536738 -0.017674 0.018532
1630597910.050646 -657.370213 2087.304717 1.311159 0.824607 -0.565098 -0.016370 0.020463
1630597910.301284 -656.790052 2085.503010 1.287605 0.808778 -0.587473 -0.018745 0.020046
1630597910.551914 -656.294173 2083.618562 1.265999 0.795959 -0.604869 -0.016901 0.017261
1630597910.803164 -655.848281 2081.658832 1.240095 0.786639 -0.617039 -0.014486 0.015910
1630597911.053794 -655.432856 2079.650879 1.221964 0.779741 -0.625753 -0.013951 0.015585
1630597911.303800 -655.055399 2077.616837 1.208579 0.774578 -0.632201 -0.011167 0.015031
1630597911.553803 -654.695109 2075.545889 1.199940 0.770621 -0.637041 -0.011695 0.013603
1630597911.803803 -654.348362 2073.447990 1.186874 0.767062 -0.641296 -0.014761 0.011762
1630597912.053807 -654.032383 2071.342716 1.163355 0.763762 -0.645274 -0.013338 0.010533
1630597912.303811 -653.738624 2069.223716 1.142045 0.760725 -0.648906 -0.011631 0.009076
1630597912.553815 -653.454992 2067.098655 1.122009 0.758055 -0.652029 -0.011382 0.008940
1630597912.803821 -653.182805 2064.977649 1.105150 0.755876 -0.654547 -0.010451 0.010514
1630597913.053824 -652.915809 2062.856257 1.096865 0.753810 -0.656864 -0.011948 0.012549
1630597913.303823 -652.663457 2060.747423 1.089699 0.751774 -0.659128 -0.013260 0.014517
1630597913.553832 -652.433345 2058.649650 1.084702 0.749828 -0.661341 -0.013829 0.013969
1630597913.803834 -652.225252 2056.569307 1.077763 0.748190 -0.663245 -0.012908 0.012274
1630597914.053835 -652.032176 2054.505045 1.068268 0.746783 -0.664891 -0.012358 0.009057
1630597914.303218 -651.854077 2052.472778 1.053106 0.745720 -0.666157 -0.009771 0.006395
1630597914.553223 -651.684501 2050.461293 1.038329 0.744702 -0.667348 -0.007127 0.003902
1630597914.803223 -651.524919 2048.478881 1.024643 0.743654 -0.668547 -0.004767 0.001204
1630597915.053224 -651.376550 2046.538427 1.010003 0.742209 -0.670164 -0.002302 -0.001222
1630597915.303229 -651.241302 2044.645994 0.999666 0.739529 -0.673110 -0.001666 -0.003992
1630597915.552603 -651.132659 2042.822003 0.983935 0.734304 -0.678805 -0.000265 -0.004718
1630597915.803235 -651.059642 2041.041565 0.971302 0.724956 -0.688774 -0.002007 -0.005049
1630597916.053245 -651.059461 2039.334463 0.954119 0.709872 -0.704314 -0.001827 -0.004528
1630597916.302625 -651.152308 2037.686187 0.936387 -0.690288 0.723486 0.003512 0.007582
1630597916.552618 -651.340039 2036.093116 0.913531 -0.666872 0.745125 0.003368 0.007686
1630597916.802630 -651.635639 2034.533835 0.884462 -0.640383 0.768030 0.001527 0.006087
1630597917.052641 -652.045038 2032.987834 0.858590 -0.612588 0.790355 0.002398 0.008319
1630597917.302633 -652.556026 2031.483254 0.832695 -0.581503 0.813497 0.004327 0.007607
1630597917.552635 -653.189370 2030.055059 0.803635 -0.544295 0.838885 0.002404 0.003061
1630597917.802642 -653.969010 2028.698272 0.784423 -0.501211 0.865323 0.000624 0.001471
1630597918.052645 -654.890165 2027.417003 0.774053 -0.452375 0.891824 0.002217 0.000906
1630597918.302653 -655.964340 2026.255608 0.760316 -0.400466 0.916311 -0.000256 0.000297
1630597918.552663 -657.174766 2025.197565 0.749875 -0.347256 0.937770 0.000624 -0.000633
1630597918.801412 -658.518792 2024.275848 0.740672 -0.294401 0.955681 -0.000498 -0.001013
1630597919.051415 -660.006240 2023.480994 0.728877 -0.245809 0.969311 -0.003405 0.001494
1630597919.302040 -661.599315 2022.793600 0.714077 -0.206745 0.978377 -0.005479 0.002319
1630597919.552671 -663.279325 2022.186550 0.690352 -0.177796 0.984038 -0.007392 0.001952
1630597919.803301 -665.043657 2021.624951 0.672713 -0.156017 0.987735 -0.005378 0.003180
1630597920.053928 -666.871608 2021.126205 0.647647 -0.141352 0.989925 -0.008282 -0.000336
1630597920.304558 -668.783266 2020.642235 0.632838 -0.133551 0.990992 -0.009867 0.000983
1630597920.555176 -670.750154 2020.159998 0.616482 -0.129099 0.991576 -0.010374 0.001421
1630597920.804564 -672.746398 2019.679126 0.599965 -0.127174 0.991829 -0.009963 0.001747
1630597921.054559 -674.778993 2019.190447 0.582674 -0.127512 0.991785 -0.009533 0.003577
1630597921.303941 -676.816351 2018.692305 0.561171 -0.131422 0.991271 -0.010266 0.002283
1630597921.553944 -678.871782 2018.165439 0.545899 -0.139470 0.990151 -0.012180 0.001043
1630597921.803948 -680.942194 2017.581922 0.535582 -0.150811 0.988485 -0.012099 0.002656
1630597922.053951 -683.001688 2016.947501 0.522201 -0.164084 0.986354 -0.013480 0.000344
1630597922.303960 -685.068058 2016.236718 0.516837 -0.177893 0.983977 -0.011874 0.001413
1630597922.553963 -687.133860 2015.457130 0.505786 -0.191780 0.981389 -0.009654 0.001474
1630597922.803959 -689.204338 2014.611735 0.492903 -0.206071 0.978497 -0.008712 0.001263
1630597923.053971 -691.277334 2013.688503 0.478647 -0.221215 0.975199 -0.006850 0.001890
1630597923.303977 -693.350853 2012.689585 0.460294 -0.236190 0.971685 -0.005406 0.003637
1630597923.554594 -695.417788 2011.611498 0.434235 -0.251747 0.967772 -0.003235 0.005453
1630597923.804597 -697.436688 2010.479604 0.406892 -0.266500 0.963826 -0.003525 0.002333
1630597924.053985 -699.421512 2009.292185 0.395631 -0.281206 0.959636 -0.004787 -0.000080
1630597924.304622 -701.400194 2008.019089 0.389920 -0.295729 0.955257 -0.002369 0.004779
1630597924.554616 -703.324896 2006.697054 0.360307 -0.308380 0.951243 -0.000263 0.006204
1630597924.804619 -705.201581 2005.346070 0.330111 -0.319864 0.947460 -0.001495 0.002087
1630597925.054618 -707.046205 2003.938728 0.317660 -0.329536 0.944140 0.001970 0.001153
1630597925.304627 -708.863809 2002.497604 0.301358 -0.337123 0.941438 0.006202 0.002179
1630597925.554626 -710.653732 2001.056100 0.277566 -0.342622 0.939455 0.005899 0.000409
1630597925.804636 -712.424055 1999.598521 0.261660 -0.346721 0.937941 0.007218 0.000252
1630597926.054632 -714.165379 1998.137170 0.245852 -0.348368 0.937303 0.010021 -0.001348
1630597926.304649 -715.893674 1996.683934 0.230973 -0.348980 0.937047 0.012357 -0.001599
1630597926.554642 -717.609646 1995.233309 0.213379 -0.348272 0.937240 0.016945 -0.001069
1630597926.804652 -719.315877 1993.824364 0.191298 -0.346390 0.937961 0.015007 -0.004176
1630597927.054028 -721.030386 1992.430492 0.180980 -0.344278 0.938762 0.013987 -0.001821
1630597927.304035 -722.735552 1991.053006 0.164044 -0.341012 0.939958 0.013625 -0.001986
1630597927.554030 -724.441989 1989.699762 0.146548 -0.336684 0.941522 0.013339 -0.001650
1630597927.804035 -726.149329 1988.363066 0.130344 -0.332257 0.943070 0.014952 -0.000667
1630597928.053420 -727.843736 1987.067091 0.111012 -0.327827 0.944626 0.013784 -0.004619
1630597928.303411 -729.560139 1985.780804 0.104695 -0.322792 0.946351 0.014496 -0.003924
1630597928.553421 -731.283289 1984.518707 0.095688 -0.316365 0.948501 0.015814 -0.003080
1630597928.803423 -733.015227 1983.297452 0.082722 -0.308689 0.951031 0.015350 -0.003832
1630597929.052808 -734.761924 1982.105363 0.072409 -0.299441 0.953957 0.017178 -0.002341
1630597929.302810 -736.529583 1980.952255 0.054428 -0.285548 0.958134 0.020933 -0.001723
1630597929.552811 -738.337196 1979.888920 0.033391 -0.265708 0.963856 0.019517 -0.000949
1630597929.802810 -740.188852 1978.943163 0.014574 -0.240025 0.970674 0.013409 -0.000861
1630597930.052815 -742.089348 1978.116472 0.002268 -0.208896 0.977905 0.007708 0.002169
1630597930.302827 -744.028297 1977.429510 -0.018131 -0.172064 0.985073 0.002908 0.004171
1630597930.552199 -746.000760 1976.880053 -0.040920 -0.132352 0.991169 0.004185 0.007060
1630597930.801580 -747.958317 1976.506962 -0.068773 -0.087556 0.996149 0.003914 -0.002574
1630597931.052207 -749.952067 1976.315256 -0.056633 -0.037549 0.999253 0.007136 -0.005660
1630597931.302840 -751.929572 1976.342638 -0.032928 0.019191 0.999740 0.009099 -0.008259
1630597931.553723 -753.872354 1976.614221 -0.003409 0.079792 0.996754 0.008135 -0.006917
1630597931.803473 -755.720779 1977.119013 0.024694 0.140126 0.990084 0.005773 -0.008112
1630597932.054103 -757.505844 1977.846198 0.044774 0.195940 0.980614 0.000908 -0.001606
1630597932.303479 -759.178295 1978.720598 0.048118 0.243727 0.969842 0.001377 0.001108
1630597932.553475 -760.741342 1979.726347 0.039315 0.283287 0.959030 0.002185 -0.002410
1630597932.802862 -762.229038 1980.846308 0.042856 0.316251 0.948662 0.002436 -0.004444
1630597933.052866 -763.672479 1982.069832 0.049441 0.343813 0.939007 0.004431 -0.006184
1630597933.302245 -765.080856 1983.393839 0.062699 0.365795 0.930665 0.004775 -0.005795
1630597933.552249 -766.469434 1984.797109 0.075741 0.382667 0.923838 0.007193 -0.006140
1630597933.801628 -767.837704 1986.273542 0.092930 0.396226 0.918086 0.008864 -0.006714
1630597934.051632 -769.206854 1987.826900 0.113889 0.406121 0.913752 0.009466 -0.005815
1630597934.302261 -770.589335 1989.447697 0.131568 0.414632 0.909927 0.010277 -0.002781
1630597934.552890 -771.968151 1991.129701 0.140878 0.422485 0.906305 0.010687 -0.001537
1630597934.803513 -773.344809 1992.875392 0.146308 0.429698 0.902920 0.009762 -0.000735
1630597935.054761 -774.722720 1994.672020 0.150526 0.435623 0.900079 0.009520 -0.000296
1630597935.304773 -776.090591 1996.497371 0.154142 0.441350 0.897277 0.010173 -0.000129
1630597935.554770 -777.443337 1998.362455 0.161238 0.447391 0.894280 0.010064 -0.001905
1630597935.804152 -778.782109 2000.269952 0.173297 0.452172 0.891889 0.008074 -0.003200
1630597936.054775 -780.131241 2002.226075 0.186948 0.455125 0.890412 0.004664 -0.002635
1630597936.304161 -781.477557 2004.193085 0.189703 0.456625 0.889646 0.003009 -0.003784
1630597936.554171 -782.834923 2006.189660 0.195332 0.457507 0.889192 0.000572 -0.004855
1630597936.804170 -784.202924 2008.202064 0.201042 0.457671 0.889106 -0.001264 -0.005220
1630597937.054166 -785.572726 2010.202344 0.210906 0.457054 0.889407 -0.000009 -0.007561
1630597937.303546 -786.942538 2012.201145 0.231741 0.456227 0.889831 -0.001284 -0.007458
1630597937.553553 -788.312975 2014.196802 0.249190 0.454209 0.890845 -0.003157 -0.008873
1630597937.803559 -789.701048 2016.186765 0.265347 0.451838 0.892050 -0.004620 -0.008210
1630597938.053560 -791.102439 2018.163796 0.276913 0.449513 0.893231 -0.004588 -0.007483
1630597938.303563 -792.510382 2020.130055 0.286344 0.447686 0.894150 -0.004131 -0.007532
1630597938.553559 -793.923692 2022.088940 0.298529 0.446160 0.894909 -0.003752 -0.008093
1630597938.803567 -795.340739 2024.045093 0.313103 0.445035 0.895469 -0.004298 -0.007751
1630597939.053569 -796.752539 2025.983697 0.328541 0.444415 0.895763 -0.002916 -0.009762
1630597939.303578 -798.167598 2027.922132 0.352058 0.444420 0.895777 -0.003360 -0.007937
1630597939.553582 -799.568525 2029.841727 0.370142 0.444719 0.895629 -0.002335 -0.008334
1630597939.802951 -800.949528 2031.745633 0.391440 0.445830 0.895077 -0.002546 -0.008180
1630597940.052962 -802.307683 2033.639852 0.413083 0.447608 0.894182 -0.003920 -0.008339
1630597940.302967 -803.638976 2035.507649 0.434279 0.449910 0.893018 -0.002923 -0.009604
1630597940.552972 -804.945653 2037.362515 0.459810 0.453551 0.891184 -0.002492 -0.008751
1630597940.802977 -806.213897 2039.204350 0.483930 0.458137 0.888840 -0.002468 -0.008230
1630597941.052978 -807.441401 2041.023871 0.506389 0.463541 0.886027 -0.000311 -0.009281
1630597941.302356 -808.628302 2042.831666 0.536015 0.470424 0.882402 0.001297 -0.008119
1630597941.552362 -809.761761 2044.645126 0.561724 0.478261 0.878180 0.000910 -0.008057
1630597941.802375 -810.852949 2046.459493 0.586034 0.486495 0.873663 -0.000088 -0.006005
1630597942.052360 -811.890903 2048.271242 0.599792 0.495752 0.868446 -0.000476 -0.005606
1630597942.302367 -812.875343 2050.080139 0.614009 0.505046 0.863066 0.000209 -0.006745
1630597942.552381 -813.807444 2051.898907 0.628624 0.514420 0.857503 -0.001231 -0.007698
1630597942.802377 -814.701752 2053.722679 0.645165 0.523596 0.851943 -0.001575 -0.006096
1630597943.052998 -815.546247 2055.539243 0.656007 0.532256 0.846539 0.000682 -0.008607
1630597943.303007 -816.346261 2057.363656 0.679435 0.539762 0.841769 -0.001109 -0.008974
1630597943.553014 -817.092116 2059.164838 0.702981 0.545804 0.837775 -0.000484 -0.015156
1630597943.803018 -817.822252 2060.978680 0.739587 0.550193 0.834937 -0.004814 -0.012059
1630597944.053022 -818.539594 2062.766141 0.759444 0.550972 0.834448 -0.007830 -0.008074
1630597944.303019 -819.250710 2064.497715 0.759536 0.546094 0.837648 -0.008763 -0.007148
1630597944.553060 -819.970150 2066.153375 0.761491 0.537391 0.843260 -0.009489 -0.005781
1630597944.803027 -820.688417 2067.707622 0.759602 0.525305 0.850823 -0.010060 -0.007310
1630597945.053044 -821.425610 2069.160361 0.762913 0.510835 0.859587 -0.010223 -0.007267
1630597945.303033 -822.175883 2070.497084 0.768118 0.496029 0.868239 -0.007373 -0.007822
1630597945.553664 -822.919851 2071.736165 0.775584 0.483110 0.875503 -0.005974 -0.008022
1630597945.803685 -823.643970 2072.874226 0.786837 0.471659 0.881737 -0.006438 -0.005939
1630597946.053673 -824.337550 2073.888559 0.796346 0.460618 0.887576 -0.004716 -0.004200
1630597946.303053 -824.970796 2074.787583 0.798365 0.449447 0.893276 -0.005188 -0.005377
1630597946.553054 -825.579297 2075.585965 0.804192 0.438672 0.898629 -0.004092 -0.004020
1630597946.803049 -826.143049 2076.300229 0.808165 0.427898 0.903809 -0.004492 -0.003526
1630597947.053060 -826.673183 2076.935261 0.810686 0.418273 0.908306 -0.003503 -0.003919
1630597947.303696 -827.167896 2077.507822 0.812182 0.409986 0.912078 -0.002900 -0.004224
1630597947.553690 -827.622933 2078.013457 0.813484 0.402947 0.915211 -0.001864 -0.004351
1630597947.803072 -828.042642 2078.472601 0.815307 0.396616 0.917974 -0.001960 -0.003991
1630597948.053070 -828.431315 2078.885450 0.816627 0.391163 0.920313 -0.002145 -0.003251
1630597948.303075 -828.783516 2079.247735 0.817095 0.386059 0.922469 -0.001793 -0.002316
1630597948.553072 -829.097901 2079.568684 0.817502 0.381653 0.924302 -0.002178 -0.001768
1630597948.803712 -829.385014 2079.853118 0.817847 0.377720 0.925917 -0.002024 -0.001171
1630597949.053093 -829.649235 2080.108092 0.816610 0.373857 0.927485 -0.001389 -0.000761
1630597949.303090 -829.913652 2080.362771 0.813617 0.369921 0.929062 -0.001174 -0.001126
1630597949.553092 -830.194293 2080.621409 0.812949 0.365098 0.930969 -0.000684 0.000057
1630597949.803100 -830.486713 2080.880497 0.811057 0.358536 0.933515 0.000001 0.001181
1630597950.053093 -830.790380 2081.148042 0.806119 0.348429 0.937334 -0.001128 0.001164
1630597950.303104 -831.129383 2081.416260 0.801840 0.332851 0.942979 -0.001029 0.000660
1630597950.552489 -831.537907 2081.704418 0.795076 0.311795 0.950149 0.000436 -0.000970
1630597950.802488 -832.054667 2082.041985 0.786505 0.285375 0.958415 -0.000964 0.000272
1630597951.052492 -832.682886 2082.386623 0.778765 0.253548 0.967320 -0.000117 0.002270
1630597951.302496 -833.401127 2082.716500 0.769305 0.215549 0.976493 0.000976 0.000216
1630597951.552500 -834.207927 2083.015174 0.762487 0.172255 0.985028 0.001907 -0.006702
1630597951.802495 -835.135515 2083.266266 0.747025 0.124847 0.992112 0.002233 -0.011076
1630597952.053131 -836.205903 2083.430678 0.747764 0.074166 0.997208 0.005060 -0.007048
1630597952.303137 -837.359337 2083.525571 0.762139 0.020832 0.999774 -0.000043 -0.004328
1630597952.553149 -838.567163 2083.463391 0.753332 -0.034113 0.999413 0.002784 -0.001649
1630597952.803140 -839.780101 2083.293024 0.755298 -0.090692 0.995810 0.000175 -0.011688
1630597953.054398 -841.049812 2082.951847 0.765276 -0.144628 0.989376 0.000575 -0.014766
1630597953.304401 -842.361404 2082.453017 0.783380 -0.195504 0.980644 0.001621 -0.010608
1630597953.554402 -843.706218 2081.820240 0.794715 -0.241687 0.970334 -0.002234 -0.005777
1630597953.804399 -845.056913 2081.034803 0.794406 -0.287272 0.957814 -0.007935 -0.002143
1630597954.055027 -846.376560 2080.065405 0.787955 -0.332062 0.943216 -0.008852 -0.000775
1630597954.305663 -847.661973 2078.939577 0.781383 -0.370199 0.928909 -0.009014 0.000386
1630597954.555659 -848.906160 2077.679285 0.774563 -0.400374 0.916317 -0.007913 0.000935
1630597954.806294 -850.128212 2076.316566 0.764951 -0.422838 0.906163 -0.008572 0.001893
1630597955.056291 -851.305213 2074.880151 0.758420 -0.439672 0.898126 -0.007419 0.001530
1630597955.306922 -852.466389 2073.385485 0.752620 -0.449509 0.893252 -0.006329 0.001357
1630597955.556921 -853.616622 2071.859638 0.746162 -0.457170 0.889355 -0.005811 0.003041
1630597955.806304 -854.744950 2070.314863 0.735241 -0.463802 0.885911 -0.005340 0.004486
1630597956.056313 -855.852408 2068.750669 0.720478 -0.468729 0.883319 -0.004948 0.004080
1630597956.306324 -856.947013 2067.178709 0.707404 -0.472119 0.881515 -0.004700 0.003635
1630597956.556308 -858.027194 2065.600652 0.695904 -0.474153 0.880432 -0.003164 0.003009
1630597956.806321 -859.099893 2064.025928 0.683351 -0.476035 0.879417 -0.002145 0.003463
1630597957.056320 -860.161002 2062.456191 0.668681 -0.477775 0.878472 -0.001368 0.003978
1630597957.306321 -861.208053 2060.897959 0.651703 -0.479361 0.877608 -0.001658 0.003760
1630597957.556324 -862.241582 2059.350860 0.636190 -0.480022 0.877247 -0.001380 0.003923
1630597957.806338 -863.262893 2057.828009 0.621043 -0.480119 0.877191 -0.002135 0.004177
1630597958.055705 -864.258380 2056.339136 0.607656 -0.480359 0.877060 -0.002427 0.003905
1630597958.305719 -865.222614 2054.890290 0.597185 -0.480528 0.876971 -0.002500 0.002865
1630597958.555710 -866.154752 2053.495114 0.589795 -0.480752 0.876846 -0.002845 0.003304
1630597958.805090 -867.043531 2052.164805 0.583787 -0.480642 0.876901 -0.002808 0.004434
1630597959.055095 -867.887232 2050.906751 0.576263 -0.480435 0.877008 -0.003542 0.005208
1630597959.305107 -868.673024 2049.727590 0.568426 -0.480284 0.877093 -0.003181 0.004967
1630597959.554481 -869.400168 2048.639928 0.562741 -0.480237 0.877117 -0.002961 0.005417
1630597959.804488 -870.064172 2047.646890 0.557097 -0.480063 0.877212 -0.003163 0.005381
1630597960.054487 -870.669476 2046.746232 0.548918 -0.479758 0.877371 -0.002977 0.006638
1630597960.304495 -871.207003 2045.940644 0.546156 -0.479701 0.877405 -0.002889 0.006258
1630597960.554498 -871.685832 2045.237685 0.539145 -0.479601 0.877452 -0.004500 0.006318
1630597960.804497 -872.090855 2044.625405 0.534010 -0.479437 0.877548 -0.003297 0.006202
1630597961.054504 -872.431006 2044.117899 0.531578 -0.479312 0.877614 -0.003125 0.006603
1630597961.304502 -872.701199 2043.721596 0.528173 -0.479174 0.877684 -0.003754 0.007054
1630597961.554511 -872.896160 2043.426692 0.525369 -0.479185 0.877685 -0.003614 0.006163
1630597961.803886 -873.042115 2043.212659 0.523030 -0.479192 0.877682 -0.004193 0.005718
1630597962.053891 -873.143324 2043.059612 0.521548 -0.479112 0.877729 -0.004145 0.005167
1630597962.303893 -873.217384 2042.949071 0.519923 -0.479129 0.877724 -0.004836 0.003613
1630597962.553899 -873.300415 2042.826277 0.519578 -0.479087 0.877747 -0.005621 0.002201
1630597962.804532 -873.402838 2042.670724 0.518484 -0.479128 0.877727 -0.005134 0.002172
1630597963.053899 -873.520946 2042.492702 0.516420 -0.479088 0.877751 -0.005080 0.001581
1630597963.303911 -873.674648 2042.266356 0.509026 -0.478932 0.877823 -0.007046 -0.001574
1630597963.553904 -873.898249 2041.933446 0.506516 -0.478817 0.877883 -0.007193 -0.001991
1630597963.803916 -874.193906 2041.492735 0.503521 -0.478689 0.877953 -0.007095 -0.002204
1630597964.053913 -874.560307 2040.949387 0.500421 -0.478517 0.878047 -0.007130 -0.002253
1630597964.303924 -874.992450 2040.304641 0.497796 -0.478340 0.878140 -0.007129 -0.003172
1630597964.553925 -875.497624 2039.551420 0.491735 -0.478159 0.878245 -0.006393 -0.002967
1630597964.803925 -876.074620 2038.701114 0.488305 -0.478122 0.878262 -0.006931 -0.002729
1630597965.053934 -876.721389 2037.746448 0.482806 -0.477799 0.878434 -0.007310 -0.002797
1630597965.303937 -877.437868 2036.681522 0.475803 -0.477754 0.878463 -0.006711 -0.002801
1630597965.553936 -878.233137 2035.511603 0.469732 -0.477619 0.878536 -0.007072 -0.002016
1630597965.803935 -879.094068 2034.238178 0.461613 -0.477485 0.878609 -0.006953 -0.002205
1630597966.053962 -880.010423 2032.874654 0.454309 -0.477027 0.878865 -0.005652 -0.003013
1630597966.303325 -880.989847 2031.432410 0.447926 -0.476299 0.879274 -0.003942 -0.000838
1630597966.553961 -882.011533 2029.924209 0.439169 -0.475716 0.879581 -0.003766 -0.004085
1630597966.803954 -883.082133 2028.330489 0.432627 -0.475959 0.879440 -0.001213 -0.006878
1630597967.053958 -884.230268 2026.650616 0.432009 -0.475695 0.879599 -0.001186 -0.004431
1630597967.303958 -885.425378 2024.901025 0.424639 -0.476155 0.879349 -0.001413 -0.004345
1630597967.553959 -886.662403 2023.089353 0.419623 -0.476364 0.879240 -0.001781 -0.003336
1630597967.803967 -887.931168 2021.227009 0.412261 -0.476629 0.879102 -0.001549 -0.001293
1630597968.053967 -889.236522 2019.324845 0.397706 -0.476871 0.878968 -0.002866 0.001069
1630597968.303972 -890.570182 2017.376021 0.376236 -0.477104 0.878826 -0.006058 0.000779
1630597968.553364 -891.938965 2015.362664 0.359472 -0.477347 0.878688 -0.006915 0.000673
1630597968.803365 -893.351754 2013.281736 0.345517 -0.477498 0.878596 -0.007971 0.000225
1630597969.053992 -894.807380 2011.132441 0.335733 -0.477836 0.878412 -0.008062 0.000779
1630597969.303995 -896.285916 2008.945718 0.326497 -0.478170 0.878229 -0.008016 0.001784
1630597969.553996 -897.781731 2006.725873 0.315869 -0.478516 0.878044 -0.007394 0.002390
1630597969.804000 -899.286066 2004.482725 0.303421 -0.478910 0.877837 -0.006612 0.001977
1630597970.054009 -900.807710 2002.220457 0.291501 -0.479134 0.877709 -0.007074 0.002633
1630597970.304012 -902.347709 1999.928088 0.275027 -0.479467 0.877517 -0.007457 0.004379
1630597970.554015 -903.899797 1997.608497 0.250460 -0.479565 0.877475 -0.006496 0.003503
1630597970.803390 -905.460402 1995.256990 0.229710 -0.480412 0.877026 -0.004243 0.003535
1630597971.054026 -907.044556 1992.897599 0.222041 -0.481180 0.876578 -0.008763 -0.000505
1630597971.303398 -908.642153 1990.506013 0.227377 -0.482266 0.875967 -0.009166 0.004111
1630597971.553405 -910.237033 1988.091989 0.208622 -0.483145 0.875475 -0.009179 0.005425
1630597971.803406 -911.828023 1985.661046 0.188547 -0.484350 0.874821 -0.008657 0.004388
1630597972.053415 -913.417281 1983.208078 0.174510 -0.485433 0.874240 -0.006940 0.003215
1630597972.302821 -915.004884 1980.742505 0.159923 -0.486859 0.873462 -0.004615 0.003278
1630597972.552169 -916.593737 1978.273474 0.139883 -0.487764 0.872958 -0.004543 0.003109
1630597972.802792 -918.194048 1975.788715 0.124177 -0.487829 0.872917 -0.005191 0.003407
1630597973.052799 -919.791529 1973.303822 0.105783 -0.487560 0.873070 -0.004483 0.003779
1630597973.303428 -921.393063 1970.817204 0.087233 -0.487337 0.873194 -0.005253 0.002572
1630597973.554063 -922.997563 1968.330126 0.077427 -0.486120 0.873874 -0.005537 0.001005
1630597973.804681 -924.618377 1965.842865 0.073025 -0.484917 0.874541 -0.005483 0.001793
1630597974.054686 -926.237313 1963.363121 0.064983 -0.483757 0.875189 -0.004669 0.001379
1630597974.304692 -927.860924 1960.882275 0.057062 -0.482683 0.875790 -0.003061 0.000783
1630597974.554714 -929.503818 1958.404852 0.045105 -0.481490 0.876442 -0.003217 0.002468
1630597974.804699 -931.151908 1955.931894 0.027206 -0.480308 0.877089 -0.003520 0.002748
1630597975.054702 -932.808168 1953.457425 0.009544 -0.479001 0.877805 -0.003162 0.002555
1630597975.304711 -934.474442 1950.986899 -0.007069 -0.477822 0.878445 -0.004020 0.001902
1630597975.554717 -936.151613 1948.508636 -0.023266 -0.476674 0.879071 -0.003143 0.002452
1630597975.804722 -937.835615 1946.032987 -0.040572 -0.475580 0.879666 -0.002939 0.001389
1630597976.054723 -939.542288 1943.546699 -0.059644 -0.474423 0.880282 -0.002114 0.004631
1630597976.304732 -941.258010 1941.072281 -0.094085 -0.473282 0.880887 -0.004283 0.004894
1630597976.554733 -942.973093 1938.592488 -0.118540 -0.472457 0.881337 -0.004691 0.002612
1630597976.804140 -944.697926 1936.111779 -0.132567 -0.471634 0.881777 -0.005103 0.002329
1630597977.054118 -946.440917 1933.624402 -0.148552 -0.472067 0.881531 -0.006673 0.003311
1630597977.304120 -948.174849 1931.126312 -0.159717 -0.472582 0.881254 -0.007156 0.002543
1630597977.554126 -949.910415 1928.616373 -0.168230 -0.473432 0.880803 -0.006499 0.002482
1630597977.804124 -951.643750 1926.094813 -0.181689 -0.474174 0.880410 -0.005476 0.002676
1630597978.053509 -953.375829 1923.576477 -0.196628 -0.474913 0.880008 -0.005999 0.002773
1630597978.303506 -955.104635 1921.029882 -0.213713 -0.475982 0.879445 -0.002786 0.003096
1630597978.553518 -956.832921 1918.489925 -0.234530 -0.476712 0.879045 -0.004500 0.002198
1630597978.802896 -958.565064 1915.952938 -0.244539 -0.478127 0.878256 -0.007455 0.002221
1630597979.052891 -960.286518 1913.395247 -0.246831 -0.479301 0.877611 -0.008287 0.000917
1630597979.302272 -962.003065 1910.820746 -0.246822 -0.480663 0.876877 -0.006507 0.002736
1630597979.552906 -963.729586 1908.223380 -0.266795 -0.481951 0.876157 -0.006655 0.005273
1630597979.803527 -965.443342 1905.645794 -0.281714 -0.483218 0.875438 -0.010374 -0.000625
1630597980.054156 -967.158587 1903.040980 -0.256878 -0.484288 0.874817 -0.012625 0.000057
1630597980.304163 -968.858865 1900.430122 -0.233812 -0.485528 0.874137 -0.012072 -0.001237
1630597980.554792 -970.561150 1897.801933 -0.210004 -0.486695 0.873498 -0.011343 -0.000802
1630597980.804177 -972.248404 1895.175768 -0.190644 -0.487962 0.872810 -0.009756 -0.000015
1630597981.054177 -973.935555 1892.540337 -0.179712 -0.489156 0.872146 -0.009357 -0.000119
1630597981.304177 -975.619991 1889.899559 -0.166897 -0.490332 0.871479 -0.009933 -0.000357
1630597981.554190 -977.299064 1887.243441 -0.154161 -0.491390 0.870894 -0.008925 0.000306
1630597981.803560 -978.968591 1884.603251 -0.140512 -0.492424 0.870275 -0.011665 -0.001821
1630597982.053569 -980.640626 1881.937316 -0.111181 -0.493632 0.869595 -0.011421 -0.001129
1630597982.302943 -982.295285 1879.268482 -0.088207 -0.496117 0.868188 -0.010784 -0.001121
1630597982.553579 -983.939372 1876.575608 -0.065231 -0.499188 0.866425 -0.010738 -0.001929
1630597982.803583 -985.563499 1873.866850 -0.041063 -0.502211 0.864699 -0.008886 -0.000920
1630597983.053578 -987.166520 1871.147031 -0.026992 -0.505374 0.862867 -0.007501 -0.001296
1630597983.303591 -988.758148 1868.408132 -0.017102 -0.508362 0.861122 -0.006113 0.000210
1630597983.552968 -990.328703 1865.666478 -0.015342 -0.511567 0.859223 -0.005943 0.000051
1630597983.802969 -991.883658 1862.908380 -0.012340 -0.514740 0.857316 -0.006963 -0.002013
1630597984.052977 -993.409461 1860.138953 0.016564 -0.518603 0.854959 -0.008484 -0.004932
1630597984.302976 -994.927831 1857.331033 0.048888 -0.522391 0.852684 -0.006058 0.000837
1630597984.553017 -996.398676 1854.541130 0.050602 -0.526094 0.850396 -0.006221 -0.003597
1630597984.802988 -997.860278 1851.726747 0.073027 -0.529521 0.848282 -0.005084 0.000076
1630597985.053004 -999.308173 1848.920716 0.073379 -0.532961 0.846092 -0.008353 0.003360
1630597985.302998 -1000.719238 1846.118145 0.071655 -0.534492 0.845102 -0.010939 0.001244
1630597985.553003 -1002.120813 1843.300946 0.089449 -0.535028 0.844771 -0.010233 0.001497
1630597985.803626 -1003.533579 1840.488685 0.110023 -0.535213 0.844579 -0.015213 -0.000912
1630597986.053631 -1004.949445 1837.656548 0.141822 -0.535408 0.844462 -0.014788 0.002114
1630597986.303635 -1006.356280 1834.818726 0.157965 -0.535527 0.844405 -0.013529 0.002877
1630597986.553643 -1007.761366 1831.979751 0.168376 -0.535790 0.844254 -0.012532 0.002803
1630597986.803641 -1009.160082 1829.133259 0.176903 -0.536036 0.844133 -0.009936 0.002524
1630597987.053646 -1010.556351 1826.279354 0.177190 -0.536316 0.843989 -0.006338 0.002712
1630597987.303645 -1011.961303 1823.439573 0.170363 -0.536511 0.843851 -0.008316 0.001640
1630597987.553029 -1013.357364 1820.597962 0.177721 -0.536756 0.843698 -0.008191 0.000153
1630597987.803029 -1014.764174 1817.738785 0.184141 -0.536967 0.843566 -0.007644 0.001926
1630597988.053031 -1016.157078 1814.896552 0.191375 -0.537429 0.843252 -0.009542 -0.002089
1630597988.303039 -1017.548544 1812.040395 0.224406 -0.537662 0.843115 -0.008117 -0.003342
1630597988.553668 -1018.954498 1809.172919 0.249783 -0.538274 0.842740 -0.007152 -0.000239
1630597988.804301 -1020.353244 1806.316491 0.256100 -0.538553 0.842554 -0.007888 0.001237
1630597989.054300 -1021.742784 1803.477056 0.263690 -0.538786 0.842391 -0.009192 0.001854
1630597989.304932 -1023.120713 1800.643377 0.276004 -0.538922 0.842298 -0.009813 0.000325
1630597989.554934 -1024.489553 1797.823932 0.294909 -0.538954 0.842291 -0.008490 0.001476
1630597989.804314 -1025.844544 1795.040418 0.307561 -0.539051 0.842221 -0.009296 0.001134
1630597990.053692 -1027.187287 1792.278845 0.324457 -0.539165 0.842147 -0.009354 0.001224
1630597990.303700 -1028.521096 1789.537503 0.341872 -0.539164 0.842143 -0.009703 0.001540
1630597990.553709 -1029.836927 1786.825835 0.359828 -0.539350 0.842022 -0.009985 0.000712
1630597990.803701 -1031.135320 1784.133174 0.380665 -0.539438 0.841982 -0.008520 0.000547
1630597991.053076 -1032.423793 1781.470692 0.394340 -0.539521 0.841937 -0.007483 0.001506
1630597991.303712 -1033.703029 1778.829262 0.403781 -0.539416 0.842000 -0.008077 0.000348
1630597991.553717 -1034.959879 1776.220827 0.423567 -0.539372 0.842036 -0.007124 -0.001638
1630597991.803721 -1036.201633 1773.650196 0.451380 -0.539548 0.841914 -0.007569 -0.003310
1630597992.053715 -1037.433878 1771.101666 0.481562 -0.539665 0.841859 -0.005876 -0.000506
1630597992.303724 -1038.634997 1768.611896 0.500674 -0.539850 0.841720 -0.007412 -0.003919
1630597992.553769 -1039.815672 1766.155434 0.538257 -0.539929 0.841669 -0.006607 -0.005046
1630597992.803728 -1040.979620 1763.731928 0.570277 -0.540148 0.841562 -0.003228 -0.001649
1630597993.053108 -1042.117541 1761.381455 0.579554 -0.540218 0.841517 -0.003657 0.000404
1630597993.303114 -1043.222704 1759.108547 0.592011 -0.540520 0.841296 -0.007614 -0.001511
1630597993.553133 -1044.288881 1756.894532 0.620517 -0.540540 0.841280 -0.007904 -0.001326
1630597993.803123 -1045.321601 1754.757379 0.645026 -0.540430 0.841349 -0.008204 -0.000347
1630597994.053128 -1046.321208 1752.706145 0.667070 -0.539604 0.841855 -0.010342 -0.000408
1630597994.303755 -1047.292178 1750.722158 0.691491 -0.537840 0.842977 -0.010848 0.000332
1630597994.553761 -1048.233703 1748.815786 0.712588 -0.534936 0.844839 -0.009410 0.000855
1630597994.804386 -1049.153702 1747.012938 0.730551 -0.530075 0.847847 -0.013209 -0.001121
1630597995.054394 -1050.063088 1745.302948 0.760464 -0.525096 0.850927 -0.013731 0.002964
1630597995.304399 -1050.925371 1743.712140 0.778404 -0.520388 0.853797 -0.014582 0.003809
1630597995.554398 -1051.731931 1742.244589 0.795556 -0.515799 0.856567 -0.015611 0.000407
1630597995.804406 -1052.506009 1740.879423 0.821499 -0.511704 0.859026 -0.015250 0.001331
1630597996.054411 -1053.233037 1739.626232 0.842125 -0.508171 0.861116 -0.015471 0.001582
1630597996.304413 -1053.906306 1738.483605 0.860564 -0.504898 0.863036 -0.015651 0.001727
1630597996.554411 -1054.521660 1737.454291 0.877757 -0.502425 0.864475 -0.015745 0.001813
1630597996.803793 -1055.075607 1736.541788 0.892745 -0.500085 0.865827 -0.015959 0.001920
1630597997.053797 -1055.570537 1735.731618 0.904923 -0.497926 0.867072 -0.015941 0.001649
1630597997.303796 -1056.008674 1735.023925 0.916899 -0.496029 0.868159 -0.015867 0.001752
1630597997.553804 -1056.390225 1734.413917 0.926764 -0.494780 0.868868 -0.016018 0.001902
1630597997.803803 -1056.711436 1733.899112 0.934222 -0.494340 0.869115 -0.016238 0.001632
1630597998.053813 -1056.974930 1733.474733 0.941800 -0.494087 0.869266 -0.015893 0.001556
1630597998.303196 -1057.194297 1733.124085 0.947006 -0.493805 0.869416 -0.016513 0.000460
1630597998.553218 -1057.399509 1732.795958 0.951471 -0.493624 0.869498 -0.017526 -0.001603
1630597998.802572 -1057.609113 1732.462274 0.957753 -0.493347 0.869656 -0.017479 -0.001385
1630597999.053204 -1057.818293 1732.127631 0.963461 -0.493104 0.869792 -0.017505 -0.001777
1630597999.303835 -1058.029700 1731.789629 0.969051 -0.492800 0.869960 -0.017671 -0.002450
1630597999.553839 -1058.250724 1731.435576 0.973375 -0.492474 0.870125 -0.018263 -0.004217
1630597999.804463 -1058.504709 1731.030807 0.977417 -0.492089 0.870296 -0.019581 -0.007098
1630598000.055090 -1058.819600 1730.535128 0.986357 -0.491552 0.870560 -0.020769 -0.008417
1630598000.305727 -1059.201772 1729.934360 0.997676 -0.491027 0.870880 -0.020270 -0.007042
1630598000.555727 -1059.638113 1729.243010 1.012527 -0.490038 0.871457 -0.019371 -0.007109
1630598000.805103 -1060.141641 1728.465724 1.030897 -0.486991 0.873171 -0.019188 -0.006588
1630598001.055107 -1060.710279 1727.598706 1.044238 -0.484030 0.874791 -0.019713 -0.008153
1630598001.304489 -1061.359389 1726.636818 1.060517 -0.481333 0.876261 -0.020915 -0.006963
1630598001.554495 -1062.078249 1725.569042 1.082986 -0.479343 0.877376 -0.020398 -0.004964
1630598001.804491 -1062.862205 1724.416328 1.102761 -0.477340 0.878439 -0.021348 -0.005982
1630598002.055122 -1063.714972 1723.195420 1.125119 -0.475023 0.879644 -0.023723 -0.004122
1630598002.305128 -1064.597796 1721.908752 1.151410 -0.472438 0.881090 -0.021505 -0.004443
1630598002.555131 -1065.540444 1720.581995 1.178395 -0.470213 0.882191 -0.024962 -0.004070
1630598002.805132 -1066.506283 1719.163015 1.206758 -0.468289 0.883392 -0.016794 -0.006442
1630598003.055137 -1067.541867 1717.716700 1.241233 -0.464433 0.885324 -0.019094 -0.011752
1630598003.305144 -1068.645754 1716.199835 1.282679 -0.459859 0.887693 -0.018602 -0.013614
1630598003.555774 -1069.835324 1714.615719 1.343363 -0.453974 0.890792 -0.016705 -0.010856
1630598003.805772 -1071.084918 1713.001543 1.381972 -0.448608 0.893447 -0.018654 -0.012442
1630598004.055771 -1072.403970 1711.321233 1.437109 -0.443730 0.895949 -0.016308 -0.010662
1630598004.305158 -1073.774550 1709.616434 1.484731 -0.438917 0.898308 -0.015788 -0.012087
1630598004.555158 -1075.202997 1707.873815 1.538147 -0.434356 0.900563 -0.013956 -0.011233
1630598004.805166 -1076.675983 1706.111384 1.590050 -0.429941 0.902681 -0.012949 -0.012220
1630598005.055161 -1078.195232 1704.325483 1.644119 -0.426219 0.904455 -0.011537 -0.012845
1630598005.304549 -1079.754165 1702.530608 1.700399 -0.423552 0.905664 -0.012902 -0.014488
1630598005.554550 -1081.360221 1700.700331 1.764984 -0.421480 0.906631 -0.013539 -0.013857
1630598005.804555 -1082.999267 1698.839050 1.829830 -0.419448 0.907600 -0.012468 -0.013063
1630598006.054556 -1084.673709 1696.961588 1.891252 -0.417633 0.908424 -0.012900 -0.013512
1630598006.303936 -1086.382599 1695.073317 1.957510 -0.415600 0.909326 -0.015310 -0.013009
1630598006.553956 -1088.127507 1693.150979 2.025842 -0.414137 0.910007 -0.015489 -0.011757
1630598006.803946 -1089.890442 1691.204962 2.091368 -0.413338 0.910380 -0.014370 -0.012366
1630598007.053944 -1091.672776 1689.231377 2.159246 -0.413010 0.910552 -0.011680 -0.013474
1630598007.303949 -1093.475723 1687.234630 2.225382 -0.413219 0.910512 -0.008651 -0.011955
1630598007.553955 -1095.264354 1685.224194 2.287556 -0.413865 0.910163 -0.003903 -0.017444
1630598007.803334 -1097.072784 1683.187117 2.359648 -0.412357 0.910864 0.004158 -0.016495
1630598008.053333 -1098.932533 1681.210711 2.424520 -0.409800 0.911930 -0.005906 -0.020324
1630598008.303966 -1100.813557 1679.208780 2.536065 -0.408185 0.912458 -0.012675 -0.025391
1630598008.553966 -1102.743675 1677.141061 2.657647 -0.407528 0.913048 -0.008487 -0.013843
1630598008.803349 -1104.669992 1675.107873 2.725812 -0.406824 0.913237 -0.014502 -0.016796
1630598009.053348 -1106.642032 1673.016036 2.815301 -0.405942 0.913727 -0.013430 -0.011545
1630598009.302725 -1108.621951 1670.928626 2.884111 -0.405280 0.913952 -0.016177 -0.013338
1630598009.552734 -1110.643880 1668.803579 2.963759 -0.404554 0.914276 -0.017407 -0.011518
1630598009.803358 -1112.685589 1666.647409 3.040384 -0.403845 0.914591 -0.016642 -0.012437
1630598010.053993 -1114.745056 1664.470575 3.126115 -0.403764 0.914606 -0.016265 -0.014349
1630598010.304617 -1116.831932 1662.268600 3.218343 -0.404359 0.914365 -0.015869 -0.013404
1630598010.555253 -1118.923249 1660.055283 3.306040 -0.404948 0.914158 -0.014421 -0.011126
1630598010.805259 -1120.992709 1657.854222 3.385217 -0.405482 0.913949 -0.012924 -0.010660
1630598011.055252 -1123.046511 1655.666932 3.460197 -0.405859 0.913797 -0.012201 -0.010263
1630598011.304634 -1125.078294 1653.505622 3.535137 -0.406394 0.913538 -0.013024 -0.011041
1630598011.554650 -1127.104761 1651.326982 3.610385 -0.406991 0.913351 -0.008633 -0.008608
1630598011.804639 -1129.106746 1649.175514 3.666702 -0.407594 0.913052 -0.008632 -0.011300
1630598012.054021 -1131.100811 1647.037922 3.734222 -0.408060 0.912821 -0.009741 -0.012238
1630598012.304021 -1133.102603 1644.895246 3.809357 -0.408462 0.912650 -0.010753 -0.010658
1630598012.553401 -1135.098018 1642.747677 3.870153 -0.409075 0.912420 -0.009331 -0.007817
1630598012.804032 -1137.100313 1640.587895 3.913011 -0.409638 0.912180 -0.009659 -0.005537
1630598013.054659 -1139.095609 1638.432589 3.948550 -0.411229 0.911441 -0.011166 -0.006506
1630598013.304040 -1141.068714 1636.279524 4.001139 -0.415010 0.909678 -0.013596 -0.008190
1630598013.554040 -1143.018885 1634.082615 4.066386 -0.420797 0.907020 -0.013010 -0.008697
1630598013.804043 -1144.947465 1631.860015 4.122869 -0.426379 0.904433 -0.011728 -0.008013
1630598014.054049 -1146.844860 1629.615095 4.178396 -0.432027 0.901755 -0.010663 -0.008771
1630598014.304046 -1148.733237 1627.334057 4.230391 -0.437344 0.899228 -0.009665 -0.005014
1630598014.554068 -1150.603551 1625.029358 4.257497 -0.442958 0.896483 -0.010014 -0.002394
1630598014.804058 -1152.415025 1622.713939 4.297986 -0.448038 0.893879 -0.011876 -0.010068
1630598015.054069 -1154.237409 1620.333630 4.360730 -0.453487 0.891224 -0.007574 -0.003418
1630598015.304690 -1156.015883 1617.951801 4.381357 -0.458663 0.888550 -0.008011 -0.006574
1630598015.554695 -1157.776086 1615.541304 4.423532 -0.463738 0.885930 -0.006975 -0.005139
1630598015.804698 -1159.514488 1613.103455 4.452726 -0.468420 0.883485 -0.005331 -0.002884
1630598016.054700 -1161.221738 1610.663282 4.465290 -0.473037 0.880991 -0.007542 -0.005808
1630598016.304705 -1162.914492 1608.188301 4.507765 -0.477556 0.878557 -0.007730 -0.004147
1630598016.554747 -1164.588248 1605.678055 4.533422 -0.482466 0.875902 -0.004632 -0.000825
1630598016.804713 -1166.225723 1603.176501 4.538672 -0.486612 0.873568 -0.008339 -0.004257
1630598017.054714 -1167.849332 1600.633178 4.570660 -0.491042 0.871098 -0.007413 -0.003278
1630598017.304719 -1169.465820 1598.064270 4.587045 -0.495096 0.868802 -0.007796 0.001479
1630598017.554731 -1171.053338 1595.489655 4.585342 -0.499447 0.866270 -0.011361 -0.000575
1630598017.805349 -1172.621128 1592.859313 4.606549 -0.503405 0.864008 -0.008566 -0.000081
1630598018.055348 -1174.176889 1590.213686 4.608400 -0.508205 0.861175 -0.009550 0.003603
1630598018.305363 -1175.706323 1587.533837 4.595504 -0.513338 0.858109 -0.009257 0.006853
1630598018.554742 -1177.175249 1584.851382 4.585017 -0.518748 0.854889 -0.007842 -0.001866
1630598018.805362 -1178.652281 1582.125144 4.610992 -0.525905 0.850451 -0.012524 -0.001087
1630598019.055365 -1180.074382 1579.341738 4.631701 -0.534920 0.844844 -0.009512 0.003048
1630598019.305376 -1181.437375 1576.531929 4.624209 -0.542867 0.839749 -0.009897 0.004479
1630598019.555375 -1182.754417 1573.692451 4.616278 -0.551045 0.834396 -0.009921 0.005839
1630598019.806009 -1184.017391 1570.806674 4.598572 -0.558951 0.829130 -0.008293 0.007006
1630598020.056003 -1185.226806 1567.906481 4.577163 -0.566382 0.824072 -0.008844 0.006186
1630598020.306027 -1186.384959 1564.975164 4.562919 -0.573778 0.818939 -0.009261 0.005596
1630598020.555394 -1187.499521 1562.019294 4.548751 -0.580856 0.813924 -0.008942 0.007385
1630598020.805399 -1188.566460 1559.030338 4.525459 -0.587833 0.808893 -0.009064 0.007952
1630598021.055393 -1189.586564 1556.013470 4.499755 -0.594432 0.804044 -0.009121 0.008918
1630598021.305399 -1190.560975 1552.968643 4.469248 -0.601086 0.799071 -0.008950 0.010067
1630598021.555409 -1191.487379 1549.900621 4.433442 -0.607493 0.794199 -0.009468 0.010491
1630598021.805412 -1192.367875 1546.801523 4.397148 -0.613781 0.789350 -0.007890 0.011690
1630598022.054798 -1193.187551 1543.695942 4.360659 -0.619675 0.784771 -0.007645 0.008875
1630598022.304801 -1193.969701 1540.545743 4.325892 -0.624225 0.781182 -0.003896 0.009118
1630598022.554837 -1194.717003 1537.385059 4.280213 -0.625717 0.780039 0.000503 0.004247
1630598022.804169 -1195.467902 1534.206602 4.233901 -0.627213 0.778809 0.005145 0.005781
1630598023.053558 -1196.214883 1531.029160 4.165973 -0.630853 0.775847 0.004938 0.007783
1630598023.303550 -1196.915051 1527.834621 4.090918 -0.640593 0.767816 0.004392 0.008920
1630598023.554187 -1197.538968 1524.649452 4.041997 -0.650021 0.759869 -0.006094 0.005834
1630598023.804188 -1198.094143 1521.416750 4.023575 -0.660207 0.750940 -0.006970 0.012930
1630598024.054812 -1198.531858 1518.191390 3.983093 -0.667834 0.744222 -0.008259 0.007977
1630598024.304819 -1198.912073 1514.938413 3.958595 -0.674939 0.737787 -0.004491 0.010433
1630598024.554822 -1199.238251 1511.689702 3.911945 -0.681908 0.731331 -0.004651 0.011644
1630598024.804827 -1199.496375 1508.435599 3.860884 -0.688170 0.725463 -0.003664 0.010571
1630598025.054835 -1199.707705 1505.172628 3.812037 -0.692417 0.721420 -0.002663 0.010276
1630598025.304830 -1199.891811 1501.896617 3.752976 -0.696509 0.717439 -0.001344 0.012450
1630598025.554841 -1200.030152 1498.625750 3.687148 -0.699910 0.714153 -0.001140 0.010522
1630598025.804841 -1200.143587 1495.337524 3.627999 -0.701980 0.712133 -0.000298 0.009529
1630598026.054841 -1200.245305 1492.043832 3.573043 -0.703583 0.710573 -0.001089 0.007457
1630598026.304857 -1200.328995 1488.735526 3.528969 -0.704105 0.710074 0.000216 0.005582
1630598026.554224 -1200.433292 1485.420612 3.483268 -0.703986 0.710133 -0.001110 0.010697
1630598026.804234 -1200.529661 1482.114342 3.427162 -0.703453 0.710696 -0.000237 0.008063
1630598027.054861 -1200.628119 1478.802265 3.385349 -0.702136 0.712015 0.000325 0.006262
1630598027.304234 -1200.747095 1475.513690 3.342829 -0.700989 0.713138 -0.000057 0.007016
1630598027.554239 -1200.869497 1472.230756 3.305776 -0.700723 0.713406 -0.000365 0.006285
1630598027.804245 -1200.987616 1468.961642 3.269414 -0.701571 0.712575 -0.000684 0.005920
1630598028.054254 -1201.098414 1465.718756 3.241797 -0.702510 0.711655 -0.003186 0.004078
1630598028.304254 -1201.191686 1462.481492 3.230860 -0.705673 0.708518 -0.002581 0.004645
1630598028.554258 -1201.238625 1459.261670 3.212273 0.708245 -0.705961 -0.000900 -0.002826
1630598028.804891 -1201.306485 1456.052522 3.181506 0.709576 -0.704582 0.002203 -0.007850
1630598029.054888 -1201.328054 1452.897532 3.165381 0.710332 -0.703859 0.003343 0.000121
1630598029.304894 -1201.320258 1449.723355 3.171449 0.708525 -0.705630 -0.008163 0.003291
1630598029.555520 -1201.384666 1446.598565 3.147236 -0.706722 0.707466 0.003806 -0.004562
1630598029.805521 -1201.494373 1443.491138 3.135692 -0.703851 0.710337 -0.000476 0.003973
1630598030.055531 -1201.579877 1440.427287 3.133689 -0.700841 0.713316 0.000670 -0.001613
1630598030.305525 -1201.702056 1437.363556 3.125163 -0.698300 0.715795 0.003619 0.001116
1630598030.555546 -1201.860612 1434.335966 3.096430 -0.696132 0.717912 -0.000725 0.001508
1630598030.805540 -1202.019545 1431.299647 3.079093 -0.693507 0.720442 0.002351 0.002246
1630598031.055537 -1202.208925 1428.287712 3.051715 -0.689789 0.724009 0.001523 0.000839
1630598031.305539 -1202.435427 1425.280149 3.033067 -0.686479 0.727149 0.000461 0.001239
1630598031.556175 -1202.689764 1422.272260 3.017362 -0.682855 0.730541 -0.000665 0.004266
1630598031.805562 -1202.969169 1419.303270 2.994172 -0.679572 0.733593 -0.001783 0.004386
1630598032.055557 -1203.268712 1416.343095 2.974249 -0.675617 0.737240 -0.000813 0.004347
1630598032.305549 -1203.615895 1413.411814 2.953169 -0.672058 0.740458 -0.003183 0.006994
1630598032.555602 -1203.970469 1410.505685 2.929713 -0.668098 0.744044 -0.002237 0.006216
1630598032.805566 -1204.361317 1407.620962 2.908040 -0.663700 0.747957 -0.003464 0.007078
1630598033.056189 -1204.781695 1404.741347 2.880213 -0.659246 0.751911 -0.002013 0.004516
1630598033.306197 -1205.225872 1401.863846 2.854303 -0.653844 0.756612 0.002516 0.004515
1630598033.557451 -1205.725978 1399.013219 2.828993 -0.648183 0.761467 -0.004680 -0.002116
1630598033.806533 -1206.272663 1396.138720 2.845106 -0.643577 0.765376 -0.001576 0.002296
1630598034.056828 -1206.853990 1393.249072 2.821077 -0.639246 0.768989 -0.000413 0.004450
1630598034.306841 -1207.457732 1390.372321 2.785300 -0.634561 0.772873 0.000595 0.000419
1630598034.557464 -1208.114625 1387.492417 2.776190 -0.629311 0.777142 -0.004244 -0.000254
1630598034.807471 -1208.806926 1384.596847 2.776409 -0.624503 0.781020 -0.001177 0.001605
1630598035.057470 -1209.535900 1381.717826 2.758021 -0.618978 0.785406 -0.001720 -0.000110
1630598035.306847 -1210.305704 1378.832943 2.745693 -0.614076 0.789245 0.001105 0.001479
1630598035.557476 -1211.112712 1375.935668 2.716540 -0.608905 0.793231 0.004192 0.001236
1630598035.808106 -1211.991284 1373.057589 2.681961 -0.604155 0.796852 -0.003805 0.002933
1630598036.057483 -1212.870299 1370.195360 2.681168 -0.600853 0.799303 -0.008750 -0.003837
1630598036.307502 -1213.760905 1367.278505 2.715539 -0.597462 0.801856 -0.003331 -0.007433
1630598036.557499 -1214.684632 1364.346867 2.736586 -0.594494 0.804052 0.001827 -0.008618
1630598036.807503 -1215.692231 1361.447678 2.764598 -0.591489 0.806225 -0.009547 -0.007155
1630598037.057500 -1216.703172 1358.498478 2.810201 -0.587547 0.809143 -0.007739 -0.004007
1630598037.307504 -1217.711113 1355.567530 2.849414 -0.579217 0.814980 -0.005461 -0.016874
1630598037.557509 -1218.846050 1352.627047 2.932994 -0.572091 0.820062 -0.006948 -0.012701
1630598037.806896 -1220.021370 1349.699549 3.003538 -0.567156 0.823477 -0.009029 -0.011766
1630598038.056893 -1221.236362 1346.777618 3.075657 -0.561817 0.827098 -0.011884 -0.011359
1630598038.307591 -1222.498506 1343.875736 3.161804 -0.556444 0.830650 -0.016755 -0.010480
1630598038.557533 -1223.739240 1340.992032 3.274681 -0.548752 0.835766 -0.009336 -0.016700
1630598038.807532 -1225.074268 1338.153289 3.379343 -0.541888 0.840306 -0.009687 -0.012215
1630598039.058159 -1226.422424 1335.377599 3.480908 -0.534107 0.845097 -0.012143 -0.019829
1630598039.307539 -1227.817338 1332.634929 3.609663 -0.527161 0.849573 -0.009419 -0.015441
1630598039.557541 -1229.223707 1329.972394 3.723862 -0.519649 0.854013 -0.011521 -0.022218
1630598039.807553 -1230.695715 1327.334136 3.855869 -0.512103 0.858767 -0.009130 -0.013619
1630598040.057550 -1232.179386 1324.789658 3.945651 -0.504732 0.863048 -0.012939 -0.015009
1630598040.307554 -1233.661214 1322.252501 4.041975 -0.497623 0.867272 -0.000013 -0.014520
1630598040.558182 -1235.168388 1319.873596 4.135205 -0.487142 0.872803 -0.014484 -0.026430
1630598040.808195 -1236.760407 1317.505341 4.300119 -0.478443 0.877905 -0.012213 -0.015046
1630598041.057566 -1238.325105 1315.223663 4.393904 -0.469507 0.882742 -0.010785 -0.014597
1630598041.307573 -1239.918866 1313.029652 4.480909 -0.464511 0.885332 -0.015673 -0.013048
1630598041.557573 -1241.453043 1310.904259 4.586884 -0.460656 0.887264 -0.014589 -0.018595
1630598041.807581 -1242.956902 1308.855410 4.702810 -0.456836 0.889326 -0.011078 -0.016634
1630598042.057581 -1244.426743 1306.915991 4.798987 -0.453958 0.890836 -0.011654 -0.014082
1630598042.306968 -1245.829804 1305.082961 4.880448 -0.450813 0.892397 -0.012485 -0.015450
1630598042.556966 -1247.187596 1303.328570 4.965827 -0.448166 0.893758 -0.011736 -0.014372
1630598042.806974 -1248.488368 1301.683584 5.041543 -0.445632 0.894935 -0.015037 -0.016624
1630598043.057599 -1249.749720 1300.102945 5.126580 -0.443766 0.895916 -0.015057 -0.013386
1630598043.306983 -1250.935987 1298.624304 5.196769 -0.442464 0.896541 -0.016187 -0.013359
1630598043.557606 -1252.065027 1297.222062 5.262040 -0.441920 0.896848 -0.015806 -0.010993
1630598043.807612 -1253.113305 1295.920090 5.326290 -0.441964 0.896795 -0.017329 -0.011259
1630598044.057612 -1254.086070 1294.706092 5.378222 -0.442370 0.896562 -0.018184 -0.012420
1630598044.307632 -1254.992775 1293.568470 5.435832 -0.442587 0.896526 -0.016095 -0.009955
1630598044.557630 -1255.817686 1292.533692 5.477433 -0.442630 0.896501 -0.015985 -0.010443
1630598044.807637 -1256.565695 1291.595900 5.518181 -0.442647 0.896511 -0.015409 -0.009669
1630598045.057631 -1257.227409 1290.768280 5.552413 -0.442307 0.896687 -0.015164 -0.009285
1630598045.307011 -1257.806535 1290.044359 5.580581 -0.442103 0.896792 -0.014959 -0.009228
1630598045.557014 -1258.306761 1289.420060 5.604899 -0.441907 0.896893 -0.014749 -0.009112
1630598045.807020 -1258.732098 1288.889645 5.625455 -0.441685 0.897009 -0.014499 -0.008919
1630598046.057649 -1259.082123 1288.449943 5.642201 -0.441568 0.897080 -0.013814 -0.008651
1630598046.307688 -1259.352429 1288.115435 5.653889 -0.441448 0.897140 -0.013914 -0.008342
1630598046.557657 -1259.545486 1287.874541 5.661120 -0.441275 0.897209 -0.014262 -0.009423
1630598046.807669 -1259.686084 1287.697816 5.667482 -0.441155 0.897268 -0.014034 -0.009739
1630598047.057665 -1259.781237 1287.579728 5.671041 -0.441116 0.897286 -0.014025 -0.009858
1630598047.307675 -1259.833222 1287.514772 5.672870 -0.441158 0.897264 -0.013981 -0.010050
1630598047.557670 -1259.853818 1287.490152 5.673155 -0.441084 0.897283 -0.014482 -0.010892
1630598047.807687 -1259.866176 1287.473931 5.673284 -0.441122 0.897244 -0.014815 -0.012042
1630598048.057682 -1259.888748 1287.445582 5.674256 -0.441134 0.897240 -0.014720 -0.012032
1630598048.307694 -1259.919492 1287.407485 5.675594 -0.441127 0.897243 -0.014716 -0.012057
1630598048.557068 -1259.960192 1287.356639 5.676013 -0.441057 0.897265 -0.014969 -0.012669
1630598048.807695 -1260.035844 1287.263035 5.674599 -0.440960 0.897242 -0.016384 -0.015572
1630598049.057696 -1260.182000 1287.079300 5.681145 -0.440853 0.897296 -0.016104 -0.015785
1630598049.307706 -1260.402366 1286.803559 5.690492 -0.440729 0.897357 -0.015841 -0.016031
1630598049.557702 -1260.701640 1286.431985 5.703392 -0.440618 0.897410 -0.015870 -0.016134
1630598049.807713 -1261.077432 1285.963259 5.720179 -0.440603 0.897419 -0.015572 -0.016279
1630598050.057715 -1261.527911 1285.399132 5.738689 -0.440856 0.897324 -0.014559 -0.015603
1630598050.307724 -1262.050629 1284.743684 5.758329 -0.441282 0.897140 -0.013691 -0.014906
1630598050.557732 -1262.644533 1283.999138 5.781813 -0.443137 0.896246 -0.013537 -0.013754
1630598050.807726 -1263.296564 1283.159126 5.805458 -0.446260 0.894725 -0.011975 -0.013229
1630598051.057104 -1264.012537 1282.236627 5.825711 -0.449439 0.893118 -0.012803 -0.013437
1630598051.307113 -1264.809526 1281.205781 5.847127 -0.452780 0.891482 -0.013245 -0.008674
1630598051.557110 -1265.635383 1280.072280 5.874584 -0.456333 0.889681 -0.009575 -0.011661
1630598051.807749 -1266.534465 1278.862906 5.891230 -0.459543 0.888014 -0.010420 -0.011983
1630598052.057745 -1267.461074 1277.571526 5.921509 -0.461875 0.886857 -0.006659 -0.010550
1630598052.307758 -1268.433172 1276.228305 5.942253 -0.462381 0.886621 -0.005011 -0.009068
1630598052.557760 -1269.430411 1274.818369 5.960623 -0.462490 0.886518 -0.001563 -0.013688
1630598052.807763 -1270.502573 1273.340161 5.978737 -0.459370 0.888123 0.000745 -0.014695
1630598053.058385 -1271.661812 1271.797464 6.008726 -0.455238 0.890296 -0.000377 -0.011471
1630598053.308396 -1272.886037 1270.244188 6.032734 -0.451059 0.892263 -0.010115 -0.017634
1630598053.558389 -1274.198409 1268.575254 6.081516 -0.450308 0.892767 -0.011073 -0.008137
1630598053.808398 -1275.543564 1266.852466 6.108635 -0.449388 0.893265 -0.010879 -0.003197
1630598054.058405 -1276.909798 1265.096240 6.122071 -0.448090 0.893918 -0.010723 -0.003136
1630598054.308420 -1278.332649 1263.300117 6.129422 -0.446234 0.894848 -0.010091 0.004465
1630598054.557787 -1279.756978 1261.499118 6.114511 -0.445063 0.895413 -0.012360 0.000848
1630598054.807793 -1281.234372 1259.631883 6.110793 -0.443334 0.896289 -0.010695 0.002513
1630598055.057796 -1282.757574 1257.722964 6.096592 -0.442094 0.896909 -0.009534 0.004085
1630598055.307803 -1284.321901 1255.781175 6.074075 -0.440394 0.897745 -0.008207 0.006349
1630598055.557802 -1285.905932 1253.826615 6.049776 -0.438690 0.898577 -0.008342 0.006417
1630598055.807809 -1287.504571 1251.866412 6.024539 -0.437010 0.899391 -0.007072 0.008237
1630598056.057809 -1289.116780 1249.906183 5.988293 -0.435482 0.900129 -0.006708 0.008812
1630598056.307824 -1290.754118 1247.937876 5.943963 -0.435512 0.900069 -0.008323 0.011702
1630598056.557822 -1292.391787 1245.945363 5.890749 -0.437254 0.899206 -0.007821 0.013287
1630598056.807822 -1294.024395 1243.932368 5.836812 -0.438833 0.898463 -0.007566 0.011547
1630598057.057825 -1295.667604 1241.894637 5.784075 -0.440356 0.897729 -0.006697 0.011148
1630598057.308468 -1297.321710 1239.829048 5.731430 -0.440180 0.897840 -0.004828 0.010067
1630598057.557833 -1298.991071 1237.758946 5.677805 -0.439495 0.898168 -0.003543 0.011250
1630598057.807842 -1300.686883 1235.674576 5.614109 -0.438636 0.898561 -0.003555 0.013154
1630598058.058479 -1302.400745 1233.575725 5.539866 -0.437708 0.898990 -0.003541 0.014723
1630598058.307846 -1304.113831 1231.476617 5.466082 -0.437050 0.899312 -0.003091 0.014698
1630598058.557852 -1305.848475 1229.359909 5.385569 -0.436446 0.899577 -0.002501 0.016438
1630598058.807874 -1307.592945 1227.245470 5.298280 -0.435601 0.899980 -0.003644 0.016559
1630598059.057859 -1309.343467 1225.125675 5.215003 -0.434768 0.900386 -0.003662 0.016407
1630598059.307865 -1311.102171 1223.011271 5.131833 -0.433714 0.900887 -0.004508 0.016589
1630598059.557865 -1312.861063 1220.896472 5.056123 -0.432968 0.901259 -0.005419 0.015530
1630598059.807879 -1314.620299 1218.769857 4.982564 -0.432550 0.901492 -0.001982 0.014449
1630598060.057874 -1316.396685 1216.640111 4.900361 -0.433851 0.900827 -0.001554 0.016798
1630598060.307897 -1318.155122 1214.493656 4.805002 -0.436767 0.899441 -0.000249 0.015479
1630598060.557255 -1319.898881 1212.334592 4.727265 -0.439658 0.898096 0.000244 0.011138
1630598060.807890 -1321.669308 1210.107833 4.650419 -0.444226 0.895786 0.004071 0.014599
1630598061.057265 -1323.411092 1207.878741 4.553980 -0.448357 0.893779 0.001661 0.011480
1630598061.307276 -1325.177680 1205.624114 4.488718 -0.454240 0.890766 -0.006522 0.012648
1630598061.557271 -1326.911263 1203.296275 4.425647 -0.460385 0.887609 -0.004499 0.013266
1630598061.807906 -1328.629074 1200.921679 4.348700 -0.466459 0.884398 -0.004738 0.015319
1630598062.057905 -1330.326949 1198.515964 4.264270 -0.472408 0.881185 -0.005822 0.017584
1630598062.307925 -1331.988916 1196.083253 4.178121 -0.478415 0.877973 -0.006563 0.015440
1630598062.557920 -1333.614608 1193.611925 4.109699 -0.484812 0.874494 -0.005585 0.013623
1630598062.807920 -1335.224087 1191.116440 4.041942 -0.491603 0.870631 -0.006593 0.016878
1630598063.057921 -1336.768151 1188.603678 3.976733 -0.500574 0.865556 -0.007787 0.013372
1630598063.307929 -1338.258731 1186.041444 3.919127 -0.508997 0.860655 -0.004122 0.013357
1630598063.557931 -1339.718226 1183.471664 3.854720 -0.517530 0.855521 -0.009057 0.012858
1630598063.807940 -1341.129014 1180.834855 3.794013 -0.526885 0.849742 -0.007661 0.016485
1630598064.058562 -1342.486093 1178.144343 3.719984 -0.535463 0.844427 -0.008238 0.012447
1630598064.308566 -1343.823780 1175.392614 3.660452 -0.544393 0.838655 -0.010675 0.013418
1630598064.558574 -1345.110826 1172.564425 3.599587 -0.553118 0.832949 -0.008231 0.013766
1630598064.808580 -1346.343982 1169.678691 3.540941 -0.559585 0.828687 -0.006912 0.009748
1630598065.058577 -1347.574409 1166.737672 3.488668 -0.565948 0.824317 -0.006752 0.012593
1630598065.308584 -1348.766785 1163.767014 3.426207 -0.574365 0.818409 -0.008652 0.015355
1630598065.558582 -1349.871736 1160.766802 3.370426 -0.583404 0.812053 -0.008196 0.011957
1630598065.808599 -1350.923039 1157.732712 3.324646 -0.594597 0.803840 -0.008983 0.014698
1630598066.059216 -1351.869649 1154.675710 3.274194 -0.606023 0.795310 -0.007911 0.012467
1630598066.309224 -1352.725990 1151.590714 3.225626 -0.617033 0.786775 -0.004032 0.015451
1630598066.559849 -1353.491601 1148.519805 3.169982 -0.628615 0.777632 -0.005395 0.010081
1630598066.809238 -1354.167339 1145.441527 3.135372 -0.639498 0.768700 -0.005318 0.010742
1630598067.059234 -1354.761415 1142.351918 3.097692 -0.650937 0.758998 -0.006325 0.012796
1630598067.309869 -1355.263354 1139.244708 3.046466 -0.661764 0.749525 -0.004772 0.016031
1630598067.559868 -1355.672515 1136.166164 2.988759 -0.672502 0.739897 -0.009129 0.014493
1630598067.810492 -1355.985415 1133.051503 2.951241 -0.682490 0.730715 -0.008120 0.014011
1630598068.061122 -1356.208328 1129.927992 2.909089 -0.692440 0.721345 -0.007736 0.011319
1630598068.310514 -1356.348980 1126.796176 2.874417 -0.701965 0.712086 -0.006915 0.011422
1630598068.560504 -1356.414692 1123.654838 2.847043 0.711258 -0.702824 0.007791 -0.009469
1630598068.811140 -1356.395651 1120.482505 2.822970 0.720041 -0.693827 0.006170 -0.010346
1630598069.061139 -1356.298900 1117.328576 2.792376 0.727819 -0.685692 0.006250 -0.008158
1630598069.311147 -1356.134101 1114.175265 2.775139 0.735344 -0.677624 0.005916 -0.007761
1630598069.561147 -1355.901393 1111.028125 2.756774 0.742832 -0.669407 0.005206 -0.008177
1630598069.811782 -1355.596961 1107.897326 2.734296 0.750265 -0.661074 0.005109 -0.007631
1630598070.061780 -1355.226626 1104.788025 2.717950 0.757227 -0.653079 0.004006 -0.008918
1630598070.311796 -1354.791270 1101.707382 2.690643 0.764303 -0.644819 0.001914 -0.006688
1630598070.561788 -1354.296012 1098.645279 2.661888 0.770346 -0.637560 0.000154 -0.009183
1630598070.812414 -1353.750534 1095.607654 2.617403 0.776432 -0.630123 0.000470 -0.009936
1630598071.062421 -1353.159470 1092.606983 2.575288 0.782194 -0.622935 0.003008 -0.010744
1630598071.312427 -1352.508008 1089.632144 2.542286 0.788033 -0.615533 0.003188 -0.010658
1630598071.563054 -1351.810447 1086.681316 2.511461 0.794065 -0.607676 0.005332 -0.012706
1630598071.813061 -1351.048090 1083.786929 2.488060 0.801720 -0.597562 0.006664 -0.010961
1630598072.063059 -1350.205334 1080.926118 2.471435 0.808768 -0.588026 0.002531 -0.010641
1630598072.313066 -1349.306748 1078.131726 2.438474 0.816097 -0.577858 0.001739 -0.007968
1630598072.563065 -1348.342339 1075.398230 2.424326 0.823243 -0.567680 0.000471 -0.003218
1630598072.813079 -1347.344077 1072.703233 2.414278 0.830216 -0.557404 0.000841 -0.006408
1630598073.063072 -1346.308364 1070.081352 2.394445 0.836892 -0.547306 0.004325 -0.007032
1630598073.313706 -1345.200628 1067.514676 2.393924 0.842899 -0.538000 0.002207 -0.008464
1630598073.563707 -1344.068163 1065.027902 2.375244 0.849154 -0.528065 0.000970 -0.009177
1630598073.813710 -1342.917699 1062.622908 2.350795 0.854791 -0.518826 0.003148 -0.011909
1630598074.063713 -1341.731003 1060.311263 2.334552 0.860128 -0.509971 0.003267 -0.009958
1630598074.314350 -1340.535758 1058.074825 2.321591 0.864640 -0.502266 0.002795 -0.010856
1630598074.564350 -1339.352509 1055.941370 2.309618 0.869100 -0.494482 0.005020 -0.011312
1630598074.814354 -1338.159423 1053.888868 2.301729 0.873252 -0.487080 0.003352 -0.013155
1630598075.063727 -1336.970734 1051.937073 2.285158 0.877376 -0.479650 0.002335 -0.011924
1630598075.313115 -1335.790341 1050.068576 2.270065 0.881291 -0.472463 0.003125 -0.009702
1630598075.562488 -1334.593642 1048.255405 2.260321 0.885392 -0.464784 0.000465 -0.007524
1630598075.812494 -1333.404739 1046.497485 2.245309 0.889349 -0.457148 0.002306 -0.008217
1630598076.062493 -1332.219949 1044.809203 2.235360 0.893049 -0.449889 0.003384 -0.007143
1630598076.312514 -1331.039620 1043.184386 2.232310 0.896639 -0.442664 0.000143 -0.009276
1630598076.562507 -1329.887979 1041.666104 2.217122 0.899936 -0.435965 0.000430 -0.006999
1630598076.812510 -1328.779000 1040.238013 2.209596 0.902581 -0.430473 -0.000112 -0.006408
1630598077.062511 -1327.730133 1038.904808 2.201168 0.904798 -0.425782 0.000263 -0.007113
1630598077.313137 -1326.723448 1037.656342 2.190243 0.906508 -0.422087 -0.002837 -0.008828
1630598077.563139 -1325.800385 1036.515235 2.181424 0.907319 -0.420356 -0.000487 -0.008563
1630598077.813166 -1324.947686 1035.467771 2.163988 0.907961 -0.418963 0.002095 -0.008501
1630598078.063148 -1324.145153 1034.507132 2.167733 0.908961 -0.416751 -0.004028 -0.009558
1630598078.313163 -1323.440688 1033.671970 2.155661 0.909741 -0.415079 -0.004191 -0.007927
1630598078.563161 -1322.848220 1032.932787 2.145083 0.910568 -0.413213 0.001573 -0.010917
1630598078.813169 -1322.303786 1032.301382 2.136415 0.911606 -0.410920 0.000355 -0.010902
1630598079.063164 -1321.824671 1031.772188 2.129100 0.912678 -0.408600 -0.002180 -0.007759
1630598079.312544 -1321.454856 1031.309754 2.130084 0.913525 -0.406569 -0.001395 -0.013100
1630598079.563169 -1321.148003 1030.969015 2.130010 0.914378 -0.404694 -0.001566 -0.011525
1630598079.812556 -1320.906997 1030.705918 2.122255 0.914245 -0.405071 0.001251 -0.008497
1630598080.062554 -1320.690330 1030.452887 2.117466 0.914153 -0.405278 0.003799 -0.007722
1630598080.312565 -1320.455609 1030.187287 2.114974 0.913994 -0.405654 0.003781 -0.006809
1630598080.561942 -1320.212049 1029.907011 2.110100 0.913795 -0.406105 0.003906 -0.006524
1630598080.811939 -1319.958560 1029.615303 2.105712 0.913629 -0.406478 0.004880 -0.005886
1630598081.061944 -1319.682037 1029.299361 2.101930 0.913442 -0.406901 0.005550 -0.004921
1630598081.311954 -1319.365584 1028.934054 2.099786 0.913293 -0.407224 0.006894 -0.004174
1630598081.561950 -1318.980853 1028.494658 2.097546 0.913311 -0.407161 0.008728 -0.002509
1630598081.811335 -1318.503921 1027.952654 2.093151 0.913704 -0.406305 0.007561 -0.001946
1630598082.061335 -1317.946980 1027.318527 2.089847 0.914865 -0.403681 0.007641 -0.002155
1630598082.311339 -1317.298774 1026.600526 2.089134 0.916679 -0.399572 0.006261 -0.001683
1630598082.561350 -1316.553591 1025.807265 2.081681 0.918711 -0.394906 0.004147 0.001436
1630598082.811975 -1315.737274 1024.920579 2.076577 0.921097 -0.389278 0.006545 0.000437
1630598083.061977 -1314.808946 1023.978019 2.071838 0.924634 -0.380735 0.008647 0.004341
1630598083.311979 -1313.768203 1022.950669 2.072416 0.929063 -0.369825 0.007295 0.004304
1630598083.561355 -1312.636177 1021.857294 2.079268 0.933570 -0.358379 0.002913 -0.001786
1630598083.811990 -1311.417343 1020.773005 2.073595 0.938042 -0.346462 0.006254 0.001582
1630598084.061987 -1310.131875 1019.650628 2.071469 0.943020 -0.332453 0.013658 -0.001386
1630598084.312008 -1308.697308 1018.501136 2.092103 0.947380 -0.320000 0.008120 -0.002448
1630598084.562002 -1307.152683 1017.329959 2.087939 0.951614 -0.307263 0.002857 -0.003316
1630598084.812009 -1305.515635 1016.148697 2.069856 0.954589 -0.297890 0.004505 0.000073
1630598085.062629 -1303.764095 1014.923719 2.057576 0.956550 -0.291562 0.001541 0.000850
1630598085.312635 -1301.967005 1013.669196 2.043851 0.958490 -0.285065 0.005403 -0.002251
1630598085.562644 -1300.075482 1012.403056 2.033289 0.960296 -0.278940 -0.000299 -0.004802
1630598085.812649 -1298.133091 1011.144539 2.006113 0.962187 -0.272364 -0.000140 -0.003635
1630598086.063270 -1296.119737 1009.873404 1.976374 0.963981 -0.265929 0.000875 -0.004665
1630598086.313315 -1294.035502 1008.599507 1.951026 0.965874 -0.258970 0.001241 -0.004514
1630598086.563282 -1291.896616 1007.340503 1.932769 0.967743 -0.251881 0.004859 -0.002383
1630598086.813284 -1289.685641 1006.072001 1.930030 0.969498 -0.245054 0.002720 -0.003921
1630598087.063286 -1287.427729 1004.814197 1.915609 0.971323 -0.237686 0.001350 -0.005973
1630598087.313297 -1285.124582 1003.597205 1.896986 0.973189 -0.229974 0.001800 -0.003299
1630598087.563918 -1282.782505 1002.369952 1.884470 0.975192 -0.221102 0.002832 -0.010291
1630598087.814547 -1280.412062 1001.200461 1.879227 0.977417 -0.210748 0.011738 -0.010205
1630598088.064551 -1277.952930 1000.090210 1.911786 0.979545 -0.200871 0.010723 -0.005260
1630598088.313940 -1275.453000 999.024193 1.945739 0.981634 -0.190432 0.011447 0.000228
1630598088.563309 -1272.895160 997.975085 1.980056 0.983499 -0.180694 0.008883 0.000307
1630598088.812696 -1270.292810 996.950225 2.002174 0.985377 -0.170189 0.007556 -0.003172
1630598089.062065 -1267.640134 995.972744 2.015121 0.987025 -0.160332 0.006888 -0.005239
1630598089.312079 -1264.945010 995.048207 2.036780 0.988601 -0.150063 0.011211 -0.004923
1630598089.561446 -1262.185017 994.163220 2.070504 0.990097 -0.140015 0.008094 -0.006250
1630598089.811457 -1259.376717 993.321554 2.087793 0.991447 -0.130094 0.007313 -0.007424
1630598090.061456 -1256.526766 992.539693 2.102806 0.992652 -0.120520 0.008221 -0.007056
1630598090.312090 -1253.633610 991.793505 2.126879 0.993729 -0.111066 0.011084 -0.006635
1630598090.562095 -1250.705518 991.093092 2.169314 0.994744 -0.101116 0.012962 -0.009551
1630598090.812720 -1247.726485 990.454900 2.219008 0.995685 -0.091377 0.013819 -0.008425
1630598091.062721 -1244.724774 989.872618 2.277297 0.996562 -0.081300 0.013548 -0.008463
1630598091.312103 -1241.713826 989.348509 2.336512 0.997348 -0.070873 0.013901 -0.008996
1630598091.562100 -1238.683415 988.883928 2.400523 0.998038 -0.059787 0.015422 -0.010414
1630598091.812111 -1235.634434 988.492484 2.471114 0.998712 -0.047082 0.015287 -0.011135
1630598092.062112 -1232.578108 988.182160 2.544799 0.999166 -0.034616 0.017443 -0.012856
1630598092.312129 -1229.496823 987.951819 2.615145 0.999651 -0.020799 0.012952 -0.009838
1630598092.562124 -1226.431870 987.796544 2.684437 0.999738 -0.007937 0.017805 -0.011969
1630598092.812751 -1223.327804 987.717281 2.770701 0.999773 0.005254 0.015369 -0.013787
1630598093.062748 -1220.238291 987.734663 2.846242 0.999595 0.018791 0.017006 -0.012980
1630598093.313379 -1217.123731 987.845392 2.929713 0.999351 0.031191 0.015304 -0.009468
1630598093.563379 -1214.016503 988.016535 3.004367 0.998863 0.043861 0.015625 -0.010258
1630598093.813389 -1210.906712 988.260009 3.083285 0.998219 0.056359 0.015331 -0.012122
1630598094.063389 -1207.801421 988.595001 3.163326 0.997445 0.069084 0.014437 -0.011066
1630598094.313409 -1204.716956 989.005445 3.242228 0.996480 0.081533 0.016314 -0.010637
1630598094.563398 -1201.646145 989.489941 3.334395 0.995367 0.093947 0.017522 -0.010531
1630598094.814030 -1198.576142 990.053775 3.429542 0.994189 0.105952 0.016309 -0.009830
1630598095.064028 -1195.521302 990.690482 3.510933 0.993044 0.116706 0.012919 -0.008710
1630598095.314041 -1192.492735 991.383675 3.576374 0.991751 0.127106 0.013842 -0.009133
1630598095.564661 -1189.472745 992.141782 3.653106 0.990435 0.136871 0.015000 -0.008943
1630598095.814671 -1186.458503 992.962943 3.729086 0.989569 0.143474 0.011666 -0.005708
1630598096.064045 -1183.490410 993.804445 3.789891 0.988874 0.147715 0.017037 -0.004369
1630598096.313424 -1180.490269 994.664272 3.878579 0.988404 0.151096 0.014074 -0.005481
1630598096.562800 -1177.488962 995.550974 3.944532 0.987938 0.154195 0.013189 -0.005241
1630598096.812182 -1174.489842 996.452749 4.007912 0.987672 0.156008 0.011859 -0.005042
1630598097.061558 -1171.504556 997.361088 4.070649 0.987481 0.157260 0.011400 -0.004430
1630598097.311562 -1168.524755 998.279854 4.126228 0.987453 0.157561 0.010146 -0.002679
1630598097.561566 -1165.569920 999.180061 4.180962 0.987357 0.157912 0.013033 -0.004457
1630598097.810953 -1162.633482 1000.077953 4.251727 0.987308 0.158237 0.012529 -0.005132
1630598098.061573 -1159.708608 1000.990046 4.323798 0.987270 0.158381 0.014538 -0.001639
1630598098.311579 -1156.807337 1001.877792 4.400460 0.987397 0.157445 0.015621 -0.003844
1630598098.561577 -1153.911983 1002.754359 4.484299 0.987601 0.156313 0.013866 -0.004348
1630598098.811590 -1151.038992 1003.617413 4.554496 0.987962 0.153965 0.014283 -0.004565
1630598099.061589 -1148.163190 1004.455321 4.625450 0.988500 0.150639 0.011230 -0.007038
1630598099.311593 -1145.303038 1005.267638 4.681773 0.989073 0.146703 0.012686 -0.007261
1630598099.561594 -1142.444079 1006.075931 4.750019 0.989642 0.142584 0.016168 -0.004083
1630598099.811602 -1139.547008 1006.857125 4.828781 0.990446 0.137264 0.013107 -0.001807
1630598100.061603 -1136.637395 1007.601163 4.885464 0.991174 0.132019 0.011979 -0.001453
1630598100.311614 -1133.725898 1008.318795 4.940067 0.991933 0.126267 0.011229 0.000337
1630598100.561605 -1130.809954 1008.992483 4.988514 0.992729 0.120033 0.008965 0.000305
1630598100.811612 -1127.916333 1009.620411 5.031607 0.993441 0.113784 0.011284 -0.000538
1630598101.061618 -1125.035241 1010.204631 5.092227 0.994127 0.107433 0.012907 -0.001486
1630598101.311620 -1122.151478 1010.748120 5.153335 0.994841 0.101087 0.008296 -0.002001
1630598101.561623 -1119.305524 1011.259453 5.189952 0.995402 0.095457 0.007795 -0.001540
1630598101.811629 -1116.482714 1011.732811 5.227428 0.995895 0.090257 0.006611 -0.001594
1630598102.061630 -1113.690512 1012.173405 5.255217 0.996230 0.086643 0.004337 -0.000493
1630598102.311672 -1110.958328 1012.591095 5.273335 0.996485 0.083668 0.004118 -0.000940
1630598102.561634 -1108.287263 1012.974314 5.297176 0.996680 0.081295 0.003988 -0.002264
1630598102.811646 -1105.686495 1013.334214 5.316226 0.996864 0.078998 0.002663 -0.003900
1630598103.061647 -1103.169396 1013.675282 5.329228 0.997020 0.076977 0.002002 -0.004586
1630598103.311649 -1100.735602 1013.998062 5.340622 0.997149 0.075339 0.000905 -0.004234
1630598103.561653 -1098.397431 1014.304067 5.348095 0.997251 0.073987 0.001478 -0.003714
1630598103.811667 -1096.150812 1014.594225 5.357459 0.997343 0.072786 0.000976 -0.003021
1630598104.061662 -1094.006895 1014.862019 5.365783 0.997450 0.071274 0.002255 -0.003040
1630598104.311665 -1091.952668 1015.107154 5.377960 0.997549 0.069781 0.003107 -0.004205
1630598104.561038 -1089.992545 1015.334352 5.390845 0.997657 0.068110 0.003699 -0.005226
1630598104.811044 -1088.112055 1015.544382 5.407319 0.997781 0.066275 0.001614 -0.006139
1630598105.061051 -1086.324411 1015.737829 5.414419 0.997903 0.064344 0.002178 -0.006713
1630598105.311056 -1084.608742 1015.916382 5.422652 0.998017 0.062369 0.001572 -0.008287
1630598105.561054 -1082.972060 1016.088203 5.426877 0.998085 0.061311 0.003204 -0.007498
1630598105.811066 -1081.399147 1016.248676 5.439455 0.998166 0.060123 0.001586 -0.006943
1630598106.061064 -1079.917196 1016.399868 5.443435 0.998195 0.059723 0.001608 -0.006036
1630598106.311068 -1078.528003 1016.534877 5.449435 0.998246 0.058834 0.001264 -0.006427
1630598106.561066 -1077.246954 1016.661861 5.455033 0.998276 0.058400 0.000560 -0.005798
1630598106.811072 -1076.093408 1016.770544 5.459605 0.998307 0.057817 -0.000128 -0.006383
1630598107.061079 -1075.080028 1016.869237 5.462368 0.998332 0.057434 0.000232 -0.005796
1630598107.311082 -1074.198356 1016.949969 5.465237 0.998359 0.056905 0.000257 -0.006403
1630598107.561082 -1073.446778 1017.020715 5.468350 0.998379 0.056584 0.000450 -0.006169
1630598107.811087 -1072.818289 1017.082048 5.470043 0.998400 0.056267 0.000756 -0.005602
1630598108.061090 -1072.317029 1017.127586 5.473833 0.998409 0.056092 0.000281 -0.005740
1630598108.311731 -1071.952799 1017.160366 5.475005 0.998420 0.055873 0.000734 -0.005931
1630598108.561720 -1071.702455 1017.184301 5.473562 0.998422 0.055828 0.001940 -0.005699
1630598108.811103 -1071.543826 1017.199619 5.474786 0.998432 0.055656 0.002365 -0.005564
1630598109.061103 -1071.456103 1017.207076 5.474871 0.998432 0.055591 0.003273 -0.005693
1630598109.311106 -1071.415620 1017.210767 5.475008 0.998426 0.055666 0.003810 -0.005680
1630598109.561112 -1071.392336 1017.213099 5.474711 0.998421 0.055642 0.005187 -0.005665
1630598109.811118 -1071.343428 1017.217792 5.475091 0.998422 0.055573 0.005697 -0.005637
1630598110.061117 -1071.265988 1017.225550 5.475579 0.998422 0.055596 0.005655 -0.005464
1630598110.311131 -1071.162705 1017.235469 5.475640 0.998424 0.055552 0.005930 -0.005387
1630598110.561126 -1071.011765 1017.250232 5.471291 0.998405 0.055433 0.009295 -0.005370
1630598110.811137 -1070.736785 1017.276518 5.470396 0.998382 0.055456 0.011412 -0.005227
1630598111.060504 -1070.317462 1017.316509 5.473534 0.998384 0.055538 0.010977 -0.004931
1630598111.310510 -1069.761692 1017.366671 5.476983 0.998373 0.055694 0.011055 -0.005200
1630598111.560511 -1069.076017 1017.433265 5.480704 0.998356 0.056079 0.010891 -0.004614
1630598111.810521 -1068.260265 1017.510999 5.485033 0.998334 0.056572 0.010419 -0.004473
1630598112.060523 -1067.317535 1017.602021 5.490189 0.998274 0.057668 0.010175 -0.004422
1630598112.311158 -1066.245044 1017.710020 5.495573 0.998210 0.058798 0.010106 -0.004069
1630598112.560531 -1065.053087 1017.834024 5.499994 0.998109 0.060422 0.010760 -0.003422
1630598112.810535 -1063.727954 1017.972547 5.506251 0.998016 0.061969 0.010595 -0.003510
1630598113.060534 -1062.283570 1018.128653 5.516361 0.997925 0.063491 0.010132 -0.003522
1630598113.311169 -1060.739442 1018.304793 5.523841 0.997808 0.065810 0.006426 -0.002639
1630598113.561167 -1059.148085 1018.491852 5.535564 0.997634 0.067858 0.010756 -0.002610
1630598113.811173 -1057.462425 1018.709025 5.547708 0.997511 0.069610 0.011192 0.001180
1630598114.061171 -1055.685014 1018.931137 5.567272 0.997461 0.070356 0.010818 0.001928
1630598114.311183 -1053.825350 1019.153647 5.580967 0.997411 0.070706 0.013089 -0.000288
1630598114.561191 -1051.831321 1019.403860 5.598427 0.997522 0.070242 0.003471 0.001849
1630598114.811811 -1049.785851 1019.645117 5.592957 0.997556 0.069121 0.010224 0.000841
1630598115.062437 -1047.626965 1019.896845 5.606766 0.997587 0.068706 0.009927 -0.000537
1630598115.312446 -1045.392903 1020.154669 5.626198 0.997648 0.068212 0.006698 -0.001155
1630598115.562456 -1043.109181 1020.423362 5.631986 0.997699 0.067578 0.005330 -0.001057
1630598115.812453 -1040.774492 1020.685137 5.637791 0.997710 0.067254 0.006316 -0.003314
1630598116.062453 -1038.366251 1020.955989 5.640576 0.997708 0.067368 0.004138 -0.004721
1630598116.312470 -1035.902132 1021.236511 5.635567 0.997709 0.067298 0.004060 -0.005499
1630598116.562461 -1033.379181 1021.530177 5.631917 0.997709 0.067318 0.004599 -0.004840
1630598116.812469 -1030.796403 1021.829827 5.631408 0.997725 0.067166 0.003749 -0.004438
1630598117.062465 -1028.164237 1022.125031 5.626421 0.997732 0.067022 0.001148 -0.006073
1630598117.312474 -1025.505167 1022.422451 5.611960 0.997755 0.066539 -0.001464 -0.007398
1630598117.562473 -1022.833814 1022.721160 5.589322 0.997791 0.065869 -0.002337 -0.008246
1630598117.812479 -1020.146506 1023.022829 5.561813 0.997841 0.065180 -0.003089 -0.007468
1630598118.062483 -1017.436472 1023.324927 5.528776 0.997883 0.064600 -0.003512 -0.006585
1630598118.312528 -1014.699958 1023.629621 5.492763 0.997927 0.064060 -0.004442 -0.004267
1630598118.562484 -1011.958439 1023.932691 5.458495 0.997967 0.063604 -0.000658 -0.004062
1630598118.812491 -1009.179746 1024.234017 5.440049 0.997988 0.063317 -0.001277 -0.003142
1630598119.063120 -1006.372294 1024.526636 5.416072 0.998003 0.062974 -0.000283 -0.004872
1630598119.313127 -1003.545162 1024.825781 5.397163 0.998009 0.062882 -0.000212 -0.004914
1630598119.562501 -1000.702017 1025.126926 5.378672 0.998029 0.062549 -0.000857 -0.005006
1630598119.812506 -997.835124 1025.429051 5.358156 0.998038 0.062452 -0.000409 -0.004480
1630598120.062508 -994.937818 1025.736138 5.336489 0.998048 0.062208 -0.003098 -0.004451
1630598120.312531 -992.029824 1026.041857 5.301565 0.998057 0.061984 -0.004801 -0.004194
1630598120.562515 -989.128303 1026.360116 5.265653 0.997993 0.063256 -0.002472 -0.001232
1630598120.813147 -986.211702 1026.697970 5.240147 0.997862 0.065254 -0.002378 0.002742
1630598121.063146 -983.296448 1027.042071 5.210478 0.997498 0.070533 -0.003207 0.003421
1630598121.313153 -980.387824 1027.415199 5.178642 0.997037 0.076842 -0.002531 0.002610
1630598121.563151 -977.470791 1027.826839 5.156110 0.996449 0.084115 -0.003646 0.001051
1630598121.813162 -974.529365 1028.281010 5.110641 0.995703 0.091936 -0.011099 -0.000908
1630598122.063162 -971.617480 1028.777261 5.030367 0.995020 0.099320 -0.007661 -0.003463
1630598122.313789 -968.682112 1029.326693 4.978678 0.994281 0.106397 -0.007360 -0.005522
1630598122.563790 -965.739031 1029.916733 4.921551 0.993546 0.112801 -0.009620 -0.006995
1630598122.814425 -962.800644 1030.540447 4.857016 0.992887 0.118500 -0.006374 -0.009584
1630598123.064423 -959.852125 1031.214760 4.810172 0.992297 0.123309 -0.009246 -0.007483
1630598123.314431 -956.911747 1031.907027 4.747939 0.991851 0.126839 -0.008729 -0.008182
1630598123.564429 -953.971635 1032.624199 4.688547 0.991407 0.130331 -0.008951 -0.006843
1630598123.814442 -951.039874 1033.368227 4.632487 0.991024 0.133347 -0.008143 -0.004942
1630598124.064435 -948.097485 1034.127693 4.571023 0.990545 0.136762 -0.010130 -0.003665
1630598124.315082 -945.151417 1034.908487 4.498851 0.990114 0.139856 -0.010322 -0.002995
1630598124.565067 -942.212265 1035.708260 4.428959 0.989874 0.141465 -0.011647 -0.001069
1630598124.815078 -939.291390 1036.504155 4.356894 0.989764 0.142462 -0.008392 -0.001107
1630598125.064449 -936.371648 1037.293470 4.299479 0.989671 0.142996 -0.009544 -0.003628
1630598125.313834 -933.464395 1038.081627 4.240067 0.989554 0.143718 -0.009931 -0.005471
1630598125.563207 -930.568440 1038.876140 4.175060 0.989471 0.144143 -0.011556 -0.005980
1630598125.812591 -927.697817 1039.665816 4.108321 0.989412 0.144680 -0.008856 -0.007312
1630598126.062591 -924.818283 1040.464007 4.055098 0.989343 0.145129 -0.009104 -0.007402
1630598126.312643 -921.934775 1041.261663 3.996025 0.989257 0.145562 -0.010099 -0.009002
1630598126.563223 -919.046404 1042.065648 3.930820 0.989209 0.145908 -0.009821 -0.008931
1630598126.813226 -916.167061 1042.891694 3.869576 0.989138 0.146673 -0.008363 -0.004747
1630598127.063227 -913.279019 1043.733800 3.809249 0.989028 0.147457 -0.008886 0.000939
1630598127.313233 -910.400666 1044.566234 3.749292 0.988904 0.148407 -0.005666 0.003353
1630598127.563234 -907.510312 1045.395690 3.702784 0.988787 0.149120 -0.007233 0.003322
1630598127.813242 -904.632618 1046.217980 3.647687 0.988710 0.149670 -0.006924 0.001918
1630598128.063243 -901.762754 1047.049958 3.595423 0.988591 0.150298 -0.009548 0.002625
1630598128.312621 -898.901642 1047.882482 3.526530 0.988560 0.150095 -0.014310 0.003895
1630598128.563248 -896.051615 1048.692593 3.431307 0.988560 0.150295 -0.012653 0.000318
1630598128.813256 -893.207985 1049.507043 3.347836 0.988514 0.150476 -0.013876 -0.001964
1630598129.063257 -890.357023 1050.325411 3.256378 0.988471 0.150501 -0.016198 -0.003471
1630598129.313264 -887.505475 1051.144517 3.149935 0.988453 0.150614 -0.015699 -0.005384
1630598129.563260 -884.642126 1051.978404 3.051648 0.988435 0.150833 -0.014898 -0.004881
1630598129.813271 -881.765141 1052.821845 2.956123 0.988416 0.151029 -0.014515 -0.003510
1630598130.063266 -878.881668 1053.666370 2.864065 0.988374 0.151418 -0.013405 -0.002970
1630598130.313281 -875.989896 1054.513975 2.776848 0.988348 0.151598 -0.013476 -0.002278
1630598130.563274 -873.099645 1055.357866 2.691972 0.988287 0.152013 -0.013053 -0.003223
1630598130.812660 -870.214283 1056.203315 2.608530 0.988264 0.152072 -0.014022 -0.003412
1630598131.062655 -867.328647 1057.049264 2.519471 0.988188 0.152482 -0.014699 -0.004138
1630598131.312670 -864.447103 1057.902561 2.426644 0.988035 0.153332 -0.016339 -0.003087
1630598131.562669 -861.576653 1058.766926 2.324825 0.987870 0.154417 -0.016382 -0.000854
1630598131.812674 -858.717685 1059.630862 2.224362 0.987708 0.155696 -0.013866 -0.000085
1630598132.062670 -855.844765 1060.499462 2.133221 0.987509 0.156909 -0.014289 -0.000940
1630598132.312695 -852.975438 1061.377981 2.042534 0.987299 0.158488 -0.011011 -0.001151
1630598132.562683 -850.084613 1062.272471 1.967366 0.987071 0.159926 -0.010638 -0.001492
1630598132.812691 -847.181089 1063.179970 1.889544 0.986765 0.161775 -0.010935 -0.001796
1630598133.062699 -844.279985 1064.104408 1.818767 0.986458 0.163846 -0.007329 -0.001148
1630598133.313319 -841.341338 1065.057797 1.756028 0.986076 0.165943 -0.010817 0.000624
1630598133.563319 -838.406693 1066.023607 1.672230 0.985658 0.168337 -0.011732 0.001667
1630598133.813325 -835.449429 1067.004306 1.576569 0.985222 0.170592 -0.015270 0.001533
1630598134.063327 -832.501881 1068.001957 1.472044 0.984784 0.173354 -0.012097 0.001301
1630598134.313337 -829.536662 1069.026697 1.386379 0.984040 0.177600 -0.011111 0.000996
1630598134.563962 -826.541995 1070.085757 1.300155 0.983103 0.182461 -0.014726 -0.000707
1630598134.813969 -823.570906 1071.185437 1.199099 0.982427 0.186301 -0.011295 0.001109
1630598135.063339 -820.589848 1072.301985 1.119533 0.981824 0.189547 -0.009717 0.000330
1630598135.313348 -817.573768 1073.446421 1.037630 0.981131 0.192902 -0.012994 -0.001183
1630598135.563350 -814.561978 1074.613092 0.940378 0.980549 0.195871 -0.012179 -0.003186
1630598135.813357 -811.545482 1075.799589 0.858344 0.980093 0.198217 -0.009960 -0.005330
1630598136.063977 -808.510856 1077.018063 0.789979 0.980074 0.198390 -0.009109 -0.003687
1630598136.313982 -805.474184 1078.233296 0.732033 0.980048 0.198643 -0.005612 -0.003831
1630598136.564608 -802.390472 1079.460338 0.678443 0.980016 0.198621 -0.010041 -0.004139
1630598136.813990 -799.323059 1080.691900 0.596961 0.979935 0.199059 -0.009790 -0.002677
1630598137.063991 -796.240751 1081.941349 0.524771 0.979931 0.199187 -0.007717 -0.000223
1630598137.313370 -793.145347 1083.166195 0.468378 0.979824 0.199716 -0.005802 -0.004958
1630598137.563999 -790.021336 1084.410280 0.424343 0.979807 0.199737 -0.005714 -0.007186
1630598137.814000 -786.907708 1085.660901 0.387487 0.979752 0.200032 -0.003232 -0.007894
1630598138.064002 -783.778835 1086.920315 0.360039 0.979696 0.200270 -0.004740 -0.008038
1630598138.314013 -780.650880 1088.186097 0.324362 0.979634 0.200615 -0.003467 -0.007635
1630598138.564017 -777.498715 1089.472589 0.285178 0.979517 0.201207 -0.006691 -0.004203
1630598138.814016 -774.348871 1090.751394 0.232686 0.979514 0.201258 -0.004881 -0.004945
1630598139.064017 -771.190546 1092.019021 0.199013 0.979392 0.201780 -0.001362 -0.008645
1630598139.314033 -768.019973 1093.308615 0.188125 0.979420 0.201614 -0.000506 -0.009381
1630598139.564023 -764.842800 1094.601197 0.181214 0.979326 0.202077 -0.000226 -0.009240
1630598139.814036 -761.663833 1095.901602 0.173725 0.979302 0.202246 -0.001003 -0.007996
1630598140.064032 -758.497987 1097.206131 0.168241 0.979263 0.202507 0.000064 -0.005961
1630598140.314044 -755.331655 1098.514849 0.162328 0.979644 0.200738 -0.000664 -0.001325
1630598140.564044 -752.160637 1099.797590 0.142544 0.980102 0.198489 -0.001586 0.000505
1630598140.814045 -748.990356 1101.055004 0.117438 0.980513 0.196454 -0.000885 0.000381
1630598141.064672 -745.834842 1102.277655 0.122303 0.980902 0.194333 0.007048 -0.004085
1630598141.314675 -742.642011 1103.497366 0.160760 0.981348 0.192093 0.002440 -0.007154
1630598141.564680 -739.467783 1104.707144 0.168312 0.981897 0.189197 0.004931 -0.007596
1630598141.814680 -736.276643 1105.889926 0.196452 0.982817 0.184311 0.005459 -0.008430
1630598142.064680 -733.074653 1107.041486 0.228821 0.983666 0.179730 0.004405 -0.008836
1630598142.314103 -729.880560 1108.149926 0.254458 0.984527 0.174837 0.004274 -0.010933
1630598142.564067 -726.668227 1109.233496 0.273865 0.985352 0.170167 0.000273 -0.011138
1630598142.814070 -723.470505 1110.294953 0.269975 0.986168 0.165548 -0.000330 -0.008111
1630598143.064069 -720.290585 1111.313650 0.271957 0.986921 0.161036 0.002796 -0.006872
1630598143.314075 -717.096943 1112.299492 0.289282 0.987588 0.156930 -0.000919 -0.006496
1630598143.564074 -713.923913 1113.251409 0.274212 0.988261 0.152639 -0.002095 -0.006143
1630598143.814080 -710.762324 1114.153546 0.257618 0.988875 0.148426 -0.002183 -0.009592
1630598144.064080 -707.604644 1115.033371 0.242159 0.989444 0.144452 -0.005071 -0.010387
1630598144.314090 -704.479847 1115.893292 0.214859 0.990058 0.140406 -0.002132 -0.008229
1630598144.564094 -701.347610 1116.717138 0.196081 0.990504 0.137104 -0.005592 -0.008494
1630598144.814097 -698.241262 1117.515187 0.160847 0.990905 0.134154 -0.005693 -0.008852
1630598145.064095 -695.159144 1118.296228 0.130358 0.991189 0.132176 -0.002727 -0.008182
1630598145.314732 -692.078691 1119.062572 0.114008 0.991369 0.130824 -0.002523 -0.008106
1630598145.564726 -689.017514 1119.808579 0.097514 0.991514 0.129593 -0.003411 -0.009672
1630598145.814731 -685.974534 1120.550046 0.075325 0.991452 0.130018 -0.001884 -0.010693
1630598146.065356 -682.933791 1121.304016 0.064754 0.991384 0.130619 0.000922 -0.009733
1630598146.315362 -679.875589 1122.064180 0.057846 0.991284 0.131422 -0.002262 -0.008864
1630598146.565371 -676.826446 1122.835782 0.033730 0.991186 0.132286 0.000103 -0.007066
1630598146.814750 -673.774739 1123.614509 0.029552 0.991113 0.132948 0.001804 -0.004173
1630598147.064122 -670.698581 1124.390849 0.026306 0.990991 0.133820 -0.001827 -0.004980
1630598147.313501 -667.633784 1125.172064 -0.000290 0.990900 0.134493 -0.002064 -0.004846
1630598147.562889 -664.589919 1125.966924 -0.011540 0.990835 0.135059 0.002153 -0.001080
1630598147.812885 -661.515854 1126.765823 -0.013455 0.990805 0.135266 -0.003012 0.000395
1630598148.062883 -658.465885 1127.541357 -0.042633 0.990789 0.135375 -0.002583 -0.001931
1630598148.312902 -655.410372 1128.318894 -0.075207 0.990831 0.134929 -0.006336 -0.002982
1630598148.562899 -652.374197 1129.090001 -0.122104 0.991040 0.133389 -0.006075 -0.003231
1630598148.812902 -649.335327 1129.844174 -0.168510 0.991249 0.131676 -0.007570 -0.005493
1630598149.062897 -646.305513 1130.590839 -0.219451 0.991470 0.130012 -0.007360 -0.005427
1630598149.312909 -643.282523 1131.327946 -0.267838 0.991815 0.127459 -0.006158 -0.004429
1630598149.562279 -640.266705 1132.041265 -0.308882 0.992109 0.125148 -0.005575 -0.005126
1630598149.812285 -637.237924 1132.745703 -0.352621 0.992506 0.121905 -0.007315 -0.004122
1630598150.062911 -634.208949 1133.421460 -0.404580 0.993200 0.116178 -0.006596 -0.003659
1630598150.312965 -631.179360 1134.061061 -0.451199 0.993949 0.109603 -0.006974 -0.001714
1630598150.562291 -628.149789 1134.653922 -0.504757 0.994839 0.101095 -0.008623 -0.000172
1630598150.812922 -625.107110 1135.167954 -0.564817 0.995878 0.090351 -0.007402 -0.002842
1630598151.062923 -622.065818 1135.627771 -0.616442 0.996891 0.078171 -0.009707 -0.001985
1630598151.312932 -619.048058 1135.992274 -0.670173 0.997871 0.064874 -0.005455 -0.003845
1630598151.562929 -616.002696 1136.267367 -0.717312 0.998567 0.051882 -0.010907 -0.007265
1630598151.812934 -612.969684 1136.481010 -0.795966 0.999113 0.039416 -0.013173 -0.006844
1630598152.062310 -609.956515 1136.620393 -0.882709 0.999513 0.027940 -0.011953 -0.007074
1630598152.312319 -606.945822 1136.687004 -0.953203 0.999750 0.018643 -0.008665 -0.008840
1630598152.562326 -603.909422 1136.706779 -1.022309 0.999770 0.010960 -0.015151 -0.010466
1630598152.812332 -600.904946 1136.691481 -1.120976 0.999852 0.003737 -0.013931 -0.009419
1630598153.062327 -597.899240 1136.647528 -1.213649 0.999869 -0.003008 -0.014837 -0.005685
1630598153.312333 -594.909940 1136.551413 -1.303143 0.999871 -0.008902 -0.012206 -0.005507
1630598153.562331 -591.916496 1136.421394 -1.386762 0.999787 -0.013513 -0.014613 -0.005443
1630598153.812339 -588.968475 1136.272234 -1.479564 0.999711 -0.018253 -0.014968 -0.004645
1630598154.062337 -586.098171 1136.089852 -1.564544 0.999615 -0.022392 -0.015199 -0.006096
1630598154.312346 -583.322910 1135.892719 -1.646785 0.999506 -0.025677 -0.016690 -0.007107
1630598154.562351 -580.682181 1135.693098 -1.728220 0.999422 -0.028559 -0.016796 -0.007634
1630598154.812350 -578.181510 1135.484086 -1.803313 0.999280 -0.030625 -0.019915 -0.010237
1630598155.062978 -575.866825 1135.292362 -1.884436 0.999259 -0.031662 -0.019737 -0.009504
1630598155.312981 -573.754895 1135.108401 -1.955085 0.999194 -0.032617 -0.020729 -0.010813
1630598155.562982 -571.832632 1134.935555 -2.021870 0.999208 -0.032154 -0.019477 -0.013047
1630598155.812988 -570.074876 1134.794720 -2.077803 0.999266 -0.031768 -0.017876 -0.011756
1630598156.062991 -568.468759 1134.653012 -2.126214 0.999367 -0.031554 -0.010731 -0.012418
1630598156.313633 -566.950338 1134.533902 -2.153603 0.999376 -0.032308 0.010846 -0.009243
1630598156.563626 -565.276328 1134.378791 -2.156631 0.999152 -0.034718 -0.018448 -0.012245
1630598156.814249 -563.647362 1134.222919 -2.203476 0.998708 -0.038549 -0.030658 -0.012517
1630598157.064252 -562.009358 1134.074742 -2.332716 0.998197 -0.040978 -0.043012 -0.008560
1630598157.314260 -560.453767 1133.897543 -2.425482 0.998644 -0.043538 -0.026639 -0.010249
1630598157.564882 -558.894609 1133.736072 -2.533105 0.998938 -0.045096 -0.006669 -0.006723
1630598157.814889 -557.201007 1133.547267 -2.559591 0.998777 -0.045725 -0.017539 -0.006819
1630598158.064890 -555.504769 1133.340652 -2.633834 0.998817 -0.047330 -0.006380 -0.009176
1630598158.314944 -553.681167 1133.122138 -2.685505 0.998762 -0.048067 -0.007192 -0.010601
1630598158.564903 -551.767285 1132.878951 -2.733532 0.998678 -0.048278 -0.009393 -0.014962
1630598158.814898 -549.781793 1132.638116 -2.797635 0.998679 -0.048076 -0.007034 -0.016734
1630598159.064904 -547.705669 1132.384254 -2.853589 0.998628 -0.047037 -0.010945 -0.020260
1630598159.314906 -545.587956 1132.141611 -2.921802 0.998726 -0.043986 -0.010744 -0.022291
1630598159.564911 -543.416998 1131.925537 -2.990171 0.998936 -0.040444 -0.010026 -0.019777
1630598159.814914 -541.179529 1131.723550 -3.059052 0.999136 -0.037061 -0.008931 -0.016563
1630598160.065542 -538.854077 1131.523035 -3.127222 0.999284 -0.033659 -0.009051 -0.014738
1630598160.315549 -536.461086 1131.332271 -3.195661 0.999431 -0.030722 -0.006496 -0.012282
1630598160.565553 -533.966899 1131.127314 -3.262379 0.999416 -0.029397 -0.009856 -0.014382
1630598160.814943 -531.411836 1130.915282 -3.342188 0.999415 -0.027935 -0.007968 -0.018078
1630598161.063678 -528.773024 1130.713214 -3.418381 0.999429 -0.026600 -0.008530 -0.019013
1630598161.313687 -526.043347 1130.521091 -3.494844 0.999484 -0.025816 -0.007331 -0.017673
1630598161.563059 -523.246858 1130.331284 -3.566427 0.999553 -0.024911 -0.005062 -0.015721
1630598161.813071 -520.352913 1130.135024 -3.631442 0.999560 -0.024530 -0.007506 -0.014860
1630598162.063066 -517.400976 1129.924359 -3.710958 0.999514 -0.023658 -0.011323 -0.016835
1630598162.313705 -514.429345 1129.719930 -3.794966 0.999521 -0.023199 -0.009618 -0.018077
1630598162.564329 -511.420439 1129.519366 -3.874422 0.999516 -0.022362 -0.011316 -0.018455
1630598162.814339 -508.395274 1129.326923 -3.966823 0.999548 -0.021639 -0.011224 -0.017615
1630598163.064957 -505.321822 1129.142394 -4.059662 0.999564 -0.020790 -0.013346 -0.016149
1630598163.314969 -502.247601 1128.956541 -4.159128 0.999601 -0.020194 -0.011775 -0.015877
1630598163.564964 -499.147463 1128.761739 -4.249785 0.999553 -0.019634 -0.013765 -0.017839
1630598163.815595 -496.040662 1128.579518 -4.346481 0.999592 -0.019141 -0.012237 -0.017289
1630598164.065595 -492.948996 1128.400945 -4.427198 0.999656 -0.018652 -0.007140 -0.016972
1630598164.314981 -489.842135 1128.223393 -4.484347 0.999649 -0.017964 -0.009734 -0.016889
1630598164.564984 -486.735636 1128.042998 -4.559232 0.999585 -0.017480 -0.012877 -0.018943
1630598164.815602 -483.653517 1127.877407 -4.649212 0.999612 -0.016932 -0.012678 -0.018131
1630598165.065606 -480.606208 1127.714184 -4.732948 0.999602 -0.016433 -0.013954 -0.018173
1630598165.314985 -477.613988 1127.563340 -4.818288 0.999654 -0.015755 -0.013165 -0.016421
1630598165.564368 -474.664927 1127.423996 -4.899433 0.999701 -0.015143 -0.013072 -0.014089
1630598165.814367 -471.760303 1127.268245 -4.974013 0.999696 -0.013264 -0.011756 -0.017158
1630598166.064370 -468.894704 1127.157730 -5.044327 0.999748 -0.010255 -0.013891 -0.014334
1630598166.313757 -466.102646 1127.058123 -5.118971 0.999816 -0.008425 -0.011500 -0.012864
1630598166.564379 -463.357337 1126.969174 -5.178536 0.999881 -0.006756 -0.009644 -0.009917
1630598166.814383 -460.711780 1126.872221 -5.215893 0.999892 -0.006303 -0.004362 -0.012561
1630598167.065009 -458.125566 1126.778542 -5.234713 0.999860 -0.005491 -0.006123 -0.014572
1630598167.315014 -455.678154 1126.695786 -5.250174 0.999857 -0.005925 0.002757 -0.015611
1630598167.565010 -453.286704 1126.595932 -5.233159 0.999771 -0.007296 -0.001789 -0.020018
1630598167.815641 -451.058952 1126.519044 -5.223239 0.999728 -0.013635 0.012126 -0.014530
1630598168.065646 -448.904718 1126.402944 -5.165436 0.999484 -0.028429 0.012381 -0.008349
1630598168.314400 -446.846361 1126.204269 -5.108141 0.998573 -0.051422 0.013983 -0.003453
1630598168.563780 -444.825822 1125.880806 -5.062519 0.996348 -0.084432 0.012676 -0.000783
1630598168.812533 -442.861139 1125.396980 -5.019032 0.992261 -0.123911 0.007890 -0.001457
1630598169.061922 -440.995658 1124.763933 -4.990638 0.985422 -0.169709 0.011951 0.000308
1630598169.311917 -439.209971 1123.954538 -4.948535 0.975720 -0.218655 0.012587 0.001707
1630598169.561910 -437.530715 1122.977951 -4.906173 0.963371 -0.267712 0.015329 0.003380
1630598169.811918 -435.925496 1121.828053 -4.860539 0.948467 -0.316660 0.009661 0.006522
1630598170.061291 -434.439367 1120.493989 -4.832208 0.930752 -0.365569 0.005378 0.005588
1630598170.311297 -433.093326 1118.993121 -4.817928 0.910965 -0.412377 0.008009 0.004778
1630598170.560682 -431.867119 1117.332909 -4.798104 0.890389 -0.455068 0.009465 0.005576
1630598170.810060 -430.751998 1115.500591 -4.777491 0.868961 -0.494778 0.008601 0.005197
1630598171.060055 -429.754316 1113.494027 -4.762319 0.848409 -0.529271 0.007850 0.003491
1630598171.310063 -428.874039 1111.335709 -4.752392 0.830498 -0.556913 0.010800 0.001993
1630598171.560065 -428.064704 1109.020859 -4.741620 0.816586 -0.577138 0.009924 0.001078
1630598171.809448 -427.314823 1106.576326 -4.735703 0.805352 -0.592716 0.009569 0.002078
1630598172.059447 -426.620639 1103.990728 -4.727685 0.797209 -0.603588 0.011632 0.001857
1630598172.309458 -425.946882 1101.271986 -4.713106 0.793239 -0.608761 0.013362 0.001593
1630598172.559460 -425.258009 1098.419417 -4.695426 0.790937 -0.611766 0.012545 0.001930
1630598172.809460 -424.564838 1095.439577 -4.677367 0.788682 -0.614672 0.012551 0.001237
1630598173.059461 -423.863950 1092.340151 -4.661184 0.786776 -0.617127 0.011748 0.001049
1630598173.309466 -423.155678 1089.128134 -4.647905 0.784883 -0.619536 0.011536 0.001363
1630598173.559462 -422.447384 1085.799769 -4.633834 0.782789 -0.622178 0.011631 0.000750
1630598173.809471 -421.738689 1082.357612 -4.619798 0.781122 -0.624254 0.012424 0.000268
1630598174.059470 -421.021032 1078.803599 -4.604494 0.779814 -0.625886 0.012547 -0.000269
1630598174.308858 -420.300131 1075.153649 -4.586264 0.779020 -0.626846 0.013854 -0.000897
1630598174.558858 -419.553639 1071.385598 -4.568490 0.778741 -0.627222 0.012406 -0.001113
1630598174.808861 -418.791154 1067.518998 -4.555663 0.778929 -0.626978 0.012866 -0.001469
1630598175.059480 -418.000127 1063.537026 -4.545025 0.779984 -0.625676 0.012182 -0.002524
1630598175.309492 -417.181160 1059.474767 -4.536842 0.780829 -0.624569 0.014655 -0.002268
1630598175.559487 -416.332424 1055.301724 -4.516435 0.781598 -0.623571 0.015505 -0.004858
1630598175.809496 -415.431998 1051.038904 -4.500411 0.782821 -0.622102 0.013243 -0.002420
1630598176.059495 -414.512402 1046.692320 -4.481393 0.783908 -0.620720 0.013266 -0.004254
1630598176.310124 -413.563489 1042.273657 -4.463968 0.784921 -0.619412 0.014491 -0.004253
1630598176.560133 -412.569898 1037.802745 -4.436780 0.784929 -0.619472 0.011791 -0.000888
1630598176.810134 -411.569922 1033.261696 -4.407342 0.785168 -0.619188 0.010856 0.000141
1630598177.060135 -410.571919 1028.643771 -4.388726 0.785365 -0.618925 0.010873 -0.003859
1630598177.310137 -409.550883 1023.992787 -4.373990 0.785426 -0.618825 0.012489 -0.002349
1630598177.560137 -408.523799 1019.286888 -4.337252 0.785667 -0.618505 0.012629 -0.004439
1630598177.810149 -407.477603 1014.540013 -4.316414 0.785664 -0.618505 0.012959 -0.004115
1630598178.060768 -406.418034 1009.732467 -4.291707 0.785755 -0.618386 0.012949 -0.004452
1630598178.310777 -405.353525 1004.889391 -4.263431 0.785525 -0.618656 0.014071 -0.004108
1630598178.560780 -404.271980 999.984744 -4.236900 0.784484 -0.620025 0.012163 -0.002305
1630598178.811403 -403.190371 995.007817 -4.205130 0.783330 -0.621512 0.010787 0.000850
1630598179.061407 -402.126104 989.973578 -4.176244 0.781965 -0.623258 0.008925 0.000501
1630598179.311413 -401.066375 984.887497 -4.157420 0.780557 -0.625047 0.006435 0.002500
1630598179.562043 -400.040547 979.751847 -4.126777 0.778872 -0.627125 0.008375 0.001791
1630598179.812051 -399.036658 974.594927 -4.080677 0.777833 -0.628409 0.008804 0.000666
1630598180.062667 -398.044535 969.411510 -4.037160 0.777600 -0.628652 0.011611 0.000021
1630598180.312679 -397.052198 964.214615 -3.968049 0.778471 -0.627517 0.014077 -0.002743
1630598180.562680 -396.032326 959.015807 -3.895356 0.778876 -0.626972 0.016074 -0.000844
1630598180.812680 -394.993012 953.800467 -3.802755 0.779292 -0.626466 0.015609 0.000756
1630598181.062677 -393.956117 948.575850 -3.697748 0.779777 -0.625788 0.018318 0.001079
1630598181.312686 -392.909556 943.332057 -3.578257 0.779950 -0.625518 0.020130 0.000442
1630598181.562691 -391.836692 938.066182 -3.451677 0.780138 -0.625406 0.015808 0.001653
1630598181.812695 -390.775737 932.803471 -3.339302 0.780037 -0.625522 0.016215 0.001475
1630598182.063318 -389.735401 927.539224 -3.217835 0.780044 -0.625470 0.017750 -0.002109
1630598182.313366 -388.685900 922.331184 -3.095890 0.779071 -0.626707 0.016913 0.000801
1630598182.563328 -387.677926 917.155807 -2.959007 0.777518 -0.628578 0.018857 0.000144
1630598182.813326 -386.696371 912.015542 -2.811345 0.776102 -0.630328 0.018728 0.001328
1630598183.063951 -385.740731 906.898712 -2.659704 0.774636 -0.632130 0.018653 0.001695
1630598183.313957 -384.818607 901.827512 -2.522774 0.773093 -0.634031 0.018152 0.001573
1630598183.563963 -383.930035 896.795984 -2.379860 0.771874 -0.635486 0.019109 0.001508
1630598183.813969 -383.058729 891.799218 -2.231125 0.771496 -0.635991 0.017386 0.002618
1630598184.063965 -382.193147 886.847496 -2.097551 0.771398 -0.636128 0.016480 0.003895
1630598184.313971 -381.343564 881.929398 -1.958080 0.771423 -0.636100 0.016482 0.003444
1630598184.564604 -380.490774 877.031595 -1.834036 0.771401 -0.636136 0.015714 0.004911
1630598184.814606 -379.650706 872.158613 -1.706167 0.771451 -0.636079 0.015788 0.004168
1630598185.064603 -378.812652 867.297430 -1.590152 0.771442 -0.636108 0.015006 0.004170
1630598185.314609 -377.971737 862.461203 -1.469103 0.770999 -0.636620 0.015241 0.006649
1630598185.565245 -377.157888 857.619409 -1.334367 0.770875 -0.636795 0.015409 0.002539
1630598185.814620 -376.350097 852.837687 -1.224869 0.770700 -0.636999 0.015901 0.001176
1630598186.064617 -375.552899 848.083160 -1.108552 0.771018 -0.636534 0.018853 -0.000404
1630598186.315251 -374.759530 843.338739 -0.995131 0.771062 -0.636461 0.018605 -0.005923
1630598186.565253 -373.957761 838.659267 -0.919367 0.771124 -0.636390 0.018755 -0.004891
1630598186.815254 -373.158813 834.016408 -0.815435 0.771105 -0.636415 0.018919 -0.003969
1630598187.065877 -372.367466 829.390105 -0.716212 0.771385 -0.636091 0.018210 -0.004718
1630598187.315886 -371.571658 824.816548 -0.628009 0.772581 -0.634648 0.018136 -0.003442
1630598187.565258 -370.757663 820.291496 -0.530875 0.773414 -0.633682 0.016591 -0.001368
1630598187.814637 -369.946106 815.799500 -0.439233 0.774150 -0.632846 0.013889 -0.002274
1630598188.064012 -369.135751 811.372627 -0.371224 0.774291 -0.632731 0.010996 -0.001816
1630598188.313432 -368.347468 807.026877 -0.309909 0.774145 -0.632898 0.011452 -0.002785
1630598188.562773 -367.581672 802.762930 -0.246663 0.773894 -0.633178 0.012753 -0.003428
1630598188.813401 -366.809185 798.539811 -0.199208 0.773236 -0.634068 0.006644 -0.004437
1630598189.063399 -366.077847 794.424816 -0.169497 0.772826 -0.634515 0.011396 -0.001146
1630598189.313413 -365.360478 790.348399 -0.108208 0.772469 -0.634963 0.010416 -0.002305
1630598189.563407 -364.650920 786.339387 -0.066122 0.772216 -0.635297 0.008523 -0.002866
1630598189.814036 -363.962963 782.408528 -0.028925 0.772049 -0.635495 0.008932 -0.002510
1630598190.064041 -363.288292 778.587294 0.020411 0.771713 -0.635916 0.008332 -0.000361
1630598190.314084 -362.636284 774.861312 0.066590 0.771684 -0.635978 0.005689 -0.001588
1630598190.564051 -362.008481 771.256799 0.095408 0.772113 -0.635460 0.005412 -0.001515
1630598190.814055 -361.395811 767.765098 0.125038 0.772254 -0.635288 0.005370 -0.002297
1630598191.064674 -360.809241 764.384542 0.151183 0.772378 -0.635121 0.006924 -0.002569
1630598191.314681 -360.245880 761.115071 0.175878 0.772618 -0.634793 0.007397 -0.006674
1630598191.564687 -359.693330 757.964314 0.190698 0.773642 -0.633510 0.009946 -0.006609
1630598191.815314 -359.136126 754.905222 0.221519 0.774525 -0.632425 0.011117 -0.005101
1630598192.065313 -358.581624 751.950640 0.259649 0.775659 -0.631069 0.009568 -0.003562
1630598192.315942 -358.034471 749.080135 0.288477 0.776517 -0.630045 0.006918 -0.003953
1630598192.565952 -357.498476 746.304012 0.303269 0.777411 -0.628958 0.005447 -0.003779
1630598192.815957 -356.972802 743.619788 0.314940 0.778404 -0.627732 0.005817 -0.002291
1630598193.065326 -356.458023 741.034202 0.335535 0.779336 -0.626571 0.006633 -0.000266
1630598193.315333 -355.958851 738.518914 0.361693 0.779798 -0.625996 0.006144 -0.002371
1630598193.564708 -355.490431 736.104928 0.378255 0.779652 -0.626130 0.009047 -0.004702
1630598193.814095 -355.056595 733.768260 0.396945 0.779204 -0.626514 0.015015 -0.009729
1630598194.064088 -354.608744 731.474158 0.416319 0.778808 -0.627016 0.010009 -0.014449
1630598194.314093 -354.183817 729.294114 0.411771 0.777954 -0.628057 0.014242 -0.011370
1630598194.564101 -353.771494 727.166395 0.424961 0.777122 -0.629119 0.011563 -0.012497
1630598194.814103 -353.383386 725.124357 0.429272 0.776312 -0.630123 0.011422 -0.012455
1630598195.064104 -353.016073 723.161914 0.430113 0.775447 -0.631185 0.012053 -0.011934
1630598195.314108 -352.661843 721.259134 0.435988 0.774757 -0.632051 0.010441 -0.012411
1630598195.564105 -352.322169 719.423797 0.434417 0.774148 -0.632826 0.010445 -0.010860
1630598195.814115 -351.994496 717.641418 0.436661 0.773508 -0.633638 0.009958 -0.009426
1630598196.064113 -351.684990 715.906137 0.438698 0.772761 -0.634549 0.010506 -0.008810
1630598196.314132 -351.386334 714.215851 0.443945 0.772291 -0.635134 0.009094 -0.009436
1630598196.564127 -351.100959 712.593192 0.444528 0.772411 -0.634987 0.008632 -0.009909
1630598196.814754 -350.825324 711.039120 0.444828 0.772526 -0.634852 0.008509 -0.009728
1630598197.064748 -350.567590 709.554994 0.444287 0.772810 -0.634478 0.009392 -0.010675
1630598197.314753 -350.316514 708.135654 0.443661 0.772739 -0.634569 0.009055 -0.010737
1630598197.565381 -350.074272 706.772166 0.441137 0.772661 -0.634662 0.007600 -0.011929
1630598197.815392 -349.838681 705.477975 0.437308 0.772956 -0.634321 0.004999 -0.012301
1630598198.065386 -349.627864 704.269113 0.429185 0.772647 -0.634690 0.006568 -0.011944
1630598198.316053 -349.417036 703.126454 0.419217 0.772553 -0.634843 0.005740 -0.010219
1630598198.566020 -349.228772 702.049514 0.418638 0.772571 -0.634816 0.005288 -0.010707
1630598198.816030 -349.053984 701.041465 0.409997 0.772375 -0.635047 0.006714 -0.010381
1630598199.065399 -348.881595 700.092352 0.404828 0.772254 -0.635214 0.005249 -0.009917
1630598199.314778 -348.717264 699.205931 0.403436 0.772238 -0.635268 0.004154 -0.008137
1630598199.563529 -348.586000 698.373960 0.395865 0.771863 -0.635672 0.005271 -0.010975
1630598199.812913 -348.451845 697.599308 0.389362 0.771649 -0.635933 0.005264 -0.010967
1630598200.062911 -348.316819 696.877075 0.387703 0.771259 -0.636430 0.002592 -0.010421
1630598200.312919 -348.204613 696.217006 0.381238 0.771187 -0.636520 0.003223 -0.010123
1630598200.563549 -348.100667 695.596373 0.373633 0.771219 -0.636481 0.004079 -0.009847
1630598200.813548 -348.001819 695.010690 0.369092 0.771540 -0.636082 0.004492 -0.010227
1630598201.062920 -347.904076 694.467799 0.364060 0.771859 -0.635708 0.004534 -0.009405
1630598201.312927 -347.812091 693.956327 0.360718 0.772236 -0.635259 0.004573 -0.008725
1630598201.562927 -347.726328 693.471324 0.355780 0.772532 -0.634900 0.004923 -0.008502
1630598201.812935 -347.646366 693.010179 0.352120 0.772791 -0.634577 0.005175 -0.008891
1630598202.062935 -347.568656 692.575924 0.348565 0.773018 -0.634301 0.005026 -0.008917
1630598202.313573 -347.489407 692.160367 0.345451 0.773110 -0.634205 0.004192 -0.008255
1630598202.563572 -347.417629 691.762721 0.344243 0.773240 -0.634048 0.004093 -0.008108
1630598202.813568 -347.347029 691.380105 0.341798 0.773558 -0.633668 0.003883 -0.007672
1630598203.063572 -347.282640 691.017028 0.339296 0.773602 -0.633610 0.003888 -0.007989
1630598203.313580 -347.225126 690.686096 0.336128 0.773682 -0.633505 0.003992 -0.008470
1630598203.563581 -347.173212 690.392912 0.333257 0.773779 -0.633383 0.004058 -0.008697
1630598203.813592 -347.126274 690.137117 0.330997 0.773781 -0.633383 0.004025 -0.008496
1630598204.063582 -347.085902 689.919195 0.328921 0.773790 -0.633375 0.004119 -0.008181
1630598204.314220 -347.052933 689.737059 0.327364 0.773932 -0.633204 0.004282 -0.007982
1630598204.563596 -347.026338 689.591379 0.326668 0.774010 -0.633110 0.004351 -0.007840
1630598204.814222 -347.006108 689.478670 0.326028 0.773964 -0.633166 0.004443 -0.007803
1630598205.064220 -346.991799 689.397090 0.325752 0.774018 -0.633099 0.004522 -0.007826
1630598205.314227 -346.982361 689.344089 0.325633 0.774015 -0.633103 0.004583 -0.007761
1630598205.563600 -346.976743 689.313647 0.325472 0.773998 -0.633124 0.004593 -0.007709
1630598205.813612 -346.974100 689.297789 0.324875 0.774009 -0.633112 0.005114 -0.007306
1630598206.063611 -346.968910 689.267090 0.324483 0.774032 -0.633084 0.005778 -0.006769
1630598206.313655 -346.957898 689.207942 0.324563 0.774045 -0.633068 0.005678 -0.006764
1630598206.563620 -346.943203 689.125177 0.324703 0.774042 -0.633072 0.005634 -0.006884
1630598206.813626 -346.924257 689.026050 0.324806 0.774063 -0.633049 0.005415 -0.006806
1630598207.063625 -346.904970 688.917567 0.324471 0.774078 -0.633029 0.005506 -0.006842
1630598207.314252 -346.885949 688.810431 0.324194 0.774073 -0.633034 0.005291 -0.007191
1630598207.564251 -346.870545 688.725694 0.323680 0.774086 -0.633017 0.005249 -0.007194
1630598207.814261 -346.859451 688.664840 0.323352 0.774094 -0.633009 0.005311 -0.007134
1630598208.064285 -346.852519 688.625528 0.323072 0.774085 -0.633019 0.005341 -0.007144
1630598208.314892 -346.849090 688.607538 0.322964 0.774103 -0.632998 0.005393 -0.007056
1630598208.564894 -346.849126 688.607541 0.322964 0.774103 -0.632996 0.005458 -0.007047
1630598208.814911 -346.849162 688.607546 0.322963 0.774117 -0.632979 0.005497 -0.007060
1630598209.064904 -346.849176 688.607641 0.322964 0.774116 -0.632980 0.005567 -0.006997
1630598209.315522 -346.849177 688.607598 0.322963 0.774107 -0.632992 0.005540 -0.007031
1630598209.565524 -346.849158 688.607600 0.322964 0.774104 -0.632996 0.005527 -0.007018
1630598209.816158 -346.849163 688.607576 0.322963 0.774103 -0.632997 0.005514 -0.007039
1630598210.066167 -346.849167 688.607619 0.322963 0.774111 -0.632987 0.005547 -0.007008
1630598210.315537 -346.849168 688.607579 0.322964 0.774094 -0.633008 0.005520 -0.007042
1630598210.564917 -346.849169 688.607571 0.322963 0.774095 -0.633007 0.005517 -0.007047
1630598210.814299 -346.849186 688.607623 0.322964 0.774090 -0.633013 0.005564 -0.007018
1630598211.064295 -346.849178 688.607598 0.322964 0.774101 -0.632999 0.005540 -0.007033
1630598211.314297 -346.849176 688.607579 0.322963 0.774103 -0.632996 0.005528 -0.007045
1630598211.564302 -346.849192 688.607607 0.322963 0.774114 -0.632983 0.005558 -0.007034
1630598211.814308 -346.849190 688.607601 0.322963 0.774106 -0.632993 0.005552 -0.007039
1630598212.064928 -346.849186 688.607558 0.322964 0.774107 -0.632991 0.005521 -0.007069
1630598212.314943 -346.849198 688.607583 0.322963 0.774113 -0.632984 0.005546 -0.007056
1630598212.564933 -346.849183 688.607584 0.322963 0.774118 -0.632978 0.005536 -0.007046
1630598212.815572 -346.849185 688.607595 0.322963 0.774126 -0.632968 0.005545 -0.007038
1630598213.065565 -346.849159 688.607551 0.322964 0.774133 -0.632960 0.005496 -0.007056
1630598213.315573 -346.849145 688.607473 0.322964 0.774134 -0.632959 0.005436 -0.007109
1630598213.565572 -346.849131 688.607458 0.322964 0.774142 -0.632949 0.005416 -0.007112
1630598213.815573 -346.849120 688.607424 0.322964 0.774144 -0.632947 0.005384 -0.007132
1630598214.065576 -346.849112 688.607445 0.322963 0.774141 -0.632950 0.005393 -0.007108
1630598214.315588 -346.849134 688.607445 0.322964 0.774147 -0.632943 0.005408 -0.007123
1630598214.566205 -346.849130 688.607418 0.322963 0.774142 -0.632949 0.005388 -0.007142
1630598214.816213 -346.849123 688.607449 0.322963 0.774144 -0.632946 0.005404 -0.007112
1630598215.065588 -346.849133 688.607431 0.322964 0.774140 -0.632952 0.005399 -0.007134
1630598215.314972 -346.849127 688.607418 0.322963 0.774135 -0.632958 0.005387 -0.007139
1630598215.564345 -346.849130 688.607443 0.322964 0.774126 -0.632968 0.005405 -0.007123
1630598215.813729 -346.849139 688.607414 0.322963 0.774126 -0.632968 0.005392 -0.007151
1630598216.063726 -346.849128 688.607412 0.322963 0.774132 -0.632960 0.005383 -0.007146
1630598216.313737 -346.849141 688.607447 0.322963 0.774137 -0.632955 0.005416 -0.007126
1630598216.563738 -346.849127 688.607430 0.322963 0.774138 -0.632954 0.005394 -0.007130
1630598216.813740 -346.849120 688.607411 0.322963 0.774150 -0.632939 0.005376 -0.007141
1630598217.063737 -346.849113 688.607432 0.322964 0.774150 -0.632939 0.005384 -0.007119
1630598217.313747 -346.849133 688.607453 0.322963 0.774158 -0.632930 0.005413 -0.007116
1630598217.563743 -346.849126 688.607420 0.322963 0.774153 -0.632936 0.005387 -0.007138
1630598217.814375 -346.849125 688.607411 0.322963 0.774150 -0.632939 0.005380 -0.007143
1630598218.064376 -346.849126 688.607440 0.322963 0.774150 -0.632939 0.005400 -0.007122
1630598218.314375 -346.849133 688.607433 0.322963 0.774135 -0.632957 0.005400 -0.007133
1630598218.565013 -346.849121 688.607397 0.322963 0.774128 -0.632966 0.005367 -0.007153
1630598218.815016 -346.849080 688.607424 0.322963 0.774130 -0.632964 0.005353 -0.007105
1630598219.065014 -346.849098 688.607449 0.322964 0.774126 -0.632969 0.005384 -0.007098
1630598219.315023 -346.849100 688.607420 0.322964 0.774129 -0.632965 0.005365 -0.007121
1630598219.565024 -346.849079 688.607407 0.322964 0.774133 -0.632961 0.005342 -0.007118
1630598219.815027 -346.849087 688.607448 0.322964 0.774139 -0.632953 0.005375 -0.007090
1630598220.065650 -346.849083 688.607436 0.322964 0.774129 -0.632965 0.005363 -0.007098
1630598220.315668 -346.849088 688.607400 0.322964 0.774117 -0.632980 0.005343 -0.007130
1630598220.566288 -346.849068 688.607410 0.322964 0.774119 -0.632977 0.005334 -0.007108
1630598220.816289 -346.849073 688.607435 0.322964 0.774109 -0.632990 0.005355 -0.007092
1630598221.066289 -346.849079 688.607429 0.322964 0.774124 -0.632972 0.005356 -0.007101
1630598221.315669 -346.849073 688.607412 0.322965 0.774121 -0.632975 0.005339 -0.007111
1630598221.565049 -346.849071 688.607419 0.322964 0.774126 -0.632969 0.005344 -0.007103
1630598221.815051 -346.849070 688.607433 0.322965 0.774118 -0.632979 0.005352 -0.007093
1630598222.064424 -346.849071 688.607414 0.322965 0.774118 -0.632979 0.005340 -0.007108
1630598222.314441 -346.849072 688.607401 0.322965 0.774113 -0.632985 0.005332 -0.007118
1630598222.564437 -346.849075 688.607424 0.322965 0.774109 -0.632990 0.005349 -0.007102
1630598222.814437 -346.849086 688.607450 0.322965 0.774117 -0.632980 0.005375 -0.007089
1630598223.064437 -346.849098 688.607447 0.322965 0.774112 -0.632986 0.005382 -0.007100
1630598223.315080 -346.849097 688.607424 0.322965 0.774102 -0.632998 0.005365 -0.007117
1630598223.565072 -346.849101 688.607439 0.322965 0.774096 -0.633006 0.005379 -0.007107
1630598223.815077 -346.849098 688.607448 0.322965 0.774095 -0.633006 0.005383 -0.007099
1630598224.065700 -346.849083 688.607426 0.322965 0.774100 -0.633001 0.005356 -0.007107
1630598224.315704 -346.849110 688.607441 0.322964 0.774100 -0.633001 0.005388 -0.007111
1630598224.565709 -346.849085 688.607408 0.322964 0.774091 -0.633011 0.005346 -0.007122
1630598224.815710 -346.849102 688.607448 0.322964 0.774097 -0.633004 0.005386 -0.007101
1630598225.066335 -346.849084 688.607409 0.322964 0.774090 -0.633013 0.005346 -0.007121
1630598225.316340 -346.849081 688.607420 0.322964 0.774091 -0.633012 0.005350 -0.007110
1630598225.566342 -346.849087 688.607434 0.322964 0.774101 -0.633000 0.005365 -0.007101
1630598225.815730 -346.849091 688.607438 0.322964 0.774113 -0.632984 0.005371 -0.007101
1630598226.064472 -346.849098 688.607437 0.322965 0.774111 -0.632987 0.005376 -0.007107
1630598226.313853 -346.849105 688.607408 0.322964 0.774112 -0.632986 0.005362 -0.007134
1630598226.563232 -346.849100 688.607396 0.322964 0.774109 -0.632990 0.005350 -0.007140
1630598226.813862 -346.849102 688.607449 0.322964 0.774115 -0.632982 0.005387 -0.007100
1630598227.063858 -346.849118 688.607441 0.322964 0.774112 -0.632985 0.005393 -0.007117
1630598227.314492 -346.849114 688.607403 0.322964 0.774113 -0.632984 0.005365 -0.007144
1630598227.564496 -346.849087 688.607400 0.322963 0.774116 -0.632982 0.005343 -0.007129
1630598227.814498 -346.849084 688.607424 0.322963 0.774112 -0.632986 0.005357 -0.007107
1630598228.064493 -346.849098 688.607455 0.322964 0.774116 -0.632981 0.005387 -0.007094
1630598228.314508 -346.849112 688.607429 0.322964 0.774123 -0.632972 0.005381 -0.007123
1630598228.565123 -346.849104 688.607408 0.322963 0.774120 -0.632976 0.005362 -0.007133
1630598228.815131 -346.849108 688.607441 0.322963 0.774118 -0.632978 0.005387 -0.007110
1630598229.065127 -346.849093 688.607436 0.322964 0.774114 -0.632983 0.005371 -0.007106
1630598229.315762 -346.849097 688.607380 0.322964 0.774105 -0.632995 0.005337 -0.007152
1630598229.565764 -346.849085 688.607409 0.322964 0.774106 -0.632993 0.005347 -0.007120
1630598229.815768 -346.849107 688.607446 0.322964 0.774106 -0.632993 0.005389 -0.007104
1630598230.066394 -346.849115 688.607446 0.322963 0.774111 -0.632986 0.005395 -0.007110
1630598230.317028 -346.849113 688.607406 0.322964 0.774111 -0.632986 0.005367 -0.007141
1630598230.567023 -346.849108 688.607393 0.322964 0.774109 -0.632989 0.005354 -0.007147
1630598230.816404 -346.849119 688.607421 0.322964 0.774106 -0.632993 0.005382 -0.007132
1630598231.065153 -346.849123 688.607413 0.322964 0.774111 -0.632986 0.005379 -0.007142
1630598231.314532 -346.849125 688.607377 0.322963 0.774116 -0.632980 0.005358 -0.007171
1630598231.563914 -346.849114 688.607379 0.322963 0.774122 -0.632973 0.005351 -0.007162
1630598231.813295 -346.849113 688.607404 0.322964 0.774118 -0.632978 0.005365 -0.007142
1630598232.063290 -346.849121 688.607427 0.322964 0.774114 -0.632983 0.005387 -0.007129
1630598232.313921 -346.849120 688.607398 0.322963 0.774106 -0.632993 0.005367 -0.007151
1630598232.563922 -346.849108 688.607393 0.322963 0.774115 -0.632982 0.005355 -0.007148
1630598232.813923 -346.849102 688.607412 0.322963 0.774118 -0.632978 0.005363 -0.007129
1630598233.063927 -346.849112 688.607417 0.322963 0.774114 -0.632983 0.005374 -0.007132
1630598233.313936 -346.849115 688.607402 0.322963 0.774127 -0.632967 0.005366 -0.007145
1630598233.563940 -346.849117 688.607390 0.322963 0.774118 -0.632978 0.005360 -0.007155
1630598233.814568 -346.849102 688.607391 0.322963 0.774121 -0.632974 0.005349 -0.007144
1630598234.064565 -346.849102 688.607410 0.322963 0.774114 -0.632983 0.005361 -0.007130
1630598234.315192 -346.849097 688.607423 0.322963 0.774112 -0.632986 0.005366 -0.007116
1630598234.565199 -346.849102 688.607429 0.322963 0.774113 -0.632984 0.005373 -0.007115
1630598234.815196 -346.849101 688.607412 0.322963 0.774107 -0.632992 0.005361 -0.007128
1630598235.065829 -346.849100 688.607404 0.322964 0.774099 -0.633001 0.005355 -0.007134
1630598235.315839 -346.849091 688.607416 0.322964 0.774103 -0.632997 0.005356 -0.007118
1630598235.565834 -346.849087 688.607436 0.322964 0.774107 -0.632993 0.005366 -0.007100
1630598235.815837 -346.849098 688.607441 0.322964 0.774098 -0.633003 0.005378 -0.007103
1630598236.066460 -346.849092 688.607421 0.322964 0.774095 -0.633007 0.005360 -0.007116
1630598236.315851 -346.849100 688.607405 0.322964 0.774095 -0.633007 0.005356 -0.007134
1630598236.565846 -346.849098 688.607406 0.322964 0.774097 -0.633004 0.005355 -0.007131
1630598236.815851 -346.849094 688.607419 0.322963 0.774108 -0.632991 0.005361 -0.007118
1630598237.066473 -346.849089 688.607436 0.322964 0.774110 -0.632989 0.005368 -0.007102
1630598237.316479 -346.849075 688.607439 0.322927 0.774125 -0.632970 0.005358 -0.007126
1630598237.565871 -346.848944 688.607618 0.322587 0.774116 -0.632981 0.005336 -0.007135
1630598237.815863 -346.847685 688.603324 0.322153 0.774143 -0.632949 0.005315 -0.007006
1630598238.065237 -346.845072 688.588019 0.321482 0.774155 -0.632933 0.005460 -0.006984
1630598238.315253 -346.838488 688.555729 0.318896 0.774119 -0.632979 0.006195 -0.006210
1630598238.565247 -346.823498 688.472812 0.315995 0.774145 -0.632942 0.007507 -0.005154
1630598238.815250 -346.792630 688.307111 0.312777 0.774153 -0.632927 0.008593 -0.004091
1630598239.065872 -346.743155 688.036434 0.310248 0.774126 -0.632960 0.008591 -0.004071
1630598239.315876 -346.675001 687.666238 0.305728 0.774122 -0.632966 0.008670 -0.003878
1630598239.566503 -346.587110 687.186668 0.301930 0.774097 -0.633000 0.008342 -0.003873
1630598239.816507 -346.482197 686.602647 0.301380 0.773830 -0.633323 0.008562 -0.003847
1630598240.066508 -346.358685 685.917557 0.299550 0.773399 -0.633843 0.009403 -0.002885
1630598240.316512 -346.218453 685.122750 0.293028 0.773116 -0.634179 0.010044 -0.002741
1630598240.566516 -346.062883 684.217308 0.284536 0.772621 -0.634764 0.010775 -0.003828
1630598240.815898 -345.880259 683.203493 0.287684 0.772255 -0.635242 0.008138 -0.004834
1630598241.065271 -345.692310 682.099839 0.280437 0.772134 -0.635371 0.008918 -0.005684
1630598241.314653 -345.488190 680.919674 0.272821 0.771837 -0.635725 0.009682 -0.005217
1630598241.564657 -345.263276 679.663882 0.266781 0.771771 -0.635832 0.007664 -0.005420
1630598241.814656 -345.033203 678.351921 0.263006 0.771905 -0.635673 0.007560 -0.004967
1630598242.065280 -344.801011 676.991997 0.257124 0.771586 -0.636048 0.007166 -0.006790
1630598242.315288 -344.562249 675.623922 0.251599 0.771488 -0.636172 0.006051 -0.007405
1630598242.565294 -344.333460 674.249367 0.244046 0.771341 -0.636312 0.006724 -0.009703
1630598242.815921 -344.091186 672.869548 0.233219 0.771337 -0.636325 0.004324 -0.010512
1630598243.065919 -343.858261 671.503889 0.220741 0.771620 -0.635976 0.006656 -0.009628
1630598243.315925 -343.618457 670.120473 0.205760 0.771400 -0.636239 0.008234 -0.008580
1630598243.566561 -343.367716 668.695676 0.198239 0.771384 -0.636274 0.006166 -0.009138
1630598243.816560 -343.112583 667.250745 0.185939 0.771621 -0.636008 0.005320 -0.008195
1630598244.066556 -342.850689 665.783967 0.174687 0.771927 -0.635656 0.004812 -0.006864
1630598244.316570 -342.589777 664.307647 0.164617 0.771667 -0.635982 0.005355 -0.005363
1630598244.565936 -342.324051 662.823986 0.158563 0.771990 -0.635603 0.004203 -0.004764
1630598244.815329 -342.059745 661.335877 0.151642 0.772219 -0.635331 0.003845 -0.004184
1630598245.064693 -341.786901 659.821484 0.139825 0.772200 -0.635362 0.004086 -0.002168
1630598245.314077 -341.503200 658.246454 0.131981 0.772285 -0.635267 0.003313 -0.001209
1630598245.564080 -341.216045 656.605679 0.118986 0.772432 -0.635085 0.003406 -0.002142
1630598245.814708 -340.910520 654.901941 0.108691 0.772323 -0.635224 0.002123 -0.001547
1630598246.064709 -340.607612 653.151236 0.094062 0.772141 -0.635432 0.004829 -0.000763
1630598246.315341 -340.292236 651.338433 0.088274 0.771836 -0.635803 0.004903 -0.000837
1630598246.565341 -339.971577 649.480864 0.083928 0.771684 -0.635980 0.005652 -0.001192
1630598246.815345 -339.644906 647.574508 0.079254 0.771446 -0.636250 0.007517 -0.000746
1630598247.065340 -339.307562 645.603703 0.079648 0.771190 -0.636540 0.009082 -0.000191
1630598247.315974 -338.959588 643.554787 0.084674 0.770944 -0.636840 0.008776 -0.001432
1630598247.565968 -338.597262 641.455927 0.086935 0.770863 -0.636943 0.008577 -0.000370
1630598247.815981 -338.219318 639.285604 0.090679 0.770805 -0.637051 0.004761 -0.001575
1630598248.065977 -337.837840 637.078186 0.081852 0.770817 -0.637024 0.006433 0.000946
1630598248.315984 -337.452490 634.805756 0.084695 0.770713 -0.637133 0.007901 0.001156
1630598248.566020 -337.050737 632.469827 0.092242 0.770883 -0.636932 0.007359 0.001637
1630598248.815993 -336.637213 630.076378 0.099303 0.770846 -0.636977 0.007018 0.002652
1630598249.066611 -336.223249 627.611573 0.108849 0.770786 -0.637043 0.008028 0.000777
1630598249.316623 -335.798888 625.095606 0.116500 0.770703 -0.637136 0.008611 0.000068
1630598249.566620 -335.361056 622.522416 0.123967 0.770586 -0.637272 0.009041 0.000166
1630598249.816631 -334.910454 619.894191 0.136492 0.770254 -0.637674 0.008823 0.001693
1630598250.065999 -334.459225 617.217534 0.152100 0.769633 -0.638435 0.007970 0.001595
1630598250.314757 -334.013104 614.516005 0.169344 0.768863 -0.639356 0.008480 0.001458
1630598250.564135 -333.571611 611.793626 0.192179 0.767976 -0.640426 0.008157 0.000407
1630598250.814136 -333.131480 609.066067 0.213660 0.767146 -0.641432 0.007133 0.000559
1630598251.064136 -332.699216 606.341330 0.231644 0.766398 -0.642329 0.006870 0.000653
1630598251.314764 -332.269635 603.607075 0.248694 0.766040 -0.642772 0.005200 0.000250
1630598251.564767 -331.843737 600.896225 0.260366 0.765728 -0.643147 0.004671 0.001063
1630598251.814778 -331.423559 598.205407 0.275760 0.765558 -0.643339 0.005336 0.002793
1630598252.064773 -331.002375 595.514330 0.293937 0.765497 -0.643431 0.002426 0.002112
1630598252.314797 -330.587220 592.838927 0.300049 0.765279 -0.643683 0.003031 0.003399
1630598252.565411 -330.180673 590.142609 0.309017 0.764940 -0.644085 0.004054 0.002473
1630598252.815413 -329.774654 587.430433 0.315632 0.764659 -0.644418 0.004622 0.001108
1630598253.065410 -329.361567 584.695023 0.317697 0.764250 -0.644912 0.003133 0.000192
1630598253.315423 -328.940988 581.956404 0.317447 0.763477 -0.645810 0.003615 0.004313
1630598253.565416 -328.526244 579.185223 0.328861 0.761908 -0.647669 -0.000057 0.004617
1630598253.815420 -328.143950 576.409776 0.333187 0.760126 -0.649768 -0.000105 0.002973
1630598254.066047 -327.769285 573.627482 0.331887 0.758324 -0.651873 -0.000723 0.002453
1630598254.316713 -327.404277 570.852762 0.328526 0.756504 -0.653974 -0.002138 0.003816
1630598254.566678 -327.059771 568.092456 0.323963 0.754790 -0.655944 -0.003335 0.004276
1630598254.816056 -326.734209 565.353034 0.319418 0.753087 -0.657891 -0.002917 0.005541
1630598255.066057 -326.424858 562.603691 0.315460 0.751344 -0.659883 -0.005155 0.003226
1630598255.316067 -326.128620 559.882282 0.300488 0.749713 -0.661727 -0.004556 0.005144
1630598255.565437 -325.851013 557.146724 0.282235 0.748090 -0.663526 -0.009540 -0.001778
1630598255.815444 -325.607751 554.454715 0.237025 0.746725 -0.665121 -0.002901 -0.002618
1630598256.065443 -325.360881 551.752877 0.205643 0.745889 -0.666033 -0.004278 -0.005555
1630598256.315460 -325.124009 549.072562 0.163348 0.744503 -0.667572 -0.003293 -0.007217
1630598256.565451 -324.908189 546.423094 0.124689 0.743511 -0.668691 0.003140 -0.005811
1630598256.816085 -324.688271 543.762052 0.110949 0.742093 -0.670260 0.005141 -0.004853
1630598257.066082 -324.487062 541.105625 0.104420 0.740818 -0.671626 0.009512 -0.004106
1630598257.316093 -324.286160 538.417204 0.112269 0.739652 -0.672888 0.011255 -0.003089
1630598257.566089 -324.082399 535.684214 0.121837 0.738756 -0.673906 0.009032 -0.002892
1630598257.816724 -323.885677 532.918452 0.126333 0.738064 -0.674656 0.010002 -0.001031
1630598258.066718 -323.691595 530.114743 0.141067 0.737591 -0.675175 0.009877 -0.000924
1630598258.316722 -323.501467 527.265998 0.152498 0.737203 -0.675609 0.008880 -0.002412
1630598258.566098 -323.315394 524.392051 0.156298 0.736754 -0.676085 0.009798 -0.002570
1630598258.816106 -323.134036 521.476405 0.166720 0.736275 -0.676559 0.012734 -0.002146
1630598259.064853 -322.942865 518.524928 0.186149 0.735864 -0.677040 0.010742 -0.002241
1630598259.314862 -322.752576 515.524013 0.197870 0.735364 -0.677598 0.009809 -0.001882
1630598259.564859 -322.574215 512.499828 0.214353 0.734691 -0.678276 0.013096 -0.000205
1630598259.815501 -322.396227 509.421897 0.248632 0.734051 -0.678967 0.013103 -0.000673
1630598260.065493 -322.220677 506.330078 0.283302 0.733282 -0.679768 0.014479 0.001567
1630598260.315510 -322.044599 503.193276 0.328854 0.732146 -0.681045 0.011793 0.001090
1630598260.566121 -321.885987 500.026791 0.363064 0.730762 -0.682518 0.012416 0.001397
1630598260.816130 -321.746186 496.835248 0.401126 0.728371 -0.685058 0.012981 0.001643
1630598261.066753 -321.627718 493.600393 0.441504 0.725631 -0.687963 0.012852 0.001412
1630598261.316760 -321.532324 490.344693 0.482728 0.722950 -0.690777 0.012919 0.001924
1630598261.566757 -321.465651 487.056691 0.525909 0.720483 -0.693335 0.013733 0.001303
1630598261.816767 -321.416397 483.740956 0.570480 0.718461 -0.695416 0.014377 0.002178
1630598262.066138 -321.381370 480.398002 0.621440 0.716760 -0.697194 0.013176 0.001786
1630598262.315527 -321.359196 477.043415 0.669328 0.715285 -0.698721 0.012272 0.002275
1630598262.565519 -321.357685 473.670483 0.715383 0.713979 -0.700066 0.011872 0.000847
1630598262.814898 -321.367911 470.309197 0.755883 0.712724 -0.701339 0.012177 0.000320
1630598263.064901 -321.386715 466.948365 0.800448 0.711478 -0.702602 0.012196 0.000464
1630598263.314916 -321.419913 463.595022 0.843754 0.710348 -0.703752 0.011753 -0.000492
1630598263.565536 -321.458908 460.252024 0.884139 0.709517 -0.704583 0.012160 0.000409
1630598263.815542 -321.503050 456.924166 0.928480 0.708990 -0.705132 0.011051 0.000024
1630598264.065538 -321.547203 453.624853 0.971189 0.708628 -0.705489 0.011237 0.002289
1630598264.316169 -321.601670 450.328851 1.021439 0.708206 -0.705920 0.010960 0.000879
1630598264.566801 -321.664770 447.058192 1.064652 0.707739 -0.706364 0.012479 0.000228
1630598264.816802 -321.720822 443.814735 1.111168 0.707337 -0.706771 0.012082 0.001594
1630598265.066799 -321.774927 440.572451 1.155289 -0.707053 0.707106 -0.008648 -0.001345
1630598265.316806 -321.837126 437.346763 1.186360 -0.706513 0.707653 -0.007965 -0.001543
1630598265.566182 -321.908357 434.144970 1.219243 -0.706439 0.707706 -0.009534 -0.002293
1630598265.815561 -321.982277 430.948631 1.259347 -0.706118 0.708017 -0.010288 -0.002083
1630598266.065561 -322.058690 427.748730 1.299067 -0.705965 0.708172 -0.010267 -0.000910
1630598266.315568 -322.132451 424.560530 1.333989 -0.705728 0.708407 -0.010289 -0.001024
1630598266.565572 -322.206849 421.382983 1.369627 -0.705505 0.708628 -0.010253 -0.001696
1630598266.815573 -322.287655 418.213542 1.409639 -0.705288 0.708838 -0.010711 -0.001560
1630598267.066196 -322.365585 415.041197 1.449089 -0.705045 0.709096 -0.009621 -0.001362
1630598267.316205 -322.446063 411.888975 1.485411 -0.704818 0.709318 -0.009857 -0.001859
1630598267.566829 -322.532409 408.731729 1.519923 -0.704543 0.709600 -0.009287 -0.000570
1630598267.816832 -322.618384 405.593425 1.548335 -0.704325 0.709814 -0.009444 -0.000839
1630598268.066834 -322.710062 402.456063 1.577467 -0.704121 0.710012 -0.009787 0.000474
1630598268.316226 -322.800955 399.326073 1.600597 -0.703964 0.710173 -0.009376 0.001121
1630598268.565592 -322.889609 396.193991 1.619495 -0.704199 0.709935 -0.009790 0.000466
1630598268.815598 -322.981936 393.036417 1.639802 -0.704503 0.709624 -0.010264 0.001826
1630598269.065593 -323.071055 389.865134 1.657609 -0.704761 0.709357 -0.010820 0.002547
1630598269.316231 -323.150503 386.669835 1.673483 -0.705059 0.709076 -0.009995 0.001727
1630598269.566857 -323.228788 383.456080 1.689165 -0.705406 0.708741 -0.009319 0.001297
1630598269.816859 -323.304704 380.233251 1.703577 -0.705665 0.708483 -0.009386 0.000532
1630598270.067481 -323.381879 376.974028 1.719378 -0.705815 0.708347 -0.008175 0.001542
1630598270.316871 -323.457483 373.718513 1.728307 -0.705973 0.708180 -0.009128 0.000596
1630598270.565619 -323.531956 370.442292 1.743917 -0.706124 0.708031 -0.008993 0.000347
1630598270.814994 -323.603501 367.128725 1.757424 -0.706222 0.707946 -0.007938 0.000387
1630598271.064369 -323.678708 363.787060 1.765589 -0.706355 0.707814 -0.007805 0.000885
1630598271.314372 -323.754630 360.406902 1.769532 -0.706483 0.707687 -0.007486 0.001990
1630598271.564374 -323.825401 356.998003 1.770027 -0.706710 0.707464 -0.007344 0.001348
1630598271.814382 -323.892984 353.554091 1.770362 -0.706900 0.707284 -0.006420 0.000930
1630598272.065003 -323.961728 350.067767 1.768325 -0.707053 0.707133 -0.006102 0.001186
1630598272.315013 -324.032080 346.555207 1.763818 0.707266 -0.706921 0.006023 -0.001526
1630598272.565011 -324.103520 343.007160 1.756559 0.707259 -0.706922 0.006347 -0.002119
1630598272.815037 -324.178418 339.423727 1.747919 0.707273 -0.706895 0.007440 -0.002904
1630598273.065639 -324.253721 335.792387 1.739259 0.707338 -0.706823 0.007618 -0.003985
1630598273.315649 -324.330289 332.131654 1.725313 0.707514 -0.706634 0.008075 -0.005267
1630598273.566272 -324.399637 328.430326 1.711057 0.707391 -0.706761 0.008335 -0.004109
1630598273.816278 -324.469149 324.705597 1.703107 -0.706729 0.707449 -0.006374 0.003077
1630598274.066902 -324.558738 320.948142 1.683719 -0.705499 0.708656 -0.004163 0.007781
1630598274.317533 -324.654756 317.206452 1.652705 -0.704408 0.709747 -0.006170 0.005597
1630598274.567535 -324.758203 313.461951 1.635322 -0.703930 0.710222 -0.004488 0.006867
1630598274.816912 -324.864118 309.737849 1.608492 -0.703946 0.710207 -0.003656 0.007182
1630598275.065663 -324.971158 306.035736 1.577604 -0.703942 0.710210 -0.003847 0.007210
1630598275.315673 -325.076105 302.328634 1.548730 -0.704414 0.709746 -0.003844 0.006806
1630598275.565047 -325.171376 298.639790 1.519164 -0.704976 0.709191 -0.002383 0.007222
1630598275.814427 -325.262886 294.969648 1.482886 -0.705696 0.708475 -0.002674 0.006957
1630598276.065048 -325.347117 291.293138 1.448514 -0.706312 0.707858 -0.002459 0.007286
1630598276.315068 -325.424452 287.639698 1.411520 -0.706954 0.707219 -0.002484 0.007135
1630598276.565680 -325.498372 283.987396 1.371402 0.707888 -0.706261 0.002109 -0.009275
1630598276.815683 -325.557399 280.370410 1.326351 0.708959 -0.705185 0.002840 -0.009146
1630598277.066309 -325.600425 276.769024 1.286760 0.710064 -0.704080 0.002368 -0.008666
1630598277.316318 -325.632105 273.208908 1.245855 0.711060 -0.703068 0.000803 -0.009408
1630598277.566940 -325.658000 269.698697 1.201565 0.711990 -0.702132 0.001953 -0.008776
1630598277.816949 -325.680747 266.246223 1.166229 0.712803 -0.701287 0.003062 -0.009937
1630598278.066947 -325.689858 262.852399 1.133382 0.713618 -0.700462 0.003550 -0.009420
1630598278.316331 -325.691552 259.519308 1.103060 0.714461 -0.699589 0.002511 -0.010698
1630598278.565708 -325.682153 256.264693 1.063918 0.715028 -0.699016 0.001783 -0.010458
1630598278.814455 -325.667566 253.092852 1.025706 0.715570 -0.698461 0.000721 -0.010525
1630598279.064457 -325.650921 249.989032 0.985098 0.716078 -0.697937 0.000442 -0.010756
1630598279.314465 -325.632961 246.972817 0.945977 0.716275 -0.697724 0.000024 -0.011501
1630598279.564466 -325.610616 244.058459 0.908261 0.715810 -0.698229 -0.000007 -0.009631
1630598279.815094 -325.596344 241.228667 0.876789 0.714782 -0.699292 -0.000450 -0.008747
1630598280.065719 -325.596935 238.491448 0.845150 0.712973 -0.701131 -0.001041 -0.009197
1630598280.315727 -325.612797 235.860662 0.811810 0.711200 -0.702927 -0.001380 -0.009296
1630598280.565725 -325.639308 233.335272 0.779416 0.709501 -0.704645 -0.001510 -0.009026
1630598280.816355 -325.675515 230.918289 0.748188 0.707973 -0.706179 -0.001640 -0.009098
1630598281.066354 -325.725515 228.619617 0.717743 -0.706974 0.707154 0.001808 0.010872
1630598281.316361 -325.770128 226.438808 0.687053 -0.706754 0.707377 0.001742 0.010680
1630598281.566992 -325.818429 224.368444 0.655877 -0.706408 0.707742 -0.000951 0.009388
1630598281.816992 -325.862389 222.397410 0.636065 -0.706274 0.707862 0.000014 0.010403
1630598282.066989 -325.906286 220.542384 0.612329 -0.706129 0.708004 -0.000446 0.010558
1630598282.316374 -325.943288 218.796964 0.590532 -0.705981 0.708156 0.000213 0.010329
1630598282.565753 -325.985014 217.151125 0.568252 -0.706279 0.707850 -0.000889 0.010858
1630598282.814506 -326.019254 215.604001 0.548874 -0.706421 0.707713 -0.001468 0.010479
1630598283.064500 -326.062723 214.144400 0.530527 -0.706665 0.707445 -0.003923 0.011426
1630598283.314506 -326.082196 212.750838 0.515686 -0.706705 0.707394 0.000138 0.012739
1630598283.565135 -326.120030 211.460812 0.499049 -0.706408 0.707673 -0.003085 0.013314
1630598283.815140 -326.139402 210.261499 0.475907 -0.706684 0.707441 -0.003451 0.010674
1630598284.065141 -326.170564 209.129526 0.468640 -0.706381 0.707714 -0.003880 0.012347
1630598284.315779 -326.198573 208.072468 0.454531 -0.706324 0.707762 -0.005575 0.012186
1630598284.565769 -326.218651 207.076805 0.443580 -0.706248 0.707849 -0.005348 0.011601
1630598284.816405 -326.244815 206.141677 0.433820 -0.706404 0.707672 -0.006059 0.012539
1630598285.066401 -326.261918 205.267380 0.424615 -0.706973 0.707102 -0.005540 0.012834
1630598285.317033 -326.276723 204.456352 0.416186 0.708370 -0.705693 0.005890 -0.013212
1630598285.567034 -326.284294 203.718431 0.409451 0.710433 -0.703620 0.006671 -0.012603
1630598285.817040 -326.282151 203.046726 0.403275 0.712728 -0.701317 0.007074 -0.011107
1630598286.066413 -326.276692 202.441317 0.395049 0.715193 -0.698812 0.007310 -0.010337
1630598286.315799 -326.265938 201.902438 0.393688 0.717730 -0.696216 0.006445 -0.010222
1630598286.564548 -326.248064 201.431186 0.389489 0.719947 -0.693952 0.005028 -0.009015
1630598286.813927 -326.237863 201.019825 0.387649 0.721743 -0.692081 0.005070 -0.009220
1630598287.063924 -326.226908 200.661104 0.384318 0.723393 -0.690355 0.004980 -0.009369
1630598287.314561 -326.215536 200.355878 0.383612 0.724781 -0.688897 0.004589 -0.009604
1630598287.564556 -326.204023 200.107274 0.379275 0.725975 -0.687648 0.005178 -0.008641
1630598287.815182 -326.194017 199.894055 0.379883 0.726681 -0.686901 0.004469 -0.009091
1630598288.065184 -326.184926 199.723110 0.378104 0.727647 -0.685882 0.004258 -0.008864
1630598288.315195 -326.178068 199.589143 0.376513 0.728165 -0.685331 0.004023 -0.008956
1630598288.565190 -326.169156 199.490550 0.375469 0.728543 -0.684939 0.003290 -0.008528
1630598288.815819 -326.165671 199.425822 0.374603 0.728853 -0.684611 0.003257 -0.008456
1630598289.065819 -326.163303 199.392393 0.373993 0.729011 -0.684443 0.003190 -0.008344
1630598289.316451 -326.163214 199.390469 0.373952 0.729007 -0.684449 0.003314 -0.008251
1630598289.566455 -326.163215 199.390822 0.373955 0.729004 -0.684454 0.003556 -0.007992
1630598289.816459 -326.163217 199.390964 0.373955 0.729023 -0.684434 0.003656 -0.007889
1630598290.066455 -326.163225 199.390910 0.373955 0.729026 -0.684431 0.003625 -0.007934
1630598290.317083 -326.163230 199.390910 0.373955 0.729017 -0.684440 0.003629 -0.007938
1630598290.567093 -326.163203 199.390915 0.373956 0.729009 -0.684449 0.003611 -0.007916
1630598290.817097 -326.163204 199.390938 0.373955 0.729001 -0.684458 0.003629 -0.007899
1630598291.066469 -326.163202 199.390922 0.373955 0.729003 -0.684456 0.003616 -0.007910
1630598291.315851 -326.163189 199.390916 0.373956 0.729005 -0.684453 0.003603 -0.007906
1630598291.565223 -326.163142 199.390916 0.373956 0.729004 -0.684455 0.003568 -0.007872
1630598291.813980 -326.163177 199.390925 0.373956 0.729000 -0.684459 0.003600 -0.007890
1630598292.063977 -326.163187 199.390905 0.373956 0.728998 -0.684460 0.003594 -0.007912
1630598292.314620 -326.163191 199.390924 0.373957 0.729003 -0.684456 0.003610 -0.007901
1630598292.564613 -326.163176 199.390887 0.373956 0.729007 -0.684451 0.003573 -0.007917
1630598292.814616 -326.163165 199.390910 0.373956 0.729004 -0.684455 0.003581 -0.007893
1630598293.064614 -326.163176 199.390906 0.373957 0.729007 -0.684452 0.003587 -0.007904
1630598293.315243 -326.163155 199.390874 0.373957 0.729004 -0.684454 0.003549 -0.007913
1630598293.565249 -326.163159 199.390869 0.373956 0.729005 -0.684454 0.003548 -0.007919
1630598293.815884 -326.163166 199.390862 0.373956 0.729011 -0.684447 0.003549 -0.007928
1630598294.065877 -326.163139 199.390777 0.373956 0.729015 -0.684443 0.003471 -0.007972
1630598294.315889 -326.163145 199.390751 0.373956 0.729014 -0.684443 0.003457 -0.007996
1630598294.566508 -326.163130 199.390721 0.373955 0.729006 -0.684452 0.003423 -0.008008
1630598294.816508 -326.163131 199.390732 0.373955 0.729009 -0.684449 0.003433 -0.008000
1630598295.066511 -326.163129 199.390717 0.373955 0.729007 -0.684451 0.003420 -0.008010
1630598295.316518 -326.162995 199.390681 0.374244 0.728987 -0.684472 0.003432 -0.007998
1630598295.567145 -326.162990 199.389349 0.374124 0.728993 -0.684465 0.003625 -0.007953
1630598295.817148 -326.161980 199.377616 0.373593 0.729071 -0.684383 0.003892 -0.007743
1630598296.067147 -326.159850 199.345617 0.373095 0.729335 -0.684102 0.004177 -0.007555
1630598296.316529 -326.154380 199.281723 0.371834 0.730240 -0.683139 0.004512 -0.007067
1630598296.565902 -326.145013 199.186672 0.373139 0.732186 -0.681053 0.003874 -0.007401
1630598296.815290 -326.131918 199.067477 0.371958 0.735343 -0.677645 0.003982 -0.007167
1630598297.064659 -326.112258 198.922507 0.372333 0.739836 -0.672740 0.003615 -0.007100
1630598297.314664 -326.085968 198.756596 0.371840 0.745566 -0.666388 0.003369 -0.006812
1630598297.564665 -326.052544 198.569180 0.371565 0.752373 -0.658695 0.003195 -0.006732
1630598297.814675 -326.010368 198.357540 0.368417 0.761827 -0.647731 0.004426 -0.006642
1630598298.064670 -325.942336 198.078278 0.360736 0.777089 -0.629301 0.009281 -0.005098
1630598298.314676 -325.797172 197.663314 0.361097 0.800454 -0.599306 0.009333 -0.004290
1630598298.565305 -325.544921 197.128809 0.359539 0.828756 -0.559581 0.005258 -0.002111
1630598298.815303 -325.198171 196.515150 0.354076 0.857329 -0.514749 0.004240 -0.001197
1630598299.065932 -324.731608 195.831054 0.347338 0.884875 -0.465804 0.003161 -0.003495
1630598299.316567 -324.104387 195.128294 0.335720 0.908547 -0.417779 -0.001742 -0.000046
1630598299.566568 -323.383673 194.429178 0.327727 0.927101 -0.374735 -0.007504 -0.000838
1630598299.817192 -322.625568 193.766247 0.304718 0.942243 -0.334820 -0.006196 -0.005985
1630598300.067817 -321.784583 193.193435 0.285643 0.953916 -0.299925 -0.009289 -0.001505
1630598300.317209 -320.961389 192.676995 0.262936 0.962330 -0.271686 -0.010262 -0.001549
1630598300.566582 -320.169127 192.229702 0.242041 0.968134 -0.250198 -0.010770 -0.001057
1630598300.815955 -319.421020 191.844375 0.226012 0.972457 -0.232744 -0.012539 -0.000590
1630598301.065331 -318.720271 191.497668 0.206881 0.975795 -0.218465 -0.009672 -0.001948
1630598301.314722 -318.067525 191.116719 0.199939 0.978219 -0.206782 0.002524 -0.017965
1630598301.564717 -317.428622 190.856949 0.210903 0.980455 -0.195449 0.020175 -0.010077
1630598301.814720 -316.734713 190.681666 0.198389 0.982483 -0.184154 0.025579 0.012674
1630598302.065344 -316.074004 190.316666 0.198291 0.984346 -0.173441 0.030156 -0.008474
1630598302.316605 -315.327603 190.053891 0.273389 0.986215 -0.164373 0.016522 -0.009423
1630598302.565990 -314.546997 189.880460 0.298781 0.987742 -0.155538 0.009508 0.009101
1630598302.815982 -313.762782 189.543518 0.298688 0.988928 -0.147348 0.015255 -0.008837
1630598303.065982 -312.847462 189.316053 0.330051 0.990273 -0.138792 0.009785 0.000973
1630598303.316621 -311.886631 189.053710 0.327734 0.991428 -0.130024 0.012287 0.003516
1630598303.566621 -310.849394 188.732395 0.348523 0.992700 -0.119946 0.010986 -0.006228
1630598303.816626 -309.722137 188.496822 0.358621 0.994151 -0.107471 0.010552 0.001575
1630598304.067249 -308.506673 188.239265 0.368730 0.995526 -0.094142 0.008110 0.000561
1630598304.317259 -307.209630 187.978682 0.374681 0.996532 -0.082940 0.005451 -0.003907
1630598304.567263 -305.860892 187.770253 0.389410 0.997126 -0.074683 0.012553 0.002040
1630598304.816636 -304.403939 187.520546 0.388702 0.997677 -0.066598 0.014165 -0.002035
1630598305.066012 -302.815005 187.297971 0.424418 0.998148 -0.060442 0.006675 -0.001698
1630598305.315397 -301.154761 187.076001 0.417187 0.998417 -0.055319 0.009918 -0.002037
1630598305.565400 -299.368112 186.849852 0.427411 0.998732 -0.049468 0.008208 -0.004352
1630598305.815402 -297.468790 186.643990 0.427363 0.999025 -0.043809 0.003668 -0.004028
1630598306.066026 -295.504906 186.438184 0.427153 0.999206 -0.038212 0.008699 -0.007179
1630598306.316031 -293.470107 186.274869 0.441780 0.999364 -0.031657 0.016301 -0.001936
1630598306.566656 -291.308031 186.119573 0.486726 0.999677 -0.024834 0.005112 -0.001572
1630598306.817290 -289.136148 185.986407 0.490209 0.999808 -0.018085 0.006761 -0.003235
1630598307.067302 -286.922740 185.888595 0.500974 0.999898 -0.011462 0.008473 -0.000859
1630598307.317296 -284.642004 185.812215 0.520606 0.999964 -0.006208 0.005739 -0.001136
1630598307.567295 -282.320949 185.757545 0.523866 0.999982 -0.001375 0.005769 -0.000398
1630598307.816679 -279.962316 185.708047 0.532842 0.999981 0.001941 0.005120 -0.002784
1630598308.066052 -277.570709 185.674505 0.538777 0.999971 0.005542 0.002535 -0.004571
1630598308.315445 -275.179115 185.663479 0.538774 0.999947 0.008449 0.002919 -0.005094
1630598308.565441 -272.797924 185.676758 0.550002 0.999924 0.009939 0.007182 -0.000909
1630598308.815442 -270.394637 185.701916 0.572524 0.999928 0.011184 0.002707 0.003263
1630598309.066064 -268.011314 185.710618 0.581382 0.999921 0.011128 0.005856 0.000902
1630598309.316075 -265.636616 185.713903 0.603221 0.999926 0.010732 0.005536 0.001178
1630598309.566697 -263.268651 185.723871 0.623174 0.999935 0.009158 0.005983 0.003142
1630598309.817331 -260.913875 185.729819 0.644043 0.999940 0.008107 0.004932 0.005453
1630598310.067329 -258.592542 185.716328 0.660616 0.999954 0.006384 0.004852 0.005241
1630598310.317370 -256.307245 185.700180 0.684308 0.999940 0.004330 0.008274 0.005794
1630598310.566709 -254.023383 185.661731 0.716607 0.999994 0.001370 0.002286 0.002183
1630598310.816089 -251.801862 185.613669 0.722930 0.999970 -0.001063 0.007367 0.002298
1630598311.066090 -249.566381 185.551682 0.749128 0.999987 -0.003618 0.003641 0.000464
1630598311.316097 -247.358062 185.474341 0.756949 0.999970 -0.006083 0.002618 -0.003973
1630598311.566097 -245.185842 185.409127 0.764719 0.999932 -0.009981 0.006028 0.000309
1630598311.816728 -243.006698 185.320933 0.785456 0.999863 -0.015780 0.003587 0.003592
1630598312.067353 -240.853320 185.192697 0.794438 0.999639 -0.026156 0.003249 0.005303
1630598312.317365 -238.732457 184.991682 0.801485 0.999094 -0.042321 0.002599 0.003783
1630598312.567369 -236.657536 184.701678 0.809375 0.997859 -0.065377 0.001710 0.001065
1630598312.816741 -234.642127 184.317681 0.812782 0.995511 -0.094637 0.000773 0.001411
1630598313.066130 -232.685501 183.806733 0.813910 0.991577 -0.129499 0.001517 0.001612
1630598313.314878 -230.815515 183.160193 0.820955 0.985754 -0.168008 0.007837 0.001247
1630598313.564252 -228.990171 182.348629 0.845408 0.978095 -0.208096 0.004611 -0.002395
1630598313.813633 -227.267103 181.413706 0.855259 0.968588 -0.248590 0.005993 -0.001954
1630598314.064259 -225.629064 180.342730 0.865848 0.956799 -0.290678 0.006349 -0.001643
1630598314.313642 -224.100671 179.126203 0.883481 0.941781 -0.336204 0.002708 -0.002981
1630598314.563648 -222.713684 177.809465 0.887140 0.925238 -0.379200 0.010513 0.005708
1630598314.814271 -221.418394 176.320560 0.916917 0.907175 -0.420639 0.007177 0.006721
1630598315.063646 -220.231931 174.704102 0.937193 0.887946 -0.459894 -0.001470 0.006880
1630598315.313027 -219.203238 172.968020 0.928365 0.870518 -0.492134 0.000840 0.001316
1630598315.563028 -218.259756 171.159798 0.922793 0.856558 -0.516022 0.004032 0.003549
1630598315.813656 -217.368214 169.244437 0.928231 0.845832 -0.533447 0.001286 0.000505
1630598316.063660 -216.544639 167.279364 0.917689 0.838014 -0.545626 0.003524 -0.003535
1630598316.314304 -215.747114 165.254273 0.903896 0.833036 -0.553146 0.005019 -0.007473
1630598316.564291 -214.954638 163.191882 0.886163 0.829345 -0.558646 0.003701 -0.009430
1630598316.814299 -214.179485 161.098606 0.859437 0.826066 -0.563466 0.005545 -0.009456
1630598317.064925 -213.407397 158.956962 0.838991 0.823199 -0.567646 0.004867 -0.009916
1630598317.314926 -212.653404 156.790541 0.814995 0.821750 -0.569675 0.005678 -0.012841
1630598317.564929 -211.899525 154.617661 0.790551 0.821591 -0.569868 0.006931 -0.013817
1630598317.815561 -211.137948 152.426602 0.767297 0.822357 -0.568669 0.006973 -0.017198
1630598318.065563 -210.357386 150.258686 0.740075 0.824428 -0.565717 0.006865 -0.015355
1630598318.315577 -209.551317 148.106419 0.718412 0.826605 -0.562603 0.006114 -0.012783
1630598318.566193 -208.729643 145.954637 0.702616 0.829287 -0.558676 0.003868 -0.012259
1630598318.816202 -207.900203 143.837086 0.679726 0.832311 -0.554185 0.005824 -0.010198
1630598319.066202 -207.042683 141.723931 0.666962 0.837482 -0.546312 0.004472 -0.012116
1630598319.316834 -206.147944 139.641267 0.647736 0.843935 -0.536231 0.005409 -0.014161
1630598319.567455 -205.209463 137.601275 0.629201 0.851519 -0.524018 0.008003 -0.016007
1630598319.817467 -204.207365 135.609493 0.616724 0.859812 -0.510274 0.008449 -0.016476
1630598320.067462 -203.143903 133.668212 0.604975 0.868643 -0.495086 0.011345 -0.014851
1630598320.317474 -201.987323 131.744852 0.603379 0.877330 -0.479627 0.005901 -0.014633
1630598320.566852 -200.787806 129.875979 0.586381 0.885532 -0.464278 0.009531 -0.013714
1630598320.816225 -199.497989 128.033590 0.583579 0.894306 -0.447196 0.007217 -0.013440
1630598321.066226 -198.124754 126.245113 0.575904 0.902739 -0.430032 0.006152 -0.009813
1630598321.316235 -196.680925 124.507213 0.571982 0.910725 -0.412930 0.006170 -0.005532
1630598321.566233 -195.153609 122.804137 0.572218 0.918447 -0.395534 0.000932 -0.002837
1630598321.816863 -193.561193 121.137634 0.559181 0.925659 -0.378331 -0.001210 -0.004381
1630598322.066861 -191.929651 119.523438 0.537089 0.932408 -0.361315 0.003212 -0.007486
1630598322.317502 -190.215248 117.957465 0.527047 0.938883 -0.344081 0.004593 -0.009301
1630598322.568127 -188.423459 116.453056 0.519337 0.945064 -0.326731 0.004122 -0.009131
1630598322.818126 -186.571065 115.012672 0.510922 0.950826 -0.309604 0.003008 -0.008094
1630598323.068128 -184.661986 113.631561 0.500163 0.955826 -0.293831 0.003270 -0.006978
1630598323.316883 -182.700347 112.308416 0.491597 0.959393 -0.282045 0.000434 -0.004078
1630598323.565633 -180.713481 111.014671 0.476126 0.962113 -0.272635 0.001093 -0.002648
1630598323.815016 -178.686242 109.738803 0.465076 0.964360 -0.264570 0.001252 -0.003303
1630598324.065018 -176.619559 108.487045 0.454183 0.965543 -0.260242 0.000242 -0.000935
1630598324.315035 -174.538707 107.247739 0.445528 0.966244 -0.257610 0.001449 0.002687
1630598324.565030 -172.434030 106.013814 0.443196 0.966721 -0.255749 0.000803 0.006541
1630598324.815658 -170.320759 104.744969 0.441652 0.966997 -0.254779 0.000351 0.002054
1630598325.065655 -168.211047 103.477133 0.434537 0.966893 -0.255164 0.002923 -0.000674
1630598325.316285 -166.071211 102.205760 0.434890 0.966715 -0.255842 0.002714 -0.000526
1630598325.566907 -163.923079 100.925586 0.433265 0.966565 -0.256400 0.003443 -0.000437
1630598325.816926 -161.755052 99.631950 0.430097 0.966493 -0.256685 -0.001269 -0.001654
1630598326.066919 -159.612647 98.346032 0.415494 0.966125 -0.258046 0.003729 -0.001001
1630598326.317560 -157.446188 97.027242 0.418005 0.965690 -0.259666 0.001065 -0.003828
1630598326.567558 -155.289826 95.710768 0.405016 0.965150 -0.261661 -0.000144 -0.004295
1630598326.817558 -153.146561 94.402065 0.389936 0.964712 -0.263289 0.002474 -0.001695
1630598327.067556 -151.004918 93.070598 0.389673 0.964146 -0.265335 0.002413 -0.003667
1630598327.316316 -148.894478 91.736878 0.386782 0.963899 -0.266157 0.004522 -0.006210
1630598327.565690 -146.767213 90.411574 0.393178 0.963888 -0.266239 0.003027 -0.005180
1630598327.815692 -144.643176 89.087002 0.389785 0.963974 -0.265934 0.002870 -0.005053
1630598328.065069 -142.539460 87.758405 0.385934 0.963932 -0.266005 0.002221 -0.008480
1630598328.315074 -140.444092 86.449658 0.379895 0.963966 -0.265899 0.002455 -0.007786
1630598328.565081 -138.354474 85.141932 0.374281 0.963998 -0.265729 -0.001014 -0.009768
1630598328.815705 -136.290180 83.842860 0.350385 0.963998 -0.265645 -0.000096 -0.011905
1630598329.066332 -134.242539 82.565437 0.328981 0.964034 -0.265547 0.000615 -0.011129
1630598329.316339 -132.212053 81.312153 0.313548 0.964071 -0.265503 -0.001022 -0.008562
1630598329.566971 -130.205869 80.070675 0.290459 0.963939 -0.266007 -0.002745 -0.007394
1630598329.816970 -128.239068 78.844350 0.268957 0.963843 -0.266381 -0.002586 -0.006416
1630598330.067596 -126.288790 77.636087 0.243779 0.963361 -0.268143 -0.004761 -0.003356
1630598330.317604 -124.385616 76.448969 0.218110 0.961653 -0.274150 -0.006408 0.004851
1630598330.568234 -122.548545 75.219275 0.196556 0.957223 -0.289201 -0.008365 0.004023
1630598330.818237 -120.823162 73.932847 0.166802 0.950604 -0.310318 -0.007399 0.001007
1630598331.066984 -119.178054 72.577284 0.127583 0.942193 -0.334766 -0.014046 -0.002688
1630598331.316369 -117.635155 71.191360 0.077460 0.932724 -0.360423 -0.010935 0.001167
1630598331.565741 -116.215809 69.720328 0.033250 0.921370 -0.388661 -0.004421 0.001064
1630598331.815124 -114.860453 68.138662 0.007444 0.909321 -0.415762 -0.015540 -0.005921
1630598332.065122 -113.646180 66.534744 -0.060418 0.896422 -0.442990 -0.012015 -0.006520
1630598332.315763 -112.524923 64.843718 -0.127485 0.882703 -0.469575 -0.015412 -0.009873
1630598332.565754 -111.524655 63.091731 -0.199419 0.868437 -0.495268 -0.013557 -0.018514
1630598332.815134 -110.634683 61.365855 -0.280020 0.854431 -0.519514 0.001399 -0.007131
1630598333.065760 -109.794486 59.494465 -0.294778 0.842825 -0.537955 -0.006655 -0.014382
1630598333.315770 -109.039140 57.636604 -0.360928 0.831795 -0.554905 -0.004533 -0.013321
1630598333.566391 -108.355636 55.736419 -0.408258 0.824333 -0.565844 -0.002001 -0.017052
1630598333.817020 -107.688906 53.862079 -0.452623 0.817151 -0.576378 0.002128 -0.006979
1630598334.067025 -107.063194 51.922827 -0.474538 0.809574 -0.586934 -0.005602 -0.008177
1630598334.317033 -106.530029 49.972470 -0.519813 0.802751 -0.596121 -0.003117 -0.014870
1630598334.567036 -106.014415 48.042732 -0.571352 0.798445 -0.601944 0.001228 -0.012165
1630598334.817038 -105.502121 46.098592 -0.600537 0.794895 -0.606685 0.000046 -0.008701
1630598335.067661 -105.002684 44.119090 -0.634134 0.793439 -0.608492 -0.006762 -0.012064
1630598335.317668 -104.532364 42.204501 -0.678878 0.792897 -0.609331 0.001582 -0.005199
1630598335.567666 -104.053870 40.236995 -0.693552 0.792151 -0.610220 -0.002588 -0.010998
1630598335.817052 -103.586030 38.295448 -0.732621 0.791889 -0.610600 -0.000222 -0.008914
1630598336.067049 -103.111473 36.335051 -0.771377 0.791348 -0.611316 0.001681 -0.007696
1630598336.315809 -102.626357 34.354418 -0.789861 0.790848 -0.611956 -0.003090 -0.007754
1630598336.565812 -102.167780 32.373327 -0.829518 0.790190 -0.612813 0.002451 -0.007341
1630598336.815814 -101.700951 30.349670 -0.853106 0.789375 -0.613775 -0.001689 -0.012821
1630598337.065812 -101.262056 28.352484 -0.897878 0.788559 -0.614758 0.004191 -0.015162
1630598337.316440 -100.796919 26.348018 -0.924034 0.787957 -0.615572 0.003825 -0.013410
1630598337.566442 -100.345557 24.358334 -0.949509 0.787116 -0.616667 0.005363 -0.011897
1630598337.816448 -99.887243 22.361158 -0.973022 0.786800 -0.617118 0.002890 -0.010111
1630598338.067074 -99.434895 20.351549 -0.999593 0.787218 -0.616543 0.000046 -0.012718
1630598338.317081 -98.985154 18.364145 -1.040902 0.787533 -0.616127 0.000261 -0.013396
1630598338.567084 -98.536762 16.397157 -1.074652 0.787481 -0.616242 0.001795 -0.010727
1630598338.817087 -98.116637 14.410486 -1.108665 0.787546 -0.615892 0.002260 -0.021049
1630598339.067715 -97.699571 12.491940 -1.138705 0.787593 -0.615776 0.009196 -0.020811
1630598339.317719 -97.262047 10.603345 -1.168449 0.789486 -0.613371 0.009697 -0.019853
1630598339.567095 -96.796894 8.755326 -1.180066 0.790369 -0.612412 0.003030 -0.016103
1630598339.817101 -96.351684 6.952463 -1.221603 0.791098 -0.611551 0.001711 -0.012899
1630598340.067101 -95.925352 5.199845 -1.234581 0.792261 -0.610060 0.002531 -0.011964
1630598340.317120 -95.498879 3.520734 -1.258436 0.793770 -0.608156 0.005965 -0.006273
1630598340.567114 -95.071505 1.869805 -1.254005 0.798964 -0.601305 0.002825 -0.009041
1630598340.817741 -94.637449 0.302124 -1.266299 0.807719 -0.589416 0.008431 -0.010339
1630598341.067741 -94.133034 -1.227966 -1.265359 0.821480 -0.569977 0.007498 -0.015538
1630598341.317749 -93.556660 -2.677543 -1.271338 0.838911 -0.543930 0.010616 -0.015972
1630598341.567121 -92.878420 -4.050574 -1.277386 0.858437 -0.512541 0.013749 -0.014045
1630598341.816507 -92.069369 -5.372725 -1.267522 0.878093 -0.478260 0.005409 -0.013853
1630598342.065253 -91.162163 -6.598237 -1.275611 0.898011 -0.439816 -0.000925 -0.011706
1630598342.315297 -90.202700 -7.736623 -1.286957 0.916059 -0.400778 0.004722 -0.013815
1630598342.565265 -89.149724 -8.784645 -1.298565 0.932592 -0.360439 0.007891 -0.017141
1630598342.815269 -88.019713 -9.754666 -1.296686 0.946726 -0.321064 0.008568 -0.023550
1630598343.065891 -86.799279 -10.585751 -1.303090 0.959728 -0.280085 0.010019 -0.019323
1630598343.316520 -85.574508 -11.370267 -1.282418 0.969604 -0.241245 0.027706 -0.030035
1630598343.565896 -84.236985 -11.990475 -1.243590 0.979099 -0.198665 0.037590 -0.022022
1630598343.816528 -82.765063 -12.567349 -1.155937 0.986336 -0.159503 0.028863 -0.029432
1630598344.067157 -81.229239 -12.990453 -1.088734 0.991873 -0.122417 0.025457 -0.023550
1630598344.317785 -79.656056 -13.327886 -1.031000 0.995203 -0.090163 0.031737 -0.020842
1630598344.567788 -77.992651 -13.590941 -0.954111 0.997248 -0.065417 0.029856 -0.018056
1630598344.818416 -76.279920 -13.803481 -0.870328 0.998312 -0.043895 0.032655 -0.019483
1630598345.067793 -74.505813 -13.947567 -0.784366 0.998963 -0.022462 0.033316 -0.021409
1630598345.317175 -72.643651 -14.009731 -0.688733 0.999436 0.000646 0.026181 -0.021023
1630598345.565922 -70.740982 -13.998277 -0.615005 0.999171 0.023379 0.023188 -0.023949
1630598345.815935 -68.758415 -13.883346 -0.550008 0.998572 0.045556 0.015480 -0.023217
1630598346.065310 -66.726828 -13.650908 -0.509215 0.997858 0.063777 0.005705 -0.013377
1630598346.315938 -64.677552 -13.380903 -0.503107 0.997049 0.075783 0.003503 -0.011779
1630598346.565937 -62.609468 -13.070450 -0.503229 0.996110 0.087365 -0.000382 -0.011476
1630598346.816571 -60.532300 -12.714055 -0.515393 0.994986 0.099242 -0.002000 -0.012209
1630598347.067192 -58.460008 -12.301468 -0.530538 0.993921 0.109511 -0.000284 -0.011332
1630598347.317203 -56.387292 -11.842446 -0.537497 0.993194 0.116257 0.000095 -0.007127
1630598347.567825 -54.308638 -11.388881 -0.542478 0.992688 0.120215 0.000276 -0.010869
1630598347.817840 -52.238352 -10.920428 -0.547917 0.992319 0.123105 0.000106 -0.012205
1630598348.067204 -50.168541 -10.452175 -0.552927 0.992206 0.123657 -0.002097 -0.015211
1630598348.316602 -48.119009 -9.975257 -0.563318 0.992060 0.124714 0.000004 -0.016231
1630598348.565963 -46.095879 -9.499915 -0.559389 0.991988 0.124979 0.006610 -0.017227
1630598348.815347 -44.056155 -9.039421 -0.534177 0.991950 0.124797 0.003909 -0.021090
1630598349.065373 -42.051404 -8.576161 -0.510352 0.991890 0.124914 0.004957 -0.022924
1630598349.315348 -40.076044 -8.105016 -0.490191 0.992077 0.123814 0.007433 -0.019973
1630598349.565350 -38.085493 -7.642424 -0.459036 0.992222 0.123060 -0.001333 -0.018694
1630598349.815359 -36.173070 -7.191379 -0.455568 0.992375 0.121816 0.008196 -0.016875
1630598350.065982 -34.243737 -6.738223 -0.425985 0.992463 0.121509 0.008154 -0.013637
1630598350.315998 -32.326347 -6.279763 -0.393410 0.992387 0.122752 0.003953 -0.009222
1630598350.565996 -30.465403 -5.819040 -0.377865 0.992109 0.124896 0.010062 -0.004438
1630598350.816618 -28.613331 -5.360525 -0.342548 0.991894 0.126439 0.012629 -0.000871
1630598351.066618 -26.782144 -4.926642 -0.301075 0.991605 0.128735 0.011562 -0.003718
1630598351.317250 -24.998287 -4.503817 -0.261013 0.991312 0.130417 0.014747 -0.008637
1630598351.567874 -23.250149 -4.091973 -0.212324 0.991111 0.131572 0.013616 -0.014257
1630598351.817880 -21.569347 -3.688320 -0.162681 0.990835 0.133145 0.013322 -0.018446
1630598352.067884 -19.949983 -3.293162 -0.118250 0.990707 0.133840 0.010657 -0.021730
1630598352.317893 -18.412163 -2.919886 -0.076868 0.990731 0.132955 0.011729 -0.025250
1630598352.567897 -16.945150 -2.581739 -0.035352 0.991082 0.128974 0.013614 -0.030606
1630598352.817272 -15.551347 -2.260905 0.009724 0.991433 0.125670 0.014326 -0.032592
1630598353.066021 -14.218754 -1.927362 0.051781 0.991974 0.123555 0.008500 -0.025475
1630598353.315402 -12.978564 -1.628128 0.090451 0.992314 0.121686 0.006804 -0.021442
1630598353.565402 -11.853193 -1.338562 0.112361 0.992563 0.120150 0.013908 -0.013761
1630598353.815409 -10.780695 -1.084359 0.144788 0.992458 0.121109 0.014935 -0.011701
1630598354.066034 -9.770462 -0.824565 0.168486 0.992445 0.121938 0.012635 -0.004955
1630598354.316039 -8.835555 -0.606949 0.213068 0.992541 0.121306 0.011172 -0.004710
1630598354.566664 -7.984603 -0.437676 0.226293 0.992464 0.121109 0.015321 -0.010618
1630598354.816675 -7.204281 -0.237106 0.245231 0.992581 0.120205 0.017109 -0.006453
1630598355.066674 -6.478467 -0.090541 0.272761 0.992558 0.120615 0.013240 -0.010302
1630598355.317300 -5.857167 0.057559 0.289565 0.992372 0.122372 0.011763 -0.009198
1630598355.567303 -5.350778 0.173800 0.307357 0.992205 0.123830 0.010148 -0.009597
1630598355.817935 -4.972863 0.269783 0.316858 0.992168 0.124213 0.009812 -0.008755
1630598356.067931 -4.699605 0.337169 0.321872 0.991950 0.125831 0.011351 -0.008500
1630598356.318574 -4.500841 0.382076 0.328468 0.991917 0.126038 0.011256 -0.009364
1630598356.567940 -4.378759 0.402489 0.331990 0.991880 0.126068 0.012028 -0.011643
1630598356.817323 -4.316158 0.421955 0.333848 0.991852 0.126331 0.012181 -0.011032
1630598357.066071 -4.306961 0.425230 0.334227 0.991855 0.126294 0.012298 -0.011045
1630598357.315454 -4.307893 0.425119 0.334206 0.991843 0.126295 0.013256 -0.011042
1630598357.565452 -4.307971 0.425087 0.334203 0.991843 0.126284 0.013342 -0.011061
1630598357.815457 -4.307889 0.425148 0.334205 0.991844 0.126286 0.013247 -0.011012
1630598358.066085 -4.307842 0.425152 0.334205 0.991847 0.126273 0.013200 -0.011013
1630598358.316099 -4.307823 0.425157 0.334206 0.991846 0.126278 0.013181 -0.011011
1630598358.566713 -4.307840 0.425119 0.334204 0.991842 0.126303 0.013203 -0.011044
1630598358.816725 -4.307830 0.425131 0.334205 0.991843 0.126298 0.013192 -0.011034
1630598359.066723 -4.308029 0.425070 0.334200 0.991839 0.126306 0.013397 -0.011069
1630598359.317360 -4.308602 0.424888 0.334178 0.991830 0.126305 0.013996 -0.011177
1630598359.567349 -4.308296 0.424978 0.334189 0.991833 0.126319 0.013680 -0.011127
1630598359.817982 -4.308270 0.424964 0.334189 0.991830 0.126344 0.013655 -0.011142
1630598360.067984 -4.308284 0.424943 0.334188 0.991830 0.126337 0.013670 -0.011163
1630598360.317996 -4.308332 0.424973 0.334187 0.991833 0.126315 0.013716 -0.011126
1630598360.567994 -4.308311 0.424970 0.334188 0.991834 0.126309 0.013695 -0.011131
1630598360.817373 -4.308313 0.425015 0.334189 0.991837 0.126289 0.013690 -0.011087
1630598361.066745 -4.308334 0.424991 0.334189 0.991835 0.126302 0.013715 -0.011110
1630598361.316752 -4.308311 0.424995 0.334190 0.991835 0.126302 0.013690 -0.011109
1630598361.566753 -4.308323 0.424999 0.334189 0.991836 0.126297 0.013703 -0.011103
1630598361.816763 -4.308322 0.424967 0.334189 0.991833 0.126318 0.013706 -0.011135
1630598362.067385 -4.308318 0.424990 0.334189 0.991834 0.126308 0.013699 -0.011111
1630598362.317390 -4.308320 0.424984 0.334188 0.991834 0.126306 0.013703 -0.011117
1630598362.567400 -4.308333 0.424990 0.334188 0.991834 0.126308 0.013715 -0.011109
1630598362.818024 -4.308324 0.424979 0.334188 0.991834 0.126304 0.013707 -0.011122
1630598363.068028 -4.308312 0.424989 0.334188 0.991833 0.126317 0.013694 -0.011113
1630598363.318027 -4.308327 0.424991 0.334188 0.991834 0.126312 0.013708 -0.011109
1630598363.567402 -4.308338 0.425000 0.334188 0.991834 0.126312 0.013719 -0.011098
1630598363.817145 -4.308336 0.424997 0.334188 0.991832 0.126324 0.013716 -0.011103
1630598364.066162 -4.308328 0.425003 0.334191 0.991830 0.126339 0.013707 -0.011100
1630598364.316177 -4.308327 0.425028 0.334191 0.991832 0.126329 0.013703 -0.011075
